model,language,documents,log_bin,period_center,fourier_bins,mean_relative_density,se_relative_density
llama31,en,48313,0,2.079738366502104,157,0.9990954839013149,0.000344344546943291
llama31,en,48313,1,2.251755740869529,144,0.9989063462816247,0.00034469743222243854
llama31,en,48313,2,2.4380159059456386,134,1.0003920876576606,0.00033771553425077273
llama31,en,48313,3,2.6398663190468756,123,1.0021662896195846,0.00032760038770684107
llama31,en,48313,4,2.858095516768718,114,1.0027956477792428,0.0003413309334108078
llama31,en,48313,5,3.0944667104130863,105,1.0031984219837726,0.0004629143444111914
llama31,en,48313,6,3.3500197264183567,97,0.9986110158272603,0.0003458296697234074
llama31,en,48313,7,3.627343166455213,90,0.9951972153877316,0.00034734015315934097
llama31,en,48313,8,3.92626195301624,82,0.9897428906498625,0.00036342431581253893
llama31,en,48313,9,4.250092689272306,77,0.9861355093385936,0.0003560189201445639
llama31,en,48313,10,4.603468074230814,71,0.9833112764725851,0.00037486599585581805
llama31,en,48313,11,4.984267095470073,65,0.9825401216656716,0.0006675167692393452
llama31,en,48313,12,5.394424560964031,60,0.983770791005129,0.00045508813705671654
llama31,en,48313,13,5.840467452356643,56,0.9810275716308879,0.00041887877087285635
llama31,en,48313,14,6.322619408629094,51,0.9783686316298967,0.00043464213890534264
llama31,en,48313,15,6.845610607228076,48,0.9804865836781381,0.0005182222694464255
llama31,en,48313,16,7.415533941273617,44,0.9883043525911228,0.0006041902549089024
llama31,en,48313,17,8.025558781654992,40,1.0009669737590152,0.0005096710571343229
llama31,en,48313,18,8.68951954267665,38,1.0033517015789561,0.0006423657725717908
llama31,en,48313,19,9.407669204741923,34,0.9923137297850055,0.0007214557158632685
llama31,en,48313,20,10.179076618235907,32,0.9818810199329981,0.0006302599752652671
llama31,en,48313,21,11.028566357572464,30,0.9757395676779913,0.0006628445758500734
llama31,en,48313,22,11.94477170193431,27,0.9713842560494389,0.0007125105724957223
llama31,en,48313,23,12.924480781696696,25,0.9691297169308168,0.0007843407362548234
llama31,en,48313,24,13.983106740258739,23,0.9794014198502548,0.0009104121002561042
llama31,en,48313,25,15.146496450348943,22,1.0142429223555065,0.0011716301425267893
llama31,en,48313,26,16.421220753444423,20,1.046662185420056,0.0008268940558237834
llama31,en,48313,27,17.774568996970093,18,1.017669678742954,0.0009485992066534189
llama31,en,48313,28,19.235136338697405,17,0.971121831255501,0.000772982524681002
llama31,en,48313,29,20.796881250446052,15,0.945087976578057,0.0008526103096082248
llama31,en,48313,30,22.511839961743885,15,0.9318290948967355,0.0008174756145486725
llama31,en,48313,31,24.38700267466527,13,0.9245297339440615,0.0008620437097163361
llama31,en,48313,32,26.43351109040132,13,0.9236718047084301,0.0013502414743316801
llama31,en,48313,33,28.650364158817133,11,0.9207093709119203,0.0015719301370315671
llama31,en,48313,34,30.920474771901404,10,0.9168089696502159,0.0010372894162614054
llama31,en,48313,35,33.44593172081344,10,0.9176563816131074,0.001031789393647588
llama31,en,48313,36,36.25725566717276,9,0.921668066276585,0.0011579995514620289
llama31,en,48313,37,39.205599316416965,8,0.924249687740604,0.0010837856723091455
llama31,en,48313,38,42.45756834172835,8,0.9278131509348722,0.0011097702063863348
llama31,en,48313,39,46.03409888580932,7,0.9324911585356271,0.0012086266958655932
llama31,en,48313,40,49.96608705487118,7,0.9417245440544524,0.0012426763695849504
llama31,en,48313,41,54.265543124911304,6,0.9483294093819605,0.0013517667966675407
llama31,en,48313,42,58.526232769908994,5,0.9567821539771548,0.0014562865727569783
llama31,en,48313,43,63.03030727083153,5,0.9632477500202629,0.0014585786475086655
llama31,en,48313,44,68.28564122718676,5,0.9721851616937515,0.001491073042413518
llama31,en,48313,45,73.81678310713458,4,0.9821526725636761,0.0016447823504516
llama31,en,48313,46,80.34462965429582,5,0.996714455973753,0.0015663408408066414
llama31,en,48313,47,87.1620907268156,3,1.0059065855120242,0.001875088859468309
llama31,en,48313,48,94.19204238801649,4,1.0240854830826776,0.001774257238125992
llama31,en,48313,49,102.42134222654549,3,1.0389945703852654,0.0020167941673424365
llama31,en,48313,50,110.72967047543887,3,1.058632341928543,0.0020651983870599785
llama31,en,48313,51,120.50534605263967,3,1.0732043069771227,0.0021663016527238856
llama31,en,48313,52,130.04813004819508,2,1.091679939561644,0.002556729091670605
llama31,en,48313,53,138.86740554154198,2,1.1078139085548122,0.0026244730856005154
llama31,en,48313,54,151.77313332607557,3,1.1331484865095685,0.002428173119095306
llama31,en,48313,55,167.21849977399827,2,1.1594171333759626,0.002819948654032594
llama31,en,48313,56,178.0869565217391,1,1.1842113644808359,0.0037989821978444216
llama31,en,48313,57,190.5631662896068,2,1.1974488285825962,0.0030165716988187993
llama31,en,48313,58,210.12036650703962,2,1.2295009872747773,0.0031440146454789074
llama31,en,48313,59,227.5555555555556,1,1.2555675516416112,0.0041402238674438825
llama31,en,48313,60,240.9411764705883,1,1.2824703897963818,0.004294212644873104
llama31,en,48313,61,264.39566310109325,2,1.327211864003902,0.003819102054411703
llama31,en,48313,62,292.57142857142867,1,1.3736210691074193,0.004986521433089165
llama31,en,48313,63,315.076923076923,1,1.401178135067091,0.005358615906146816
llama31,en,48313,64,341.33333333333337,1,1.4499508651257773,0.005427202737046951
llama31,en,48313,65,372.3636363636366,1,1.4848396778830473,0.00565325202909479
llama31,en,48313,66,409.6000000000002,1,1.5588549825159064,0.006369593386676842
llama31,en,48313,67,455.1111111111112,1,1.6241931577266107,0.006824131330370013
llama31,en,48313,68,512.0,1,1.7020095842895981,0.007223243060297831
llama31,en,48313,69,585.1428571428573,1,1.8123853787928403,0.008165681477692144
llama31,en,48313,70,682.6666666666667,1,1.9401758185279605,0.009262996119908756
llama31,en,48313,71,819.2000000000004,1,2.124449729426849,0.010692663896775026
llama31,en,48313,72,1024.0,1,2.37757633566618,0.012007124403327806
llama31,en,48313,73,1365.3333333333335,1,2.817278432318633,0.016382798686734232
llama31,en,48313,74,2048.0,1,3.591407954957057,0.02417516541467218
llama31,en,48313,75,4096.0,1,5.8799835770184075,0.051293155235640944
llama31,fr,3195,0,2.079738366502104,157,0.979558343653828,0.0010752453073348768
llama31,fr,3195,1,2.251755740869529,144,0.9859244847885494,0.0010971614072783256
llama31,fr,3195,2,2.4380159059456386,134,0.9985626625643591,0.0011303991924231102
llama31,fr,3195,3,2.6398663190468756,123,1.0148528387774327,0.0011483215056776513
llama31,fr,3195,4,2.858095516768718,114,1.0378246962935076,0.0012205187839673319
llama31,fr,3195,5,3.0944667104130863,105,1.0609922775042264,0.0013189800938481944
llama31,fr,3195,6,3.3500197264183567,97,1.0851485661338676,0.0013809373522270382
llama31,fr,3195,7,3.627343166455213,90,1.1011106723406634,0.0014923024910906716
llama31,fr,3195,8,3.92626195301624,82,1.1037336745344613,0.0015356681477379133
llama31,fr,3195,9,4.250092689272306,77,1.0944877416452596,0.0015280467087920352
llama31,fr,3195,10,4.603468074230814,71,1.068572586952595,0.0014409290056514971
llama31,fr,3195,11,4.984267095470073,65,1.0421174940370659,0.0014847031178002225
llama31,fr,3195,12,5.394424560964031,60,1.006865409289229,0.0014370419844468448
llama31,fr,3195,13,5.840467452356643,56,0.9782030506329198,0.0014285132142595942
llama31,fr,3195,14,6.322619408629094,51,0.9522545814943594,0.0014903267647857624
llama31,fr,3195,15,6.845610607228076,48,0.9348896527460896,0.0015244546143441937
llama31,fr,3195,16,7.415533941273617,44,0.9279569965125121,0.0016061656228536498
llama31,fr,3195,17,8.025558781654992,40,0.9160742079201961,0.0016828522549557259
llama31,fr,3195,18,8.68951954267665,38,0.9104378918787583,0.00174033456603363
llama31,fr,3195,19,9.407669204741923,34,0.9048788484532725,0.0018747650807338279
llama31,fr,3195,20,10.179076618235907,32,0.9094152313567112,0.002218615060572201
llama31,fr,3195,21,11.028566357572464,30,0.9130486996705187,0.0025204973265491168
llama31,fr,3195,22,11.94477170193431,27,0.9018702840741429,0.0023130136597032977
llama31,fr,3195,23,12.924480781696696,25,0.8906071131887479,0.002294126979216526
llama31,fr,3195,24,13.983106740258739,23,0.8942745286412236,0.002403537900397027
llama31,fr,3195,25,15.146496450348943,22,0.8941377860754182,0.002590509706871417
llama31,fr,3195,26,16.421220753444423,20,0.89067045303711,0.002717038721760129
llama31,fr,3195,27,17.774568996970093,18,0.89119808160379,0.002720751346395145
llama31,fr,3195,28,19.235136338697405,17,0.9040704725350904,0.00291191530670312
llama31,fr,3195,29,20.796881250446052,15,0.9240864789080444,0.0031009389170408262
llama31,fr,3195,30,22.511839961743885,15,0.9201743669793487,0.0030452939514733733
llama31,fr,3195,31,24.38700267466527,13,0.8949213485778607,0.0031775531781220562
llama31,fr,3195,32,26.43351109040132,13,0.8859108611203563,0.0033593327755436393
llama31,fr,3195,33,28.650364158817133,11,0.884348496234418,0.0036643223737969047
llama31,fr,3195,34,30.920474771901404,10,0.8863826287912333,0.004174173497777427
llama31,fr,3195,35,33.44593172081344,10,0.8812793540388232,0.003947788247843482
llama31,fr,3195,36,36.25725566717276,9,0.8876658322662089,0.004176094188650209
llama31,fr,3195,37,39.205599316416965,8,0.8889059238876844,0.004286049528782638
llama31,fr,3195,38,42.45756834172835,8,0.8886184362378566,0.004382595112165864
llama31,fr,3195,39,46.03409888580932,7,0.8839545901234943,0.004762944032322038
llama31,fr,3195,40,49.96608705487118,7,0.8904972460548549,0.004279536326709186
llama31,fr,3195,41,54.265543124911304,6,0.8997091564458151,0.004582391995347175
llama31,fr,3195,42,58.526232769908994,5,0.8958863322460955,0.004987084952730755
llama31,fr,3195,43,63.03030727083153,5,0.9059611670013626,0.005094024028040978
llama31,fr,3195,44,68.28564122718676,5,0.9122727975774847,0.005027570385510794
llama31,fr,3195,45,73.81678310713458,4,0.9262691957721032,0.005836147407567538
llama31,fr,3195,46,80.34462965429582,5,0.9409834247599136,0.0054246246920893314
llama31,fr,3195,47,87.1620907268156,3,0.9461513660779023,0.00703146967055991
llama31,fr,3195,48,94.19204238801649,4,0.9424486094374884,0.0060821502522745655
llama31,fr,3195,49,102.42134222654549,3,0.9703155693625638,0.00703699847286856
llama31,fr,3195,50,110.72967047543887,3,0.9701091185809021,0.006776100548320592
llama31,fr,3195,51,120.50534605263967,3,0.9868241881297305,0.008149614331118639
llama31,fr,3195,52,130.04813004819508,2,0.9925290113707695,0.008941576523978003
llama31,fr,3195,53,138.86740554154198,2,1.0073679224052925,0.00875532260065556
llama31,fr,3195,54,151.77313332607557,3,1.0158570951223092,0.012532227808837905
llama31,fr,3195,55,167.21849977399827,2,1.0352212109857633,0.009882567252445011
llama31,fr,3195,56,178.0869565217391,1,1.0288614911890321,0.011525202927585283
llama31,fr,3195,57,190.5631662896068,2,1.0677671016243653,0.010603740919191343
llama31,fr,3195,58,210.12036650703962,2,1.083064584731671,0.010261750062442185
llama31,fr,3195,59,227.5555555555556,1,1.0806892665848356,0.01244962435856438
llama31,fr,3195,60,240.9411764705883,1,1.1115497799420446,0.013637936365359342
llama31,fr,3195,61,264.39566310109325,2,1.1289921516097408,0.010829804500757746
llama31,fr,3195,62,292.57142857142867,1,1.16443815505439,0.014157261346373658
llama31,fr,3195,63,315.076923076923,1,1.1968211393380255,0.014785978440480121
llama31,fr,3195,64,341.33333333333337,1,1.1955411832724891,0.015446428087112938
llama31,fr,3195,65,372.3636363636366,1,1.2455317456924984,0.015564489402577205
llama31,fr,3195,66,409.6000000000002,1,1.247585009368596,0.015860567052072963
llama31,fr,3195,67,455.1111111111112,1,1.3043782010242295,0.017855647051970392
llama31,fr,3195,68,512.0,1,1.3272265466281434,0.01775121096382256
llama31,fr,3195,69,585.1428571428573,1,1.424717737989627,0.02004005956675867
llama31,fr,3195,70,682.6666666666667,1,1.51536376399854,0.03322040442373957
llama31,fr,3195,71,819.2000000000004,1,1.5769229018600393,0.035913261491681864
llama31,fr,3195,72,1024.0,1,1.7005725564863956,0.03128200245105277
llama31,fr,3195,73,1365.3333333333335,1,1.9127317697768755,0.0419266022782842
llama31,fr,3195,74,2048.0,1,2.310507031520993,0.04131143702200533
llama31,fr,3195,75,4096.0,1,3.4605389962428865,0.08407871042959052
llama31,de,1777,0,2.079738366502104,157,0.9136505027490394,0.0013224064678730803
llama31,de,1777,1,2.251755740869529,144,0.9183900418848059,0.0013623379206527772
llama31,de,1777,2,2.4380159059456386,134,0.924798964565402,0.0013604575933371219
llama31,de,1777,3,2.6398663190468756,123,0.9361890841744142,0.0014500007954491205
llama31,de,1777,4,2.858095516768718,114,0.9546417104166726,0.0015014527203122835
llama31,de,1777,5,3.0944667104130863,105,0.9792708235508958,0.0015638914288888918
llama31,de,1777,6,3.3500197264183567,97,1.0050494954758984,0.0016893283591681606
llama31,de,1777,7,3.627343166455213,90,1.0276339086630248,0.0018144914895726145
llama31,de,1777,8,3.92626195301624,82,1.0500440773617896,0.001943815841321815
llama31,de,1777,9,4.250092689272306,77,1.0644128623755194,0.0019698502644453844
llama31,de,1777,10,4.603468074230814,71,1.0718117050680542,0.0019883143271672873
llama31,de,1777,11,4.984267095470073,65,1.0696875856013637,0.0020828824036869566
llama31,de,1777,12,5.394424560964031,60,1.0686710604544858,0.0020307819935389466
llama31,de,1777,13,5.840467452356643,56,1.0613385359769898,0.0020607898467765243
llama31,de,1777,14,6.322619408629094,51,1.056111612520884,0.002165437999459537
llama31,de,1777,15,6.845610607228076,48,1.050737387205289,0.0022641235001641252
llama31,de,1777,16,7.415533941273617,44,1.0493102868490183,0.0023575131460699572
llama31,de,1777,17,8.025558781654992,40,1.0502710654415484,0.0025394003858156306
llama31,de,1777,18,8.68951954267665,38,1.0557469239440769,0.002572678682511604
llama31,de,1777,19,9.407669204741923,34,1.053749172861503,0.0029033905096608743
llama31,de,1777,20,10.179076618235907,32,1.0694035184712356,0.0031780326792606455
llama31,de,1777,21,11.028566357572464,30,1.0802754911468622,0.003306111025337712
llama31,de,1777,22,11.94477170193431,27,1.0690572937151146,0.0037151668167077923
llama31,de,1777,23,12.924480781696696,25,1.054399665553017,0.0036232517154627416
llama31,de,1777,24,13.983106740258739,23,1.039158345289326,0.003910182026893104
llama31,de,1777,25,15.146496450348943,22,1.0207990536124298,0.003749553849258424
llama31,de,1777,26,16.421220753444423,20,1.0102771501393957,0.0037437070462361
llama31,de,1777,27,17.774568996970093,18,0.9966541624057199,0.0038816578363390706
llama31,de,1777,28,19.235136338697405,17,0.9994718627502505,0.0040576667367892396
llama31,de,1777,29,20.796881250446052,15,1.0303427949195345,0.0044366070823626605
llama31,de,1777,30,22.511839961743885,15,1.0055207425484238,0.004324306688192931
llama31,de,1777,31,24.38700267466527,13,0.9590427339788058,0.0044090945386890635
llama31,de,1777,32,26.43351109040132,13,0.9293673834673781,0.004351593074772691
llama31,de,1777,33,28.650364158817133,11,0.9256481124297057,0.004660936367642864
llama31,de,1777,34,30.920474771901404,10,0.9065552066329128,0.004877710150778706
llama31,de,1777,35,33.44593172081344,10,0.9001209266325644,0.004875956925571141
llama31,de,1777,36,36.25725566717276,9,0.8996966995755283,0.0050552796456819205
llama31,de,1777,37,39.205599316416965,8,0.8976837156576152,0.005194944198996983
llama31,de,1777,38,42.45756834172835,8,0.8907930050773257,0.005284619136517488
llama31,de,1777,39,46.03409888580932,7,0.8925585803705086,0.005630934238448225
llama31,de,1777,40,49.96608705487118,7,0.8899535346997375,0.005663949869759389
llama31,de,1777,41,54.265543124911304,6,0.8981043736854146,0.00645012251022065
llama31,de,1777,42,58.526232769908994,5,0.8888765429828382,0.00643618179683293
llama31,de,1777,43,63.03030727083153,5,0.8986236055160811,0.006733787148613126
llama31,de,1777,44,68.28564122718676,5,0.9040879189580968,0.006871126807871946
llama31,de,1777,45,73.81678310713458,4,0.9197353831715104,0.008138039989108978
llama31,de,1777,46,80.34462965429582,5,0.9270114273910306,0.007523677077841308
llama31,de,1777,47,87.1620907268156,3,0.9536241161297988,0.01004999908432418
llama31,de,1777,48,94.19204238801649,4,0.9534156720477026,0.008708899427627075
llama31,de,1777,49,102.42134222654549,3,0.9628700366189112,0.009339484851726315
llama31,de,1777,50,110.72967047543887,3,0.9616190878056134,0.010007470234398746
llama31,de,1777,51,120.50534605263967,3,0.9703730789071627,0.009279794688886829
llama31,de,1777,52,130.04813004819508,2,0.9939749312506218,0.011685644206001213
llama31,de,1777,53,138.86740554154198,2,1.0087100044349022,0.012602481209081145
llama31,de,1777,54,151.77313332607557,3,0.9946668880244943,0.010575678748064813
llama31,de,1777,55,167.21849977399827,2,1.0256907084928055,0.012353401379947082
llama31,de,1777,56,178.0869565217391,1,1.0321769535331289,0.016878421127397108
llama31,de,1777,57,190.5631662896068,2,1.0567292627274125,0.012512995175792808
llama31,de,1777,58,210.12036650703962,2,1.0710686012067194,0.012967251662084128
llama31,de,1777,59,227.5555555555556,1,1.0934500693541456,0.016706468845906035
llama31,de,1777,60,240.9411764705883,1,1.1018037733610195,0.018215731049180638
llama31,de,1777,61,264.39566310109325,2,1.1350990899788471,0.01538685491873806
llama31,de,1777,62,292.57142857142867,1,1.1618988500923002,0.019557528676627172
llama31,de,1777,63,315.076923076923,1,1.1962728275523522,0.020317720704517594
llama31,de,1777,64,341.33333333333337,1,1.24126137007865,0.021560059979772932
llama31,de,1777,65,372.3636363636366,1,1.261043369972327,0.02409463432339816
llama31,de,1777,66,409.6000000000002,1,1.2237018677413616,0.02151204646515082
llama31,de,1777,67,455.1111111111112,1,1.2771191901895877,0.023550067782554477
llama31,de,1777,68,512.0,1,1.3276370948895844,0.024270884957794815
llama31,de,1777,69,585.1428571428573,1,1.4039472802933026,0.025672691160798167
llama31,de,1777,70,682.6666666666667,1,1.50841788198591,0.034154843324614284
llama31,de,1777,71,819.2000000000004,1,1.5909536423564878,0.04300792889109985
llama31,de,1777,72,1024.0,1,1.7618775058027991,0.046935967329373364
llama31,de,1777,73,1365.3333333333335,1,1.9628174535470817,0.0589748830038608
llama31,de,1777,74,2048.0,1,2.475821539504125,0.0752897946876814
llama31,de,1777,75,4096.0,1,3.66100050703796,0.13097675338304074
llama31,it,875,0,2.079738366502104,157,1.0014996560448657,0.002188081420169653
llama31,it,875,1,2.251755740869529,144,1.0088206279434977,0.0022311540035428587
llama31,it,875,2,2.4380159059456386,134,1.0246328643559142,0.0022558775606143014
llama31,it,875,3,2.6398663190468756,123,1.040621867774259,0.002352800874209429
llama31,it,875,4,2.858095516768718,114,1.076385551844732,0.002729840438993389
llama31,it,875,5,3.0944667104130863,105,1.0992029467254465,0.002896739340170901
llama31,it,875,6,3.3500197264183567,97,1.1188723593176144,0.0030803649188357106
llama31,it,875,7,3.627343166455213,90,1.128605983569926,0.003281599431990809
llama31,it,875,8,3.92626195301624,82,1.1161619994249197,0.003134113978567677
llama31,it,875,9,4.250092689272306,77,1.0950178873566254,0.0030143661980602966
llama31,it,875,10,4.603468074230814,71,1.0555673339448761,0.002731651920026225
llama31,it,875,11,4.984267095470073,65,1.0069891983021455,0.002710328459788896
llama31,it,875,12,5.394424560964031,60,0.9764904038392557,0.002599208020788955
llama31,it,875,13,5.840467452356643,56,0.9465516152172504,0.0028196108063519103
llama31,it,875,14,6.322619408629094,51,0.9208448400114548,0.003107233701652966
llama31,it,875,15,6.845610607228076,48,0.9117816030461647,0.0034522546533460184
llama31,it,875,16,7.415533941273617,44,0.9013119626904381,0.003615010715482833
llama31,it,875,17,8.025558781654992,40,0.8831216914111167,0.0035887147160309227
llama31,it,875,18,8.68951954267665,38,0.8812660613985138,0.0035523309406820937
llama31,it,875,19,9.407669204741923,34,0.8729097979232334,0.0037609313246418814
llama31,it,875,20,10.179076618235907,32,0.8831822587869771,0.003859637687976639
llama31,it,875,21,11.028566357572464,30,0.8885348536480541,0.004226757308253168
llama31,it,875,22,11.94477170193431,27,0.8987072241073125,0.004713902316225148
llama31,it,875,23,12.924480781696696,25,0.9033991444346149,0.006609114075360891
llama31,it,875,24,13.983106740258739,23,0.8917130956827659,0.007717121836988428
llama31,it,875,25,15.146496450348943,22,0.8776896687274307,0.006101172191653759
llama31,it,875,26,16.421220753444423,20,0.8606295022021699,0.005776528783733398
llama31,it,875,27,17.774568996970093,18,0.8538519425134695,0.005731634688325494
llama31,it,875,28,19.235136338697405,17,0.8469694499027092,0.005655548446289796
llama31,it,875,29,20.796881250446052,15,0.873726533827689,0.005946545884443951
llama31,it,875,30,22.511839961743885,15,0.9001761927259014,0.005960224111982751
llama31,it,875,31,24.38700267466527,13,0.8661206592135022,0.006177920390237485
llama31,it,875,32,26.43351109040132,13,0.8468499767833332,0.005762709886889195
llama31,it,875,33,28.650364158817133,11,0.8377489295938727,0.006570765677025886
llama31,it,875,34,30.920474771901404,10,0.8330281140797158,0.006340360165680598
llama31,it,875,35,33.44593172081344,10,0.825399106517838,0.006249675548174784
llama31,it,875,36,36.25725566717276,9,0.8274923437552189,0.00664251883576982
llama31,it,875,37,39.205599316416965,8,0.8185366208321783,0.006796544386221126
llama31,it,875,38,42.45756834172835,8,0.8269814939351002,0.006803257678249278
llama31,it,875,39,46.03409888580932,7,0.8183510207216,0.007042218010477355
llama31,it,875,40,49.96608705487118,7,0.8377707079594522,0.0073512861947911835
llama31,it,875,41,54.265543124911304,6,0.8591354280310345,0.008476404381584039
llama31,it,875,42,58.526232769908994,5,0.8480763820119153,0.008442651085543543
llama31,it,875,43,63.03030727083153,5,0.8507724609972092,0.008520852116019323
llama31,it,875,44,68.28564122718676,5,0.851698427281648,0.008910475711320726
llama31,it,875,45,73.81678310713458,4,0.8717361376308571,0.009930199231687337
llama31,it,875,46,80.34462965429582,5,0.878227353056031,0.009718401440655992
llama31,it,875,47,87.1620907268156,3,0.8968855467282915,0.012051519175938196
llama31,it,875,48,94.19204238801649,4,0.88618150329265,0.010170779566597685
llama31,it,875,49,102.42134222654549,3,0.9031378374736535,0.011909440216079295
llama31,it,875,50,110.72967047543887,3,0.9284998491297701,0.012559212984649027
llama31,it,875,51,120.50534605263967,3,0.9335919097803392,0.01247339688874777
llama31,it,875,52,130.04813004819508,2,0.9554095971552493,0.015251948064062387
llama31,it,875,53,138.86740554154198,2,0.9364104931020417,0.016463101349275838
llama31,it,875,54,151.77313332607557,3,0.9587761238088967,0.016068655448818244
llama31,it,875,55,167.21849977399827,2,0.9725905040405386,0.01618259993610261
llama31,it,875,56,178.0869565217391,1,0.9900757026611741,0.020905931577884368
llama31,it,875,57,190.5631662896068,2,1.0358186641594478,0.017707174671570108
llama31,it,875,58,210.12036650703962,2,1.0464969655525664,0.018507963654249563
llama31,it,875,59,227.5555555555556,1,1.0567440949453863,0.0228743465514475
llama31,it,875,60,240.9411764705883,1,1.109672279300453,0.024970800209886904
llama31,it,875,61,264.39566310109325,2,1.1187122394520983,0.024704514106218545
llama31,it,875,62,292.57142857142867,1,1.0946339858198717,0.026238300480747004
llama31,it,875,63,315.076923076923,1,1.1416826814456877,0.031989711365127155
llama31,it,875,64,341.33333333333337,1,1.1984289150781622,0.03170742642690497
llama31,it,875,65,372.3636363636366,1,1.160587277402964,0.027195210896030754
llama31,it,875,66,409.6000000000002,1,1.231953754268671,0.03544913780549826
llama31,it,875,67,455.1111111111112,1,1.2496930634565158,0.03086832233373425
llama31,it,875,68,512.0,1,1.32154128069363,0.04030591076560865
llama31,it,875,69,585.1428571428573,1,1.3310498257920695,0.03713994779889121
llama31,it,875,70,682.6666666666667,1,1.3576258637865517,0.03844641228584309
llama31,it,875,71,819.2000000000004,1,1.4911565839836856,0.04251228426605245
llama31,it,875,72,1024.0,1,1.5879177296108857,0.045199329080646396
llama31,it,875,73,1365.3333333333335,1,1.7855970693702368,0.05204633601108382
llama31,it,875,74,2048.0,1,2.1370801269027973,0.09075104879067629
llama31,it,875,75,4096.0,1,3.2344984558651313,0.15177654493667422
llama31,es,726,0,2.079738366502104,157,0.9674951978238043,0.002460481771670812
llama31,es,726,1,2.251755740869529,144,0.9766627111055297,0.0024911126842173926
llama31,es,726,2,2.4380159059456386,134,0.9958785528958141,0.0026710289533143122
llama31,es,726,3,2.6398663190468756,123,1.0247418401246915,0.002857753153713147
llama31,es,726,4,2.858095516768718,114,1.0504165344601955,0.0029810032181602263
llama31,es,726,5,3.0944667104130863,105,1.0823572829166241,0.003309610980216388
llama31,es,726,6,3.3500197264183567,97,1.1181511518506455,0.00373410748228063
llama31,es,726,7,3.627343166455213,90,1.1348743328625046,0.003767960843677717
llama31,es,726,8,3.92626195301624,82,1.1388794174650048,0.003817312287029543
llama31,es,726,9,4.250092689272306,77,1.1134967676128849,0.003487477970325076
llama31,es,726,10,4.603468074230814,71,1.0734091187574037,0.003155208470006486
llama31,es,726,11,4.984267095470073,65,1.034412065656921,0.0029842314108621763
llama31,es,726,12,5.394424560964031,60,0.9916470035793263,0.0029706560791781782
llama31,es,726,13,5.840467452356643,56,0.9574860207816952,0.003102023450284725
llama31,es,726,14,6.322619408629094,51,0.9396766566381515,0.00316737516344536
llama31,es,726,15,6.845610607228076,48,0.9162485712141643,0.003326879670562653
llama31,es,726,16,7.415533941273617,44,0.9102328765787229,0.003387347739759186
llama31,es,726,17,8.025558781654992,40,0.9084071033432639,0.00410699909883175
llama31,es,726,18,8.68951954267665,38,0.9101130816326437,0.005589235529582288
llama31,es,726,19,9.407669204741923,34,0.9165762939594141,0.00653074480013341
llama31,es,726,20,10.179076618235907,32,0.9153362895267929,0.005316924296175458
llama31,es,726,21,11.028566357572464,30,0.9082205606434111,0.005597196011916071
llama31,es,726,22,11.94477170193431,27,0.8926057556334566,0.00590984114619431
llama31,es,726,23,12.924480781696696,25,0.8926024078755401,0.006000635244466083
llama31,es,726,24,13.983106740258739,23,0.8747841291357741,0.006549397744878595
llama31,es,726,25,15.146496450348943,22,0.8630876011257127,0.006465856990663112
llama31,es,726,26,16.421220753444423,20,0.8583965562175787,0.006220708039978134
llama31,es,726,27,17.774568996970093,18,0.8568355938849816,0.006075159593759546
llama31,es,726,28,19.235136338697405,17,0.8772041722184469,0.006731866346728444
llama31,es,726,29,20.796881250446052,15,0.9120287143443565,0.006956382933221337
llama31,es,726,30,22.511839961743885,15,0.8997551592809199,0.007234829455598313
llama31,es,726,31,24.38700267466527,13,0.861582906739853,0.007183322462064399
llama31,es,726,32,26.43351109040132,13,0.8488626030923719,0.006925705699579924
llama31,es,726,33,28.650364158817133,11,0.846793362104224,0.007143091375464501
llama31,es,726,34,30.920474771901404,10,0.8469464866524571,0.007433344053766771
llama31,es,726,35,33.44593172081344,10,0.841871715457068,0.007777097848546175
llama31,es,726,36,36.25725566717276,9,0.849335433073509,0.007965957557322927
llama31,es,726,37,39.205599316416965,8,0.8538334381893028,0.008412448506405875
llama31,es,726,38,42.45756834172835,8,0.8584916258529709,0.008716853314333573
llama31,es,726,39,46.03409888580932,7,0.8429134222155653,0.008989889822824641
llama31,es,726,40,49.96608705487118,7,0.8671395751749579,0.009576835976589981
llama31,es,726,41,54.265543124911304,6,0.8700113787180367,0.010400735101152433
llama31,es,726,42,58.526232769908994,5,0.8769689437729778,0.01095274112189939
llama31,es,726,43,63.03030727083153,5,0.8799790747486697,0.011192591529241595
llama31,es,726,44,68.28564122718676,5,0.8935985620030401,0.011230882230268678
llama31,es,726,45,73.81678310713458,4,0.9070977954423715,0.013731795719025327
llama31,es,726,46,80.34462965429582,5,0.9169782531050049,0.011682360228551165
llama31,es,726,47,87.1620907268156,3,0.9071373286152004,0.013899778918559529
llama31,es,726,48,94.19204238801649,4,0.9286844381277141,0.015128123526738535
llama31,es,726,49,102.42134222654549,3,0.939598152802401,0.014406055599482888
llama31,es,726,50,110.72967047543887,3,0.9778198078638879,0.015704513519738922
llama31,es,726,51,120.50534605263967,3,0.9904763210810835,0.016521159103444087
llama31,es,726,52,130.04813004819508,2,1.0082907625396555,0.01910541146585939
llama31,es,726,53,138.86740554154198,2,0.9925424955600348,0.018119278357043266
llama31,es,726,54,151.77313332607557,3,1.027123311262635,0.01669993676189882
llama31,es,726,55,167.21849977399827,2,1.0289125566938333,0.019771271269026367
llama31,es,726,56,178.0869565217391,1,1.0555143540825858,0.02578188565116378
llama31,es,726,57,190.5631662896068,2,1.02590546588075,0.02195633210117909
llama31,es,726,58,210.12036650703962,2,1.0918965344313303,0.023893649852369095
llama31,es,726,59,227.5555555555556,1,1.0754970564164692,0.027434819182990847
llama31,es,726,60,240.9411764705883,1,1.13916313126335,0.028830977568784843
llama31,es,726,61,264.39566310109325,2,1.108805249941664,0.02373723267744409
llama31,es,726,62,292.57142857142867,1,1.1577441478104675,0.031258860266568655
llama31,es,726,63,315.076923076923,1,1.2560866773548478,0.03772607153304066
llama31,es,726,64,341.33333333333337,1,1.1859986972529677,0.03288561108418072
llama31,es,726,65,372.3636363636366,1,1.184316241689073,0.03440315829428508
llama31,es,726,66,409.6000000000002,1,1.3272474466360389,0.03592937943943132
llama31,es,726,67,455.1111111111112,1,1.3075592922220314,0.035197366729286444
llama31,es,726,68,512.0,1,1.344542682398549,0.04020577045860192
llama31,es,726,69,585.1428571428573,1,1.4074566223589777,0.041053378408441955
llama31,es,726,70,682.6666666666667,1,1.4547601206469405,0.05363213214052307
llama31,es,726,71,819.2000000000004,1,1.6074508883340348,0.048452055590516435
llama31,es,726,72,1024.0,1,1.815610846911266,0.08862825049797526
llama31,es,726,73,1365.3333333333335,1,1.9686328379907911,0.06446585215780727
llama31,es,726,74,2048.0,1,2.350421810553008,0.0915114759289569
llama31,es,726,75,4096.0,1,3.6757618023946317,0.2328672383461986
llama31,pt,430,0,2.079738366502104,157,0.9875147272578173,0.0035443622537188464
llama31,pt,430,1,2.251755740869529,144,0.9983997464533201,0.00307064910927462
llama31,pt,430,2,2.4380159059456386,134,1.0222972773419625,0.003356361045873972
llama31,pt,430,3,2.6398663190468756,123,1.0469753871569394,0.003588755574212806
llama31,pt,430,4,2.858095516768718,114,1.0842487821652715,0.004115021667188886
llama31,pt,430,5,3.0944667104130863,105,1.112699811326656,0.0047062560702896905
llama31,pt,430,6,3.3500197264183567,97,1.1345094552731216,0.005012145580183263
llama31,pt,430,7,3.627343166455213,90,1.1392638892298421,0.005120735850157401
llama31,pt,430,8,3.92626195301624,82,1.1228633405075263,0.005112062281633614
llama31,pt,430,9,4.250092689272306,77,1.0804882592138167,0.004734795363007674
llama31,pt,430,10,4.603468074230814,71,1.0377410165457672,0.0042068441196477695
llama31,pt,430,11,4.984267095470073,65,0.993283830914984,0.0036385482857084627
llama31,pt,430,12,5.394424560964031,60,0.9537308247294397,0.003995385953519881
llama31,pt,430,13,5.840467452356643,56,0.9249342130621719,0.0043940377186462674
llama31,pt,430,14,6.322619408629094,51,0.9075824145807749,0.004875764977805882
llama31,pt,430,15,6.845610607228076,48,0.8941364789080435,0.00535555773277542
llama31,pt,430,16,7.415533941273617,44,0.8759733494103199,0.004705808711270911
llama31,pt,430,17,8.025558781654992,40,0.8719656444943893,0.005018723299257699
llama31,pt,430,18,8.68951954267665,38,0.8683043785595362,0.00595881302325015
llama31,pt,430,19,9.407669204741923,34,0.8730656023257389,0.008207192693861953
llama31,pt,430,20,10.179076618235907,32,0.8751653674354937,0.006854718093649516
llama31,pt,430,21,11.028566357572464,30,0.8722278812706474,0.006385250758452776
llama31,pt,430,22,11.94477170193431,27,0.8849417730015026,0.008904157396537988
llama31,pt,430,23,12.924480781696696,25,0.899696142437772,0.010262186915877465
llama31,pt,430,24,13.983106740258739,23,0.8769020164697809,0.008637832521915221
llama31,pt,430,25,15.146496450348943,22,0.8512106136811852,0.007105393965901375
llama31,pt,430,26,16.421220753444423,20,0.8374505546185893,0.007177328566680093
llama31,pt,430,27,17.774568996970093,18,0.8296295199696865,0.006733083754032269
llama31,pt,430,28,19.235136338697405,17,0.8432337204416717,0.00774083681472178
llama31,pt,430,29,20.796881250446052,15,0.8678274933951712,0.008222898265114891
llama31,pt,430,30,22.511839961743885,15,0.900840920698066,0.008620639128047792
llama31,pt,430,31,24.38700267466527,13,0.8776706120500765,0.009214416602617872
llama31,pt,430,32,26.43351109040132,13,0.8607642324763546,0.013611855192638384
llama31,pt,430,33,28.650364158817133,11,0.8599906395353828,0.010620055172201152
llama31,pt,430,34,30.920474771901404,10,0.8543473531171053,0.010395062223854832
llama31,pt,430,35,33.44593172081344,10,0.8602677642784867,0.010273544809965323
llama31,pt,430,36,36.25725566717276,9,0.849515183458683,0.009906412387135717
llama31,pt,430,37,39.205599316416965,8,0.8627131347550425,0.011391626855603033
llama31,pt,430,38,42.45756834172835,8,0.8613878301022365,0.010196575995290143
llama31,pt,430,39,46.03409888580932,7,0.8758103760957636,0.01166925986320706
llama31,pt,430,40,49.96608705487118,7,0.8842967886311476,0.011436530525920374
llama31,pt,430,41,54.265543124911304,6,0.8780280178341873,0.01222185567885241
llama31,pt,430,42,58.526232769908994,5,0.8921954526297721,0.01400128976930086
llama31,pt,430,43,63.03030727083153,5,0.9145926495712068,0.013912200841601108
llama31,pt,430,44,68.28564122718676,5,0.8777286608351313,0.013459727816432529
llama31,pt,430,45,73.81678310713458,4,0.9348159572286532,0.015862654308245065
llama31,pt,430,46,80.34462965429582,5,0.9359167490020135,0.015634762379392653
llama31,pt,430,47,87.1620907268156,3,0.9506114569235619,0.018742079089939884
llama31,pt,430,48,94.19204238801649,4,0.976728205244099,0.020180690419715295
llama31,pt,430,49,102.42134222654549,3,0.9847147871496211,0.019674163495990674
llama31,pt,430,50,110.72967047543887,3,1.0131278060688826,0.020649445175667462
llama31,pt,430,51,120.50534605263967,3,0.9955908194169911,0.019092381035128357
llama31,pt,430,52,130.04813004819508,2,1.0301641001742607,0.023096201684963482
llama31,pt,430,53,138.86740554154198,2,0.9928158083987699,0.02298632677928639
llama31,pt,430,54,151.77313332607557,3,1.0317970709106188,0.021629451958650604
llama31,pt,430,55,167.21849977399827,2,1.0682874839575283,0.025276068493046942
llama31,pt,430,56,178.0869565217391,1,1.0892637613310951,0.031731116342769185
llama31,pt,430,57,190.5631662896068,2,1.0477980530788769,0.024605339714306788
llama31,pt,430,58,210.12036650703962,2,1.0904419995427899,0.02501457006809605
llama31,pt,430,59,227.5555555555556,1,1.0957196553504798,0.03332538609859241
llama31,pt,430,60,240.9411764705883,1,1.1585750630349776,0.036009662468160814
llama31,pt,430,61,264.39566310109325,2,1.1769723202252276,0.029348302866818332
llama31,pt,430,62,292.57142857142867,1,1.1322920076500722,0.03737162334492166
llama31,pt,430,63,315.076923076923,1,1.239734025922907,0.044628328676690435
llama31,pt,430,64,341.33333333333337,1,1.23377671514317,0.03851171356349335
llama31,pt,430,65,372.3636363636366,1,1.2965501654261347,0.04162128837960167
llama31,pt,430,66,409.6000000000002,1,1.3562491339225078,0.04668273498344896
llama31,pt,430,67,455.1111111111112,1,1.4416523296185433,0.053365357784764485
llama31,pt,430,68,512.0,1,1.537937351328526,0.05672060265458152
llama31,pt,430,69,585.1428571428573,1,1.456319175060071,0.04954876923945155
llama31,pt,430,70,682.6666666666667,1,1.6344765550660703,0.07218634684752658
llama31,pt,430,71,819.2000000000004,1,1.6776765503987663,0.08092414865325633
llama31,pt,430,72,1024.0,1,1.873338982024384,0.07588448828788072
llama31,pt,430,73,1365.3333333333335,1,2.0888305099243096,0.08307600574888957
llama31,pt,430,74,2048.0,1,2.7925386495263753,0.1779946925175152
llama31,pt,430,75,4096.0,1,4.736181939567315,0.31670238374630866
llama31,fi,2738,0,2.079738366502104,157,0.9621869601857185,0.0011215951573675061
llama31,fi,2738,1,2.251755740869529,144,0.9690409924620641,0.0011487097548465756
llama31,fi,2738,2,2.4380159059456386,134,0.9824627957313639,0.0012063726332712616
llama31,fi,2738,3,2.6398663190468756,123,0.9983523168259077,0.0012889661021265807
llama31,fi,2738,4,2.858095516768718,114,1.015279992143426,0.0014252537839271602
llama31,fi,2738,5,3.0944667104130863,105,1.02641456477337,0.001489314920942799
llama31,fi,2738,6,3.3500197264183567,97,1.0306559038296603,0.001604663794587381
llama31,fi,2738,7,3.627343166455213,90,1.0262619455948045,0.0016858558541730337
llama31,fi,2738,8,3.92626195301624,82,1.0132155667908138,0.0016722551502035808
llama31,fi,2738,9,4.250092689272306,77,0.9947810250403054,0.0016650263454355623
llama31,fi,2738,10,4.603468074230814,71,0.9829546284091967,0.0016016859335152977
llama31,fi,2738,11,4.984267095470073,65,0.9694506905907753,0.0016109004983872715
llama31,fi,2738,12,5.394424560964031,60,0.9558371046765465,0.0016107992975787813
llama31,fi,2738,13,5.840467452356643,56,0.9424223841859635,0.0015833750596462057
llama31,fi,2738,14,6.322619408629094,51,0.9310603577286187,0.0015733060052770902
llama31,fi,2738,15,6.845610607228076,48,0.9265035819011979,0.0016305775511381362
llama31,fi,2738,16,7.415533941273617,44,0.9238962805276785,0.0017467626077560334
llama31,fi,2738,17,8.025558781654992,40,0.9222835763506725,0.0017404197020205205
llama31,fi,2738,18,8.68951954267665,38,0.9311414939637598,0.0018227669612494717
llama31,fi,2738,19,9.407669204741923,34,0.9497725307486514,0.0022140803721287785
llama31,fi,2738,20,10.179076618235907,32,0.9734021711434505,0.0035748876900591753
llama31,fi,2738,21,11.028566357572464,30,0.9870055402853691,0.0042276820945299975
llama31,fi,2738,22,11.94477170193431,27,0.9907709622304902,0.003392372947137735
llama31,fi,2738,23,12.924480781696696,25,1.001897560640823,0.0032818154434215013
llama31,fi,2738,24,13.983106740258739,23,1.014813715290034,0.0033978094191070645
llama31,fi,2738,25,15.146496450348943,22,1.0152206588421722,0.003248944820463554
llama31,fi,2738,26,16.421220753444423,20,1.0026287764857915,0.0030861514910036927
llama31,fi,2738,27,17.774568996970093,18,1.0053369230229483,0.0033170010248726616
llama31,fi,2738,28,19.235136338697405,17,1.0084821996100282,0.0033733581044135784
llama31,fi,2738,29,20.796881250446052,15,1.0085142770005673,0.0036689769478456913
llama31,fi,2738,30,22.511839961743885,15,1.0198286226798126,0.003635022039908951
llama31,fi,2738,31,24.38700267466527,13,1.020073949958171,0.0038201557559267253
llama31,fi,2738,32,26.43351109040132,13,1.0504087415237457,0.0041082924240501495
llama31,fi,2738,33,28.650364158817133,11,1.0558799061882846,0.004405450915488506
llama31,fi,2738,34,30.920474771901404,10,1.0467314314447513,0.004356431503357049
llama31,fi,2738,35,33.44593172081344,10,1.0483061649634302,0.0042382525520011935
llama31,fi,2738,36,36.25725566717276,9,1.0582247991734446,0.004548552964283798
llama31,fi,2738,37,39.205599316416965,8,1.0515877357775638,0.004689610254376911
llama31,fi,2738,38,42.45756834172835,8,1.0685927835269147,0.004819364855632688
llama31,fi,2738,39,46.03409888580932,7,1.0752285858959387,0.005237383676310616
llama31,fi,2738,40,49.96608705487118,7,1.0771564013196246,0.005203939715200826
llama31,fi,2738,41,54.265543124911304,6,1.0966090659191416,0.005810934511591911
llama31,fi,2738,42,58.526232769908994,5,1.0938275849049137,0.0060735511409250684
llama31,fi,2738,43,63.03030727083153,5,1.1103550127401927,0.006295005153464619
llama31,fi,2738,44,68.28564122718676,5,1.1302023850280756,0.0064648779402183875
llama31,fi,2738,45,73.81678310713458,4,1.1367422065757449,0.0071535332507593604
llama31,fi,2738,46,80.34462965429582,5,1.151890135982231,0.00670803963394186
llama31,fi,2738,47,87.1620907268156,3,1.1837410298760114,0.00848360779495006
llama31,fi,2738,48,94.19204238801649,4,1.1845057801764276,0.007857046581426042
llama31,fi,2738,49,102.42134222654549,3,1.1992075307157306,0.009240555696967464
llama31,fi,2738,50,110.72967047543887,3,1.1878748322653627,0.008700303999645777
llama31,fi,2738,51,120.50534605263967,3,1.209795378184505,0.008724827030172527
llama31,fi,2738,52,130.04813004819508,2,1.2165453941333095,0.010390318528823824
llama31,fi,2738,53,138.86740554154198,2,1.251693250753272,0.010904760781076163
llama31,fi,2738,54,151.77313332607557,3,1.2584564164971814,0.009150583286338975
llama31,fi,2738,55,167.21849977399827,2,1.2810453454293704,0.011432292016922828
llama31,fi,2738,56,178.0869565217391,1,1.2798232352869672,0.015706834467786777
llama31,fi,2738,57,190.5631662896068,2,1.2988269025207466,0.011732152629100757
llama31,fi,2738,58,210.12036650703962,2,1.3249522924200428,0.011664470795346658
llama31,fi,2738,59,227.5555555555556,1,1.3197206866309013,0.016096979299198875
llama31,fi,2738,60,240.9411764705883,1,1.39706055603411,0.01686700009709566
llama31,fi,2738,61,264.39566310109325,2,1.381194637074521,0.013089339748680987
llama31,fi,2738,62,292.57142857142867,1,1.4215117578434278,0.017065187128228052
llama31,fi,2738,63,315.076923076923,1,1.4480720822754638,0.017629220217599453
llama31,fi,2738,64,341.33333333333337,1,1.4540529862242537,0.01775166253802259
llama31,fi,2738,65,372.3636363636366,1,1.5131071720034017,0.019106322496046886
llama31,fi,2738,66,409.6000000000002,1,1.5053044893710743,0.018493356196729815
llama31,fi,2738,67,455.1111111111112,1,1.5581148494798802,0.019933861413883303
llama31,fi,2738,68,512.0,1,1.6223265799237068,0.020434986078398287
llama31,fi,2738,69,585.1428571428573,1,1.6875364747904067,0.022714821045038455
llama31,fi,2738,70,682.6666666666667,1,1.7587472759795795,0.022991550480646102
llama31,fi,2738,71,819.2000000000004,1,1.8509624437721661,0.025384384586421813
llama31,fi,2738,72,1024.0,1,1.9876098761766943,0.02785395578558841
llama31,fi,2738,73,1365.3333333333335,1,2.25914373596062,0.035781646809083745
llama31,fi,2738,74,2048.0,1,2.6018565079645066,0.04504011720069016
llama31,fi,2738,75,4096.0,1,3.737259771983273,0.07939900607708318
llama31,nl,849,0,2.079738366502104,157,0.9451227348392548,0.0018544869520001198
llama31,nl,849,1,2.251755740869529,144,0.9460668341119175,0.0018665455675826064
llama31,nl,849,2,2.4380159059456386,134,0.9533158952402644,0.0018934730019669625
llama31,nl,849,3,2.6398663190468756,123,0.9690623949113862,0.0020611796123786445
llama31,nl,849,4,2.858095516768718,114,0.9772452489556075,0.0020751392441737742
llama31,nl,849,5,3.0944667104130863,105,0.9925345915039517,0.0021939318778678653
llama31,nl,849,6,3.3500197264183567,97,1.0083587616822347,0.0023209994800849534
llama31,nl,849,7,3.627343166455213,90,1.0247437048088666,0.0025294809895118234
llama31,nl,849,8,3.92626195301624,82,1.036717529198973,0.0026578160749854652
llama31,nl,849,9,4.250092689272306,77,1.0401412298978367,0.00270541404544322
llama31,nl,849,10,4.603468074230814,71,1.0456043839940958,0.002836453415856805
llama31,nl,849,11,4.984267095470073,65,1.03671778387021,0.002950289208061222
llama31,nl,849,12,5.394424560964031,60,1.0368616219400633,0.00291898953340092
llama31,nl,849,13,5.840467452356643,56,1.0201824235696682,0.0029929358611801194
llama31,nl,849,14,6.322619408629094,51,1.0162237153158102,0.0031533410394423956
llama31,nl,849,15,6.845610607228076,48,1.0155600036434025,0.0030954487766038205
llama31,nl,849,16,7.415533941273617,44,1.0198686438438036,0.003214386473286358
llama31,nl,849,17,8.025558781654992,40,1.0135817083749796,0.00338158436594293
llama31,nl,849,18,8.68951954267665,38,1.0169787220964877,0.0036979229268595086
llama31,nl,849,19,9.407669204741923,34,1.0229625944075238,0.00398127154041505
llama31,nl,849,20,10.179076618235907,32,1.0240601189940095,0.004077794851376639
llama31,nl,849,21,11.028566357572464,30,1.0341274438746102,0.00439111850099608
llama31,nl,849,22,11.94477170193431,27,1.0342964554000642,0.0046455194249289565
llama31,nl,849,23,12.924480781696696,25,1.032822592887817,0.004728146193838871
llama31,nl,849,24,13.983106740258739,23,1.025718009438996,0.0050157906749564675
llama31,nl,849,25,15.146496450348943,22,1.0106258801224404,0.005036294077729716
llama31,nl,849,26,16.421220753444423,20,1.0020958336311894,0.005157911928705274
llama31,nl,849,27,17.774568996970093,18,0.9977196461868683,0.005795277287908571
llama31,nl,849,28,19.235136338697405,17,0.989923167987312,0.0057705636441970935
llama31,nl,849,29,20.796881250446052,15,0.9772251135003336,0.006417978070288125
llama31,nl,849,30,22.511839961743885,15,1.0037579809008872,0.005933866748726113
llama31,nl,849,31,24.38700267466527,13,0.9730767956877131,0.006602483508778224
llama31,nl,849,32,26.43351109040132,13,0.949514210817715,0.006840973435835581
llama31,nl,849,33,28.650364158817133,11,0.9531676654639862,0.007125995356202356
llama31,nl,849,34,30.920474771901404,10,0.9447699564017368,0.007184159377096871
llama31,nl,849,35,33.44593172081344,10,0.927092086547898,0.006852918313730829
llama31,nl,849,36,36.25725566717276,9,0.9289083711475965,0.007425349428063781
llama31,nl,849,37,39.205599316416965,8,0.9318038161508827,0.007727640495733991
llama31,nl,849,38,42.45756834172835,8,0.9292944777405778,0.007658918895903226
llama31,nl,849,39,46.03409888580932,7,0.9491295971942665,0.008920129870614716
llama31,nl,849,40,49.96608705487118,7,0.940982753156114,0.009158462076903963
llama31,nl,849,41,54.265543124911304,6,0.947557093846532,0.008953657852074831
llama31,nl,849,42,58.526232769908994,5,0.9432201049316326,0.010136763343206207
llama31,nl,849,43,63.03030727083153,5,0.9496234065328326,0.010397817806052584
llama31,nl,849,44,68.28564122718676,5,0.9593586254261566,0.010055523790613459
llama31,nl,849,45,73.81678310713458,4,0.9572190613608561,0.011766496163200803
llama31,nl,849,46,80.34462965429582,5,0.9714883694402724,0.010291003587089429
llama31,nl,849,47,87.1620907268156,3,0.9707180594863698,0.012810195348306451
llama31,nl,849,48,94.19204238801649,4,0.9993472843134723,0.012274034242763396
llama31,nl,849,49,102.42134222654549,3,0.9852745067685551,0.01347846763002112
llama31,nl,849,50,110.72967047543887,3,1.0030300784307862,0.014430633245913827
llama31,nl,849,51,120.50534605263967,3,1.0258502215538647,0.015170287598964206
llama31,nl,849,52,130.04813004819508,2,1.0399477959842536,0.01610659201202792
llama31,nl,849,53,138.86740554154198,2,1.0495008195657571,0.016470730717500378
llama31,nl,849,54,151.77313332607557,3,1.0552484828353992,0.015114494286936188
llama31,nl,849,55,167.21849977399827,2,1.0584571606130513,0.016991246852017153
llama31,nl,849,56,178.0869565217391,1,1.0816717885599836,0.023793145062075808
llama31,nl,849,57,190.5631662896068,2,1.110751878280906,0.01870150189669242
llama31,nl,849,58,210.12036650703962,2,1.1128669715204222,0.019233622910016283
llama31,nl,849,59,227.5555555555556,1,1.154394455338956,0.025011028331572278
llama31,nl,849,60,240.9411764705883,1,1.1454774904896354,0.027082048638170902
llama31,nl,849,61,264.39566310109325,2,1.1542409859310319,0.022591250212371804
llama31,nl,849,62,292.57142857142867,1,1.1622453988277157,0.029119416451693265
llama31,nl,849,63,315.076923076923,1,1.2041192056326435,0.029208906615116735
llama31,nl,849,64,341.33333333333337,1,1.2533083647712748,0.030778578065235776
llama31,nl,849,65,372.3636363636366,1,1.2417026038227708,0.02795081112717089
llama31,nl,849,66,409.6000000000002,1,1.2887211052913743,0.038113281668634195
llama31,nl,849,67,455.1111111111112,1,1.2807457560212718,0.03196159738089235
llama31,nl,849,68,512.0,1,1.371911825882274,0.03703110516488879
llama31,nl,849,69,585.1428571428573,1,1.3940992656536177,0.03529151456222385
llama31,nl,849,70,682.6666666666667,1,1.5200944548709996,0.041909882744987255
llama31,nl,849,71,819.2000000000004,1,1.6221723470383198,0.04390869788166556
llama31,nl,849,72,1024.0,1,1.6862039534837834,0.05438247962293063
llama31,nl,849,73,1365.3333333333335,1,1.9619763097110359,0.06253406944025942
llama31,nl,849,74,2048.0,1,2.239360110791885,0.07643144458411208
llama31,nl,849,75,4096.0,1,3.300421299116266,0.12189463238261315
llama31,hu,488,0,2.079738366502104,157,0.9178705529844019,0.002278887295854047
llama31,hu,488,1,2.251755740869529,144,0.9269880945008643,0.002387473206772684
llama31,hu,488,2,2.4380159059456386,134,0.9377708550471402,0.002352872364098051
llama31,hu,488,3,2.6398663190468756,123,0.9571460291026195,0.002414795420035421
llama31,hu,488,4,2.858095516768718,114,0.9747254845837281,0.0026343204420525125
llama31,hu,488,5,3.0944667104130863,105,0.9959933836636948,0.002816825457937475
llama31,hu,488,6,3.3500197264183567,97,1.0048288161897163,0.0031060982363446533
llama31,hu,488,7,3.627343166455213,90,1.0152123528035104,0.0033704147731720858
llama31,hu,488,8,3.92626195301624,82,1.0328341799017446,0.0034920303099718374
llama31,hu,488,9,4.250092689272306,77,1.0398258472658233,0.0035578773070155125
llama31,hu,488,10,4.603468074230814,71,1.0401455750899666,0.0036375145012130946
llama31,hu,488,11,4.984267095470073,65,1.0333988043383495,0.00385130285326321
llama31,hu,488,12,5.394424560964031,60,1.0307260318575264,0.003980412318256435
llama31,hu,488,13,5.840467452356643,56,1.0213618947766032,0.003889719396056852
llama31,hu,488,14,6.322619408629094,51,1.0154477704320537,0.003997652250890953
llama31,hu,488,15,6.845610607228076,48,1.0056524559886633,0.004267496036886907
llama31,hu,488,16,7.415533941273617,44,1.017285778457119,0.0039391677846733536
llama31,hu,488,17,8.025558781654992,40,1.0124854124535987,0.0046412602377516035
llama31,hu,488,18,8.68951954267665,38,1.011529037686046,0.004545373901766809
llama31,hu,488,19,9.407669204741923,34,1.0149237841223475,0.004567743014723655
llama31,hu,488,20,10.179076618235907,32,1.0273091466999014,0.005119055694636885
llama31,hu,488,21,11.028566357572464,30,1.028805383651708,0.005396117329134982
llama31,hu,488,22,11.94477170193431,27,1.0215138750008423,0.006479281260801787
llama31,hu,488,23,12.924480781696696,25,1.0317004731529067,0.0064801493857590785
llama31,hu,488,24,13.983106740258739,23,1.0456542049607311,0.006176850238866811
llama31,hu,488,25,15.146496450348943,22,1.0491418010588984,0.006530316484023044
llama31,hu,488,26,16.421220753444423,20,1.0371868787861016,0.007057990067696732
llama31,hu,488,27,17.774568996970093,18,1.03730165292172,0.0072694587065406276
llama31,hu,488,28,19.235136338697405,17,1.0072209142689814,0.007518391043133627
llama31,hu,488,29,20.796881250446052,15,1.0123017354119854,0.008446208729509793
llama31,hu,488,30,22.511839961743885,15,1.003403514285328,0.00849301603866008
llama31,hu,488,31,24.38700267466527,13,0.9771087396996306,0.008665444690969495
llama31,hu,488,32,26.43351109040132,13,0.9961883916701375,0.00822673388651931
llama31,hu,488,33,28.650364158817133,11,0.9927731853239021,0.00883216034878158
llama31,hu,488,34,30.920474771901404,10,1.0065358288479485,0.009656839293409405
llama31,hu,488,35,33.44593172081344,10,0.9982899287653737,0.00928149361236308
llama31,hu,488,36,36.25725566717276,9,0.9738782350237942,0.010349110661283283
llama31,hu,488,37,39.205599316416965,8,0.9935717050130566,0.010601508329298834
llama31,hu,488,38,42.45756834172835,8,0.9938122658819688,0.0103764441746606
llama31,hu,488,39,46.03409888580932,7,1.0007539839942436,0.011126084246120622
llama31,hu,488,40,49.96608705487118,7,0.9943490155464182,0.011096940209389892
llama31,hu,488,41,54.265543124911304,6,1.0066828436753958,0.012470424809061686
llama31,hu,488,42,58.526232769908994,5,1.0253473514397384,0.012968098165954942
llama31,hu,488,43,63.03030727083153,5,1.0146219324280816,0.012869927890667448
llama31,hu,488,44,68.28564122718676,5,1.0387457587151434,0.013472297353503526
llama31,hu,488,45,73.81678310713458,4,1.0488506220745522,0.015197425998217762
llama31,hu,488,46,80.34462965429582,5,1.0490439043983104,0.0148414372898416
llama31,hu,488,47,87.1620907268156,3,1.0772086927074624,0.018193461687294264
llama31,hu,488,48,94.19204238801649,4,1.0517093301097018,0.01653072792789216
llama31,hu,488,49,102.42134222654549,3,1.0830317174473911,0.017448180478586428
llama31,hu,488,50,110.72967047543887,3,1.072320087104255,0.01783989773911784
llama31,hu,488,51,120.50534605263967,3,1.132095391815861,0.019367167624992392
llama31,hu,488,52,130.04813004819508,2,1.1315634466591864,0.023257081277704147
llama31,hu,488,53,138.86740554154198,2,1.112452124970661,0.023089071620279896
llama31,hu,488,54,151.77313332607557,3,1.144880814975281,0.020100551094744887
llama31,hu,488,55,167.21849977399827,2,1.1734113686331857,0.02457653771991864
llama31,hu,488,56,178.0869565217391,1,1.1179486903597264,0.03011965748198561
llama31,hu,488,57,190.5631662896068,2,1.1937974680124643,0.02410650735839595
llama31,hu,488,58,210.12036650703962,2,1.2098756481589719,0.024661639677286015
llama31,hu,488,59,227.5555555555556,1,1.2725352223423632,0.03630529931058691
llama31,hu,488,60,240.9411764705883,1,1.2033912193211864,0.035521643897293106
llama31,hu,488,61,264.39566310109325,2,1.2640926686274936,0.02811529112560867
llama31,hu,488,62,292.57142857142867,1,1.2765920951139633,0.03507499827416503
llama31,hu,488,63,315.076923076923,1,1.2238341641782804,0.035028985831193696
llama31,hu,488,64,341.33333333333337,1,1.29483535033914,0.035926089778184706
llama31,hu,488,65,372.3636363636366,1,1.3778186335008007,0.038147417616839
llama31,hu,488,66,409.6000000000002,1,1.4607832156804843,0.04324442087022465
llama31,hu,488,67,455.1111111111112,1,1.399413145042401,0.04135544186184105
llama31,hu,488,68,512.0,1,1.4469755627666125,0.04700737929764118
llama31,hu,488,69,585.1428571428573,1,1.573193322295798,0.04604767105523127
llama31,hu,488,70,682.6666666666667,1,1.5254718266508915,0.0480459004864438
llama31,hu,488,71,819.2000000000004,1,1.6963173102702336,0.05819172139904591
llama31,hu,488,72,1024.0,1,1.8273472417097327,0.07259081754588059
llama31,hu,488,73,1365.3333333333335,1,2.0138423930100444,0.07907227465192589
llama31,hu,488,74,2048.0,1,2.3818652298984526,0.09604264511231392
llama31,hu,488,75,4096.0,1,3.2578052180796377,0.1363280855853542
llama31,zh,332,0,2.079738366502104,157,0.9987350162715337,0.004801860388310582
llama31,zh,332,1,2.251755740869529,144,0.9984454815644823,0.004350324706897055
llama31,zh,332,2,2.4380159059456386,134,0.9993335986435475,0.004308138028087093
llama31,zh,332,3,2.6398663190468756,123,0.9854307864913096,0.004435849493257111
llama31,zh,332,4,2.858095516768718,114,0.9581347985701573,0.0043648004005932585
llama31,zh,332,5,3.0944667104130863,105,0.9379714974058041,0.004025455650859722
llama31,zh,332,6,3.3500197264183567,97,0.9029991689356683,0.004123075460831417
llama31,zh,332,7,3.627343166455213,90,0.8894271530058173,0.003590973077591124
llama31,zh,332,8,3.92626195301624,82,0.8811873499071096,0.0036955990358977543
llama31,zh,332,9,4.250092689272306,77,0.8905822669112328,0.0038392987949889983
llama31,zh,332,10,4.603468074230814,71,0.8944815157938942,0.004212995277107324
llama31,zh,332,11,4.984267095470073,65,0.9116648431952835,0.004153685352566848
llama31,zh,332,12,5.394424560964031,60,0.9283451050068159,0.004636709613014833
llama31,zh,332,13,5.840467452356643,56,0.9497204475980848,0.004732307424196931
llama31,zh,332,14,6.322619408629094,51,0.9553510255295354,0.005000868511273344
llama31,zh,332,15,6.845610607228076,48,0.9571178483361414,0.005458934014165949
llama31,zh,332,16,7.415533941273617,44,0.9621742163266832,0.00553187520872446
llama31,zh,332,17,8.025558781654992,40,0.9522800798579367,0.005948927889972458
llama31,zh,332,18,8.68951954267665,38,0.9750151860467228,0.006297509197387789
llama31,zh,332,19,9.407669204741923,34,0.9641934156117641,0.008159814435380688
llama31,zh,332,20,10.179076618235907,32,0.9906018827398428,0.007547314526090911
llama31,zh,332,21,11.028566357572464,30,0.9882839044970972,0.0089619232907264
llama31,zh,332,22,11.94477170193431,27,0.9953420970723855,0.010357731140104083
llama31,zh,332,23,12.924480781696696,25,0.9925170637503834,0.009318554730834806
llama31,zh,332,24,13.983106740258739,23,0.9913063500541318,0.007847621618542156
llama31,zh,332,25,15.146496450348943,22,1.0198260205873573,0.008830962479665685
llama31,zh,332,26,16.421220753444423,20,1.0263549819304802,0.008854013444981063
llama31,zh,332,27,17.774568996970093,18,1.0462664244137851,0.009330315144788702
llama31,zh,332,28,19.235136338697405,17,1.0618712068497538,0.01053030928148779
llama31,zh,332,29,20.796881250446052,15,1.0872885127324197,0.010614268702466251
llama31,zh,332,30,22.511839961743885,15,1.1117258707977142,0.011701888405983537
llama31,zh,332,31,24.38700267466527,13,1.1039781658666121,0.011349825565947016
llama31,zh,332,32,26.43351109040132,13,1.125318188747601,0.013654420005128148
llama31,zh,332,33,28.650364158817133,11,1.1437802855223498,0.01387954503355659
llama31,zh,332,34,30.920474771901404,10,1.1728259362571478,0.015190813765335424
llama31,zh,332,35,33.44593172081344,10,1.197394263885464,0.015742150615902218
llama31,zh,332,36,36.25725566717276,9,1.2172608678291772,0.016359057542781563
llama31,zh,332,37,39.205599316416965,8,1.2411952707355742,0.016547181654253833
llama31,zh,332,38,42.45756834172835,8,1.2836316881360206,0.018288783980112678
llama31,zh,332,39,46.03409888580932,7,1.2826436948377269,0.018091613364338757
llama31,zh,332,40,49.96608705487118,7,1.288340233156836,0.020013920611178248
llama31,zh,332,41,54.265543124911304,6,1.330165729096661,0.022532803944046914
llama31,zh,332,42,58.526232769908994,5,1.3290617379955618,0.0251484943294586
llama31,zh,332,43,63.03030727083153,5,1.326122942820948,0.02608149431788007
llama31,zh,332,44,68.28564122718676,5,1.3761541045605203,0.025013552829986133
llama31,zh,332,45,73.81678310713458,4,1.3596686794232922,0.02586245655464193
llama31,zh,332,46,80.34462965429582,5,1.3893212554041046,0.024948674512341177
llama31,zh,332,47,87.1620907268156,3,1.4240134519603804,0.03538432333281317
llama31,zh,332,48,94.19204238801649,4,1.4498181666034322,0.03293881034773086
llama31,zh,332,49,102.42134222654549,3,1.5122307485887332,0.038292353636304614
llama31,zh,332,50,110.72967047543887,3,1.4766667496309112,0.04305156201091696
llama31,zh,332,51,120.50534605263967,3,1.5579810259464244,0.0388709810839571
llama31,zh,332,52,130.04813004819508,2,1.5146307750208228,0.043904642549742905
llama31,zh,332,53,138.86740554154198,2,1.536839117397076,0.04017559898977545
llama31,zh,332,54,151.77313332607557,3,1.5992614493803468,0.036206037771704745
llama31,zh,332,55,167.21849977399827,2,1.628492642982912,0.04027547106980264
llama31,zh,332,56,178.0869565217391,1,1.7226445474266798,0.06124621530419764
llama31,zh,332,57,190.5631662896068,2,1.712721671010681,0.04953308355969572
llama31,zh,332,58,210.12036650703962,2,1.7604225305359453,0.051923678535033116
llama31,zh,332,59,227.5555555555556,1,1.7792234514931176,0.05904195157270566
llama31,zh,332,60,240.9411764705883,1,1.884329210069415,0.06686380916592966
llama31,zh,332,61,264.39566310109325,2,1.8605208241352063,0.051731181911901375
llama31,zh,332,62,292.57142857142867,1,1.969269507435906,0.07805776561332699
llama31,zh,332,63,315.076923076923,1,1.9903371998583306,0.07468658190098848
llama31,zh,332,64,341.33333333333337,1,2.039632058900216,0.06900544198023652
llama31,zh,332,65,372.3636363636366,1,2.276038739625804,0.09440899490409431
llama31,zh,332,66,409.6000000000002,1,2.227845789798003,0.09157015774384138
llama31,zh,332,67,455.1111111111112,1,2.232557971648055,0.09358997166279887
llama31,zh,332,68,512.0,1,2.289852187134982,0.0956479468259734
llama31,zh,332,69,585.1428571428573,1,2.5428465478743054,0.09995293024646103
llama31,zh,332,70,682.6666666666667,1,2.7395131354575692,0.1585974267900305
llama31,zh,332,71,819.2000000000004,1,2.8815635445773085,0.11636801291541471
llama31,zh,332,72,1024.0,1,3.1929085533407666,0.1458539871052336
llama31,zh,332,73,1365.3333333333335,1,3.9689045066631894,0.2167423756793036
llama31,zh,332,74,2048.0,1,4.447741809118316,0.22475496646138002
llama31,zh,332,75,4096.0,1,7.213059246430556,0.48595629793811934
qwen3,en,48367,0,2.079738366502104,157,1.000379747888001,0.00034264584958529
qwen3,en,48367,1,2.251755740869529,144,1.0004261855072738,0.0003482105021003105
qwen3,en,48367,2,2.4380159059456386,134,1.001507944231964,0.00033976420828902334
qwen3,en,48367,3,2.6398663190468756,123,1.0038985381381287,0.0003384833527432131
qwen3,en,48367,4,2.858095516768718,114,1.004841100411434,0.0003360053009152534
qwen3,en,48367,5,3.0944667104130863,105,1.0042079971853637,0.00033818173565469635
qwen3,en,48367,6,3.3500197264183567,97,1.0013638388060615,0.00033752485462596523
qwen3,en,48367,7,3.627343166455213,90,0.9975390241876939,0.0003432113727898281
qwen3,en,48367,8,3.92626195301624,82,0.99181219896877,0.0003451431224965554
qwen3,en,48367,9,4.250092689272306,77,0.9871375072201278,0.0003435079726672379
qwen3,en,48367,10,4.603468074230814,71,0.9813768327672726,0.0003523816720551139
qwen3,en,48367,11,4.984267095470073,65,0.9789476206001533,0.0003628937036670007
qwen3,en,48367,12,5.394424560964031,60,0.9785127357027184,0.0004009883688487565
qwen3,en,48367,13,5.840467452356643,56,0.9755543944563675,0.00040070092165570616
qwen3,en,48367,14,6.322619408629094,51,0.9713811094666378,0.0004248483296584739
qwen3,en,48367,15,6.845610607228076,48,0.9719931926586444,0.00046985213854826806
qwen3,en,48367,16,7.415533941273617,44,0.9805187887882079,0.00045207862388677543
qwen3,en,48367,17,8.025558781654992,40,0.9952012429296541,0.0005305824338126834
qwen3,en,48367,18,8.68951954267665,38,0.9965103719859059,0.0006157123367434416
qwen3,en,48367,19,9.407669204741923,34,0.9829945596712767,0.0006333818252178539
qwen3,en,48367,20,10.179076618235907,32,0.9733048785025498,0.0006452059534259043
qwen3,en,48367,21,11.028566357572464,30,0.9686900673965546,0.0007468730495698946
qwen3,en,48367,22,11.94477170193431,27,0.9650659072231619,0.0007179237180507124
qwen3,en,48367,23,12.924480781696696,25,0.9658154110597157,0.0007928862499656668
qwen3,en,48367,24,13.983106740258739,23,0.9778405010519967,0.0007294974256805213
qwen3,en,48367,25,15.146496450348943,22,1.0196233817672289,0.0007945393765429835
qwen3,en,48367,26,16.421220753444423,20,1.0598721412401066,0.0008564556654372205
qwen3,en,48367,27,17.774568996970093,18,1.0278206347123413,0.0008310099432451001
qwen3,en,48367,28,19.235136338697405,17,0.9788789589140025,0.0008527199936505645
qwen3,en,48367,29,20.796881250446052,15,0.9512132436548505,0.0009400496447793392
qwen3,en,48367,30,22.511839961743885,15,0.9376103712515499,0.0008957233204988534
qwen3,en,48367,31,24.38700267466527,13,0.9293331363494944,0.0009304891251735998
qwen3,en,48367,32,26.43351109040132,13,0.9291998967988421,0.001289690562897974
qwen3,en,48367,33,28.650364158817133,11,0.922868040175069,0.0009957037284702814
qwen3,en,48367,34,30.920474771901404,10,0.9253121266418038,0.00105847686909462
qwen3,en,48367,35,33.44593172081344,10,0.9267646176777061,0.0011552933713123406
qwen3,en,48367,36,36.25725566717276,9,0.9306440119672573,0.0011239292928702062
qwen3,en,48367,37,39.205599316416965,8,0.933922216017513,0.0012098083587857575
qwen3,en,48367,38,42.45756834172835,8,0.9385272970606827,0.001239455643248362
qwen3,en,48367,39,46.03409888580932,7,0.9422991882615345,0.0012506269633949586
qwen3,en,48367,40,49.96608705487118,7,0.9506948554409624,0.001297204208105572
qwen3,en,48367,41,54.265543124911304,6,0.9586782218652945,0.0013841011230848607
qwen3,en,48367,42,58.526232769908994,5,0.9686130408318516,0.0015286878603962754
qwen3,en,48367,43,63.03030727083153,5,0.9780236661054966,0.001657422529642977
qwen3,en,48367,44,68.28564122718676,5,0.9863132616141631,0.0016739175495789974
qwen3,en,48367,45,73.81678310713458,4,0.9965333576791604,0.0019131920572745367
qwen3,en,48367,46,80.34462965429582,5,1.0123141563496478,0.0017777882914063018
qwen3,en,48367,47,87.1620907268156,3,1.0201982217450123,0.0020533577830523977
qwen3,en,48367,48,94.19204238801649,4,1.033544142968785,0.0018208853757620458
qwen3,en,48367,49,102.42134222654549,3,1.0503436485218125,0.0021853777383168634
qwen3,en,48367,50,110.72967047543887,3,1.0680195777213248,0.0021067456800583743
qwen3,en,48367,51,120.50534605263967,3,1.0820477040759915,0.00220509681226106
qwen3,en,48367,52,130.04813004819508,2,1.100004807252783,0.002613371451908745
qwen3,en,48367,53,138.86740554154198,2,1.1145679066590926,0.0026489050403168467
qwen3,en,48367,54,151.77313332607557,3,1.1422083888677668,0.002527768903962398
qwen3,en,48367,55,167.21849977399827,2,1.1673830836258376,0.0028651651132547973
qwen3,en,48367,56,178.0869565217391,1,1.188464109511179,0.0037870270487010043
qwen3,en,48367,57,190.5631662896068,2,1.2085352456501965,0.0033394959618172123
qwen3,en,48367,58,210.12036650703962,2,1.2365338611246193,0.0031642093641477648
qwen3,en,48367,59,227.5555555555556,1,1.2630531066407702,0.004203093503087787
qwen3,en,48367,60,240.9411764705883,1,1.287643730319742,0.004375362573484458
qwen3,en,48367,61,264.39566310109325,2,1.3318834187683137,0.0038696210047817654
qwen3,en,48367,62,292.57142857142867,1,1.374342241627888,0.005008836833025466
qwen3,en,48367,63,315.076923076923,1,1.4050853765869433,0.005440067474296151
qwen3,en,48367,64,341.33333333333337,1,1.4508392876426337,0.0054679453921472575
qwen3,en,48367,65,372.3636363636366,1,1.482553206738447,0.00565248550594497
qwen3,en,48367,66,409.6000000000002,1,1.5514305802378738,0.006267062160158715
qwen3,en,48367,67,455.1111111111112,1,1.6166723712698812,0.006631932734216571
qwen3,en,48367,68,512.0,1,1.6911230064576355,0.006995731866851416
qwen3,en,48367,69,585.1428571428573,1,1.802848339917691,0.00817440732195787
qwen3,en,48367,70,682.6666666666667,1,1.9238550993260364,0.00904341354996169
qwen3,en,48367,71,819.2000000000004,1,2.106537007167747,0.010430588955872356
qwen3,en,48367,72,1024.0,1,2.3488274275377528,0.011802582115723614
qwen3,en,48367,73,1365.3333333333335,1,2.7601658551331667,0.015163439009105722
qwen3,en,48367,74,2048.0,1,3.5118473281243867,0.022356554770126817
qwen3,en,48367,75,4096.0,1,5.655317231740215,0.04686409336013124
qwen3,fr,3194,0,2.079738366502104,157,0.9767831550208306,0.0011111939152061575
qwen3,fr,3194,1,2.251755740869529,144,0.9824099951269741,0.001150175836802371
qwen3,fr,3194,2,2.4380159059456386,134,0.9947052201426225,0.0011873245057091636
qwen3,fr,3194,3,2.6398663190468756,123,1.0112256716551344,0.0012077772265763494
qwen3,fr,3194,4,2.858095516768718,114,1.035230927443918,0.0012771055025700567
qwen3,fr,3194,5,3.0944667104130863,105,1.0573256447845798,0.0013397966901233552
qwen3,fr,3194,6,3.3500197264183567,97,1.0822641012306424,0.0014282634489048286
qwen3,fr,3194,7,3.627343166455213,90,1.1001705469985,0.0015179649075596387
qwen3,fr,3194,8,3.92626195301624,82,1.1028015532689137,0.001564089606403358
qwen3,fr,3194,9,4.250092689272306,77,1.0920464759329147,0.0015246517470939112
qwen3,fr,3194,10,4.603468074230814,71,1.0650090622352928,0.001447850876801634
qwen3,fr,3194,11,4.984267095470073,65,1.0375898250139999,0.0014909391442072518
qwen3,fr,3194,12,5.394424560964031,60,1.002097372720776,0.0014269646065270128
qwen3,fr,3194,13,5.840467452356643,56,0.9744182276023707,0.0014691905980612956
qwen3,fr,3194,14,6.322619408629094,51,0.9478140581058553,0.0014679975249345235
qwen3,fr,3194,15,6.845610607228076,48,0.9330180858022622,0.0014955842753759789
qwen3,fr,3194,16,7.415533941273617,44,0.9250193441170214,0.0015976467972868
qwen3,fr,3194,17,8.025558781654992,40,0.9128290010124183,0.0016685549109163992
qwen3,fr,3194,18,8.68951954267665,38,0.9085937384467588,0.0017261938245765266
qwen3,fr,3194,19,9.407669204741923,34,0.9061307696832812,0.0019118285814308167
qwen3,fr,3194,20,10.179076618235907,32,0.9117869647236401,0.0022743364918075774
qwen3,fr,3194,21,11.028566357572464,30,0.9188965943060481,0.0026193042824055983
qwen3,fr,3194,22,11.94477170193431,27,0.9055288257292265,0.0024545512028470956
qwen3,fr,3194,23,12.924480781696696,25,0.8933614802433577,0.002377159581702597
qwen3,fr,3194,24,13.983106740258739,23,0.8928542544296334,0.0024332454077857905
qwen3,fr,3194,25,15.146496450348943,22,0.8972750960518954,0.002648555510444756
qwen3,fr,3194,26,16.421220753444423,20,0.8979179379733955,0.002883821854641549
qwen3,fr,3194,27,17.774568996970093,18,0.8988352128899688,0.0028437943922388787
qwen3,fr,3194,28,19.235136338697405,17,0.9256253592752732,0.0031149180761990704
qwen3,fr,3194,29,20.796881250446052,15,0.9601379239034878,0.003317818988015765
qwen3,fr,3194,30,22.511839961743885,15,0.9456959772142152,0.0032882881682625665
qwen3,fr,3194,31,24.38700267466527,13,0.9119923163073174,0.003401397278864295
qwen3,fr,3194,32,26.43351109040132,13,0.8966069923136651,0.0035388781778789248
qwen3,fr,3194,33,28.650364158817133,11,0.8972088410526952,0.004234723340604748
qwen3,fr,3194,34,30.920474771901404,10,0.8958970143714671,0.004295402709303996
qwen3,fr,3194,35,33.44593172081344,10,0.8931661050134108,0.0043194960555199636
qwen3,fr,3194,36,36.25725566717276,9,0.901319574792268,0.004573652620413074
qwen3,fr,3194,37,39.205599316416965,8,0.8968109730108195,0.004272965448877539
qwen3,fr,3194,38,42.45756834172835,8,0.9040497209176424,0.005242982885563618
qwen3,fr,3194,39,46.03409888580932,7,0.8906565788228354,0.004790120016896082
qwen3,fr,3194,40,49.96608705487118,7,0.9028254730065316,0.004829044282340716
qwen3,fr,3194,41,54.265543124911304,6,0.9100990365023918,0.004848487172504926
qwen3,fr,3194,42,58.526232769908994,5,0.9065524337331684,0.0052996486295501305
qwen3,fr,3194,43,63.03030727083153,5,0.9215105725679038,0.005360441063628902
qwen3,fr,3194,44,68.28564122718676,5,0.9293096666691159,0.005442569380966498
qwen3,fr,3194,45,73.81678310713458,4,0.9334882708836431,0.005955986856447873
qwen3,fr,3194,46,80.34462965429582,5,0.9529238918962936,0.005771095630599495
qwen3,fr,3194,47,87.1620907268156,3,0.9633889232795375,0.007274801758037681
qwen3,fr,3194,48,94.19204238801649,4,0.9633995873662561,0.0063757202084179085
qwen3,fr,3194,49,102.42134222654549,3,0.9918055707108931,0.0074787100389777095
qwen3,fr,3194,50,110.72967047543887,3,0.9941071456030436,0.007346532210760442
qwen3,fr,3194,51,120.50534605263967,3,1.000052403272887,0.008355093857715065
qwen3,fr,3194,52,130.04813004819508,2,1.0120555895924626,0.00930784193270136
qwen3,fr,3194,53,138.86740554154198,2,1.0134492062991338,0.009100221936635627
qwen3,fr,3194,54,151.77313332607557,3,1.039456599227421,0.013055368322946556
qwen3,fr,3194,55,167.21849977399827,2,1.0606236982478687,0.010156743048408886
qwen3,fr,3194,56,178.0869565217391,1,1.0397198611319478,0.011691943032796723
qwen3,fr,3194,57,190.5631662896068,2,1.0965873709432008,0.011118778134718583
qwen3,fr,3194,58,210.12036650703962,2,1.114960366723117,0.011318282619998158
qwen3,fr,3194,59,227.5555555555556,1,1.0968214140951218,0.012760309521633989
qwen3,fr,3194,60,240.9411764705883,1,1.1369739337011855,0.013668759983730003
qwen3,fr,3194,61,264.39566310109325,2,1.157373770460799,0.011765088331668914
qwen3,fr,3194,62,292.57142857142867,1,1.1875984730112676,0.01476496939883205
qwen3,fr,3194,63,315.076923076923,1,1.2325543977536473,0.01600339001007168
qwen3,fr,3194,64,341.33333333333337,1,1.2370280476409024,0.016410577751733005
qwen3,fr,3194,65,372.3636363636366,1,1.2701395455629005,0.01653449170347368
qwen3,fr,3194,66,409.6000000000002,1,1.2680584046146008,0.016345981688315116
qwen3,fr,3194,67,455.1111111111112,1,1.3449908951863239,0.019965154778184377
qwen3,fr,3194,68,512.0,1,1.3573510077277655,0.018969140086585578
qwen3,fr,3194,69,585.1428571428573,1,1.467891519624538,0.021563962127081285
qwen3,fr,3194,70,682.6666666666667,1,1.557371060391664,0.036854820350144014
qwen3,fr,3194,71,819.2000000000004,1,1.6417448335918012,0.043989657326628864
qwen3,fr,3194,72,1024.0,1,1.7475021445937253,0.03327697693316862
qwen3,fr,3194,73,1365.3333333333335,1,1.9558391518109295,0.04492743278336619
qwen3,fr,3194,74,2048.0,1,2.372866924704822,0.04512386216251886
qwen3,fr,3194,75,4096.0,1,3.5352113590508285,0.08973093681205466
qwen3,de,1772,0,2.079738366502104,157,0.9101742833480794,0.001366746676431536
qwen3,de,1772,1,2.251755740869529,144,0.9138428962834745,0.0014007894658530054
qwen3,de,1772,2,2.4380159059456386,134,0.9204410940206871,0.001396132300063793
qwen3,de,1772,3,2.6398663190468756,123,0.9332305132209824,0.0015113252120154909
qwen3,de,1772,4,2.858095516768718,114,0.9548437308249711,0.0015352221448184543
qwen3,de,1772,5,3.0944667104130863,105,0.9781998984694834,0.0016182321879269015
qwen3,de,1772,6,3.3500197264183567,97,1.005604103515187,0.001732816318312252
qwen3,de,1772,7,3.627343166455213,90,1.0279973602835653,0.0018633966351702168
qwen3,de,1772,8,3.92626195301624,82,1.0517851186798026,0.001984612369654994
qwen3,de,1772,9,4.250092689272306,77,1.061663869078744,0.002014091832774494
qwen3,de,1772,10,4.603468074230814,71,1.0685183605137696,0.002037331236624653
qwen3,de,1772,11,4.984267095470073,65,1.06523443692119,0.002099804625107239
qwen3,de,1772,12,5.394424560964031,60,1.061187566579722,0.0020771592520051983
qwen3,de,1772,13,5.840467452356643,56,1.057448962556121,0.0020841794289534394
qwen3,de,1772,14,6.322619408629094,51,1.0508697535787688,0.0022146538478651084
qwen3,de,1772,15,6.845610607228076,48,1.049842452190118,0.0022618338110724453
qwen3,de,1772,16,7.415533941273617,44,1.0442172739348345,0.0022889830084555423
qwen3,de,1772,17,8.025558781654992,40,1.0463503637508775,0.002415724052488708
qwen3,de,1772,18,8.68951954267665,38,1.0514874297739334,0.002620980154870649
qwen3,de,1772,19,9.407669204741923,34,1.0539242095637138,0.0028992636328219233
qwen3,de,1772,20,10.179076618235907,32,1.068085230642249,0.0032425239009772288
qwen3,de,1772,21,11.028566357572464,30,1.0745952564269834,0.0032574570855335074
qwen3,de,1772,22,11.94477170193431,27,1.0635976332741228,0.003744764162868781
qwen3,de,1772,23,12.924480781696696,25,1.0522982958392786,0.0037654498694313313
qwen3,de,1772,24,13.983106740258739,23,1.0337982228205322,0.003985497481202657
qwen3,de,1772,25,15.146496450348943,22,1.017537057329944,0.003837092637527523
qwen3,de,1772,26,16.421220753444423,20,1.0119697180355651,0.003931031329608242
qwen3,de,1772,27,17.774568996970093,18,1.0020715176724826,0.004072023550383943
qwen3,de,1772,28,19.235136338697405,17,1.0174207686671142,0.004191689468238468
qwen3,de,1772,29,20.796881250446052,15,1.0595155426193401,0.004865494820261179
qwen3,de,1772,30,22.511839961743885,15,1.02619131237606,0.00467924595209628
qwen3,de,1772,31,24.38700267466527,13,0.9720530532718488,0.004626761374397575
qwen3,de,1772,32,26.43351109040132,13,0.9446787456737041,0.004674496491416032
qwen3,de,1772,33,28.650364158817133,11,0.9331983464892706,0.0049518843109390845
qwen3,de,1772,34,30.920474771901404,10,0.9188484283581941,0.005311559789771827
qwen3,de,1772,35,33.44593172081344,10,0.9076588692862559,0.005030789717402511
qwen3,de,1772,36,36.25725566717276,9,0.9161757248498519,0.005527929324544931
qwen3,de,1772,37,39.205599316416965,8,0.9114277680346966,0.00563212106891722
qwen3,de,1772,38,42.45756834172835,8,0.9021461640638175,0.005503026783637237
qwen3,de,1772,39,46.03409888580932,7,0.9143755860505246,0.006011688376938179
qwen3,de,1772,40,49.96608705487118,7,0.9083785675910971,0.006229467586079356
qwen3,de,1772,41,54.265543124911304,6,0.9168972862178215,0.006678628629520789
qwen3,de,1772,42,58.526232769908994,5,0.9073636868718988,0.006832722688808653
qwen3,de,1772,43,63.03030727083153,5,0.9116379494296724,0.007138356259866064
qwen3,de,1772,44,68.28564122718676,5,0.92806018606464,0.007063917471536737
qwen3,de,1772,45,73.81678310713458,4,0.952699690331424,0.00874724170157123
qwen3,de,1772,46,80.34462965429582,5,0.9475383048826665,0.00805245080415168
qwen3,de,1772,47,87.1620907268156,3,0.9699328846032449,0.010015095818504125
qwen3,de,1772,48,94.19204238801649,4,0.9814416317150556,0.009203566109679893
qwen3,de,1772,49,102.42134222654549,3,0.989429925233224,0.009621355307451295
qwen3,de,1772,50,110.72967047543887,3,0.9852453313621162,0.010342104500745807
qwen3,de,1772,51,120.50534605263967,3,0.9940788810515121,0.009744447216868632
qwen3,de,1772,52,130.04813004819508,2,1.0067987926057969,0.011806286325793725
qwen3,de,1772,53,138.86740554154198,2,1.040111633801362,0.013165229434847213
qwen3,de,1772,54,151.77313332607557,3,1.0228819445565274,0.010761196060210457
qwen3,de,1772,55,167.21849977399827,2,1.0525709610063307,0.01303424966382376
qwen3,de,1772,56,178.0869565217391,1,1.0517158478838373,0.017022674102185786
qwen3,de,1772,57,190.5631662896068,2,1.0910407598771545,0.013001482611365026
qwen3,de,1772,58,210.12036650703962,2,1.0946251499408581,0.01407126727259499
qwen3,de,1772,59,227.5555555555556,1,1.1248608726853773,0.01770906275003463
qwen3,de,1772,60,240.9411764705883,1,1.1392445693248356,0.018904289271906703
qwen3,de,1772,61,264.39566310109325,2,1.1569433712952628,0.01563569609452536
qwen3,de,1772,62,292.57142857142867,1,1.1978969886593942,0.019971069321419222
qwen3,de,1772,63,315.076923076923,1,1.228093701322309,0.022044796447116134
qwen3,de,1772,64,341.33333333333337,1,1.2732043705973235,0.022323748763990455
qwen3,de,1772,65,372.3636363636366,1,1.3009112817531352,0.02667033246275562
qwen3,de,1772,66,409.6000000000002,1,1.2414197951937802,0.021365603084078137
qwen3,de,1772,67,455.1111111111112,1,1.3460407790538702,0.027442440530256147
qwen3,de,1772,68,512.0,1,1.3821262785895618,0.025630563466511547
qwen3,de,1772,69,585.1428571428573,1,1.4572014919486038,0.02780381478904545
qwen3,de,1772,70,682.6666666666667,1,1.583585673850656,0.0377767703374045
qwen3,de,1772,71,819.2000000000004,1,1.6408676556733572,0.04191220507834296
qwen3,de,1772,72,1024.0,1,1.8354023551171725,0.05135003862100538
qwen3,de,1772,73,1365.3333333333335,1,2.041776062499368,0.06186253875611171
qwen3,de,1772,74,2048.0,1,2.5964833794222173,0.08463747099713402
qwen3,de,1772,75,4096.0,1,3.8473351244711758,0.14254156915965838
qwen3,it,875,0,2.079738366502104,157,0.9973391003876723,0.0022258664402850844
qwen3,it,875,1,2.251755740869529,144,1.0047008035760676,0.0022697598423070207
qwen3,it,875,2,2.4380159059456386,134,1.0200839890940139,0.0023484580778228587
qwen3,it,875,3,2.6398663190468756,123,1.0369383417775726,0.00250956028730954
qwen3,it,875,4,2.858095516768718,114,1.0694618560567986,0.002760369012828957
qwen3,it,875,5,3.0944667104130863,105,1.0918072391455789,0.0030705596280136208
qwen3,it,875,6,3.3500197264183567,97,1.1137288120291085,0.0032259459242887974
qwen3,it,875,7,3.627343166455213,90,1.1237243859887949,0.0033126265105744806
qwen3,it,875,8,3.92626195301624,82,1.1117301332048202,0.003182361362380018
qwen3,it,875,9,4.250092689272306,77,1.0928667812902433,0.0031660189074852532
qwen3,it,875,10,4.603468074230814,71,1.052923408778117,0.0027271967221956027
qwen3,it,875,11,4.984267095470073,65,1.0043876300223291,0.002727278580622059
qwen3,it,875,12,5.394424560964031,60,0.9762283003149654,0.002703577329826367
qwen3,it,875,13,5.840467452356643,56,0.941966585062313,0.002853536042631299
qwen3,it,875,14,6.322619408629094,51,0.918264666814697,0.0031790709698701373
qwen3,it,875,15,6.845610607228076,48,0.9104302336408038,0.0035109580066406032
qwen3,it,875,16,7.415533941273617,44,0.9025954813869348,0.003674094893813162
qwen3,it,875,17,8.025558781654992,40,0.8832574201593151,0.0036845406839911177
qwen3,it,875,18,8.68951954267665,38,0.8799733869177645,0.0036471893759577414
qwen3,it,875,19,9.407669204741923,34,0.8724453214800468,0.003910952766890736
qwen3,it,875,20,10.179076618235907,32,0.8860086111649673,0.003939401811047761
qwen3,it,875,21,11.028566357572464,30,0.9018397684647774,0.004373605752019346
qwen3,it,875,22,11.94477170193431,27,0.8998522487681754,0.004954587560236162
qwen3,it,875,23,12.924480781696696,25,0.9085610961904707,0.006906606504634425
qwen3,it,875,24,13.983106740258739,23,0.9005804391388212,0.007735755087628666
qwen3,it,875,25,15.146496450348943,22,0.8867552491856924,0.006524240342859573
qwen3,it,875,26,16.421220753444423,20,0.8712967807645786,0.006020471959480916
qwen3,it,875,27,17.774568996970093,18,0.865612703836107,0.006494883020931373
qwen3,it,875,28,19.235136338697405,17,0.8609871613458538,0.005718468038377373
qwen3,it,875,29,20.796881250446052,15,0.901796789226848,0.006371059511258666
qwen3,it,875,30,22.511839961743885,15,0.9359133122112899,0.006378376276969244
qwen3,it,875,31,24.38700267466527,13,0.8910643850676002,0.006609974562108132
qwen3,it,875,32,26.43351109040132,13,0.8633227013722446,0.0062851183210167645
qwen3,it,875,33,28.650364158817133,11,0.8554699327109028,0.006797646381654662
qwen3,it,875,34,30.920474771901404,10,0.8513682941392055,0.006935384012308194
qwen3,it,875,35,33.44593172081344,10,0.831589244642716,0.006360257361069362
qwen3,it,875,36,36.25725566717276,9,0.8405990335915421,0.007036965522942467
qwen3,it,875,37,39.205599316416965,8,0.835483768123279,0.006832717819596851
qwen3,it,875,38,42.45756834172835,8,0.8393138565011611,0.0070446123953378705
qwen3,it,875,39,46.03409888580932,7,0.8370860772090001,0.007215989298139267
qwen3,it,875,40,49.96608705487118,7,0.8536249917588196,0.007772900589707677
qwen3,it,875,41,54.265543124911304,6,0.8633905733098647,0.008542222715889744
qwen3,it,875,42,58.526232769908994,5,0.8695084984407757,0.00897705126032964
qwen3,it,875,43,63.03030727083153,5,0.8736991973021455,0.009068189793542718
qwen3,it,875,44,68.28564122718676,5,0.8702178099094566,0.009396444551714447
qwen3,it,875,45,73.81678310713458,4,0.8924374158546444,0.010733326606984143
qwen3,it,875,46,80.34462965429582,5,0.8982985416795599,0.010089941255989464
qwen3,it,875,47,87.1620907268156,3,0.9226462422032655,0.01268797225631161
qwen3,it,875,48,94.19204238801649,4,0.9043005183671312,0.010669376945793509
qwen3,it,875,49,102.42134222654549,3,0.9136443821676283,0.012280003717363848
qwen3,it,875,50,110.72967047543887,3,0.9550458913325234,0.013869367959402933
qwen3,it,875,51,120.50534605263967,3,0.9552773340202155,0.012764086150723683
qwen3,it,875,52,130.04813004819508,2,0.9779032551729475,0.016415840598535014
qwen3,it,875,53,138.86740554154198,2,0.9361351404368023,0.015266072300504127
qwen3,it,875,54,151.77313332607557,3,0.9886442276389159,0.016345967107841454
qwen3,it,875,55,167.21849977399827,2,0.9984488006158782,0.016836656255276448
qwen3,it,875,56,178.0869565217391,1,1.0231010904917968,0.022486366792697287
qwen3,it,875,57,190.5631662896068,2,1.0530606276417276,0.018356092255365004
qwen3,it,875,58,210.12036650703962,2,1.06837232597877,0.019387195376791674
qwen3,it,875,59,227.5555555555556,1,1.0800363722293234,0.025488999032083157
qwen3,it,875,60,240.9411764705883,1,1.1212288256744554,0.02589900706540619
qwen3,it,875,61,264.39566310109325,2,1.1585096077524888,0.02724683813635392
qwen3,it,875,62,292.57142857142867,1,1.096560392378413,0.02555497873984627
qwen3,it,875,63,315.076923076923,1,1.1830407638902598,0.035134351780050865
qwen3,it,875,64,341.33333333333337,1,1.2471304392999374,0.033159182254550786
qwen3,it,875,65,372.3636363636366,1,1.180251126937274,0.027909902283424236
qwen3,it,875,66,409.6000000000002,1,1.266298156785809,0.03965879627927608
qwen3,it,875,67,455.1111111111112,1,1.304530245141367,0.03374430825229188
qwen3,it,875,68,512.0,1,1.374713978776014,0.046685236895436306
qwen3,it,875,69,585.1428571428573,1,1.3559901857662893,0.03942150409006641
qwen3,it,875,70,682.6666666666667,1,1.4182825310252343,0.044024565850134374
qwen3,it,875,71,819.2000000000004,1,1.5278902661001952,0.04638775380759039
qwen3,it,875,72,1024.0,1,1.6538505103121897,0.0483379339265421
qwen3,it,875,73,1365.3333333333335,1,1.8219670996983919,0.05435795920687782
qwen3,it,875,74,2048.0,1,2.2100239749677146,0.1006906596742151
qwen3,it,875,75,4096.0,1,3.347057520822349,0.16523429869929226
qwen3,es,726,0,2.079738366502104,157,0.9625322020125109,0.002496755111437636
qwen3,es,726,1,2.251755740869529,144,0.9724285874715646,0.0026407138978207356
qwen3,es,726,2,2.4380159059456386,134,0.989678371242989,0.00277644015502084
qwen3,es,726,3,2.6398663190468756,123,1.0171612334652984,0.0029271640534406845
qwen3,es,726,4,2.858095516768718,114,1.047011593491639,0.003154539778561311
qwen3,es,726,5,3.0944667104130863,105,1.0809509785413909,0.0034376458181086156
qwen3,es,726,6,3.3500197264183567,97,1.113597198848811,0.003782231141801054
qwen3,es,726,7,3.627343166455213,90,1.1334833796692845,0.003859309503390088
qwen3,es,726,8,3.92626195301624,82,1.1376596217589885,0.003842866842227409
qwen3,es,726,9,4.250092689272306,77,1.116220116699583,0.0035214766222673418
qwen3,es,726,10,4.603468074230814,71,1.071160718769674,0.003186413454016561
qwen3,es,726,11,4.984267095470073,65,1.0307526445338824,0.003052331698187366
qwen3,es,726,12,5.394424560964031,60,0.9853041074731699,0.0029513191730132235
qwen3,es,726,13,5.840467452356643,56,0.9544708870765951,0.0030887222011418513
qwen3,es,726,14,6.322619408629094,51,0.9302844219982257,0.0032681421062809306
qwen3,es,726,15,6.845610607228076,48,0.9124326952086329,0.0032896429281829157
qwen3,es,726,16,7.415533941273617,44,0.9045692882261454,0.003491381578924314
qwen3,es,726,17,8.025558781654992,40,0.9041878528727857,0.004286794415043151
qwen3,es,726,18,8.68951954267665,38,0.9049983261983934,0.0058499932060900135
qwen3,es,726,19,9.407669204741923,34,0.9164478459545827,0.006683166096023767
qwen3,es,726,20,10.179076618235907,32,0.9152224263607934,0.005550135422801273
qwen3,es,726,21,11.028566357572464,30,0.9158848482008707,0.005681588273981187
qwen3,es,726,22,11.94477170193431,27,0.8982148873656267,0.006268575066702439
qwen3,es,726,23,12.924480781696696,25,0.8951387264246004,0.006211554993284171
qwen3,es,726,24,13.983106740258739,23,0.8801672409085223,0.00713249686929481
qwen3,es,726,25,15.146496450348943,22,0.8685951026437595,0.0066487810857787
qwen3,es,726,26,16.421220753444423,20,0.8666900693538246,0.006398881495424852
qwen3,es,726,27,17.774568996970093,18,0.8703234269980442,0.006645066245550921
qwen3,es,726,28,19.235136338697405,17,0.9048152512613251,0.0072815056990288085
qwen3,es,726,29,20.796881250446052,15,0.9468753982546543,0.007285434366567142
qwen3,es,726,30,22.511839961743885,15,0.9311248347361766,0.007550350157181776
qwen3,es,726,31,24.38700267466527,13,0.8843876995234058,0.00757225478057818
qwen3,es,726,32,26.43351109040132,13,0.8662233224160445,0.007507593691688381
qwen3,es,726,33,28.650364158817133,11,0.8635643564519021,0.0077537203545675025
qwen3,es,726,34,30.920474771901404,10,0.8591468059692664,0.00789661464449589
qwen3,es,726,35,33.44593172081344,10,0.857297249323642,0.008297489614401464
qwen3,es,726,36,36.25725566717276,9,0.8603283076412943,0.008428619669601015
qwen3,es,726,37,39.205599316416965,8,0.8688233207489501,0.008954299183380076
qwen3,es,726,38,42.45756834172835,8,0.8717681092200704,0.00901002060256885
qwen3,es,726,39,46.03409888580932,7,0.8563818969352637,0.009348159397578104
qwen3,es,726,40,49.96608705487118,7,0.8789122221141612,0.00959728228834713
qwen3,es,726,41,54.265543124911304,6,0.8961647947096736,0.012020246941709082
qwen3,es,726,42,58.526232769908994,5,0.9062904122026271,0.011960119529546768
qwen3,es,726,43,63.03030727083153,5,0.9028588311785648,0.011308181375787032
qwen3,es,726,44,68.28564122718676,5,0.9123853504525813,0.011666082175941428
qwen3,es,726,45,73.81678310713458,4,0.9305728727038723,0.013893833286097767
qwen3,es,726,46,80.34462965429582,5,0.93865159239312,0.012235391533081027
qwen3,es,726,47,87.1620907268156,3,0.9390525921511568,0.015170032906020418
qwen3,es,726,48,94.19204238801649,4,0.9458310862792448,0.015431673666770918
qwen3,es,726,49,102.42134222654549,3,0.9572293815928453,0.01467601775901758
qwen3,es,726,50,110.72967047543887,3,0.9957644816819955,0.016399127383577745
qwen3,es,726,51,120.50534605263967,3,1.0070679112261627,0.01694094618643423
qwen3,es,726,52,130.04813004819508,2,1.0231216399233845,0.01905421875123435
qwen3,es,726,53,138.86740554154198,2,1.0312935253698168,0.0189184131677104
qwen3,es,726,54,151.77313332607557,3,1.0320358416358169,0.01681155092962562
qwen3,es,726,55,167.21849977399827,2,1.062276182295437,0.020861000571153827
qwen3,es,726,56,178.0869565217391,1,1.108526911334037,0.027215664464185822
qwen3,es,726,57,190.5631662896068,2,1.0556084404342523,0.021783714460891966
qwen3,es,726,58,210.12036650703962,2,1.124561249636455,0.024706510806410842
qwen3,es,726,59,227.5555555555556,1,1.071755340726286,0.028006145935872664
qwen3,es,726,60,240.9411764705883,1,1.1549608055803666,0.029815995006696294
qwen3,es,726,61,264.39566310109325,2,1.1461834768096895,0.025220410724373817
qwen3,es,726,62,292.57142857142867,1,1.1752354675562908,0.03142512552249132
qwen3,es,726,63,315.076923076923,1,1.2616320809225592,0.03717215008134825
qwen3,es,726,64,341.33333333333337,1,1.2376071341478951,0.036296841704648385
qwen3,es,726,65,372.3636363636366,1,1.2272047260012307,0.035828548267571106
qwen3,es,726,66,409.6000000000002,1,1.3793031651336427,0.03831907373773596
qwen3,es,726,67,455.1111111111112,1,1.3606537582799392,0.03834350479775271
qwen3,es,726,68,512.0,1,1.386677212658299,0.04283304163612278
qwen3,es,726,69,585.1428571428573,1,1.4345291193136152,0.04096621760222884
qwen3,es,726,70,682.6666666666667,1,1.5302349696539317,0.05548055573880351
qwen3,es,726,71,819.2000000000004,1,1.6594025834543398,0.054715955051286444
qwen3,es,726,72,1024.0,1,1.8745481106982638,0.09836204621714825
qwen3,es,726,73,1365.3333333333335,1,2.050509037819035,0.0700799124829271
qwen3,es,726,74,2048.0,1,2.434606744572352,0.10226476917208425
qwen3,es,726,75,4096.0,1,3.8722424875353947,0.24174140929873977
qwen3,pt,431,0,2.079738366502104,157,0.9776226048762651,0.003120528200146203
qwen3,pt,431,1,2.251755740869529,144,0.9882674348533221,0.0031672066052838344
qwen3,pt,431,2,2.4380159059456386,134,1.012359287972392,0.003494701453168334
qwen3,pt,431,3,2.6398663190468756,123,1.0371689638010284,0.003773796264815639
qwen3,pt,431,4,2.858095516768718,114,1.075489967692361,0.0041968699729994655
qwen3,pt,431,5,3.0944667104130863,105,1.1057517902225562,0.004631761813046671
qwen3,pt,431,6,3.3500197264183567,97,1.1326163890504282,0.00518372289112033
qwen3,pt,431,7,3.627343166455213,90,1.137016016253454,0.005033829539538889
qwen3,pt,431,8,3.92626195301624,82,1.124019538245984,0.005091132888539583
qwen3,pt,431,9,4.250092689272306,77,1.0846301156597398,0.004620960272917953
qwen3,pt,431,10,4.603468074230814,71,1.0447752367275882,0.004058061273498435
qwen3,pt,431,11,4.984267095470073,65,0.9963743658249914,0.0037508781452482176
qwen3,pt,431,12,5.394424560964031,60,0.9522839826421491,0.004159795790984221
qwen3,pt,431,13,5.840467452356643,56,0.9237365369476617,0.004526330142778805
qwen3,pt,431,14,6.322619408629094,51,0.9087975247347309,0.005122330451033243
qwen3,pt,431,15,6.845610607228076,48,0.8974221359593035,0.00553962869317247
qwen3,pt,431,16,7.415533941273617,44,0.8797939153238883,0.005124514403991796
qwen3,pt,431,17,8.025558781654992,40,0.8762101561909158,0.004967154665251373
qwen3,pt,431,18,8.68951954267665,38,0.863140057410075,0.006417764635169364
qwen3,pt,431,19,9.407669204741923,34,0.8733930208567868,0.008252660517824048
qwen3,pt,431,20,10.179076618235907,32,0.878347707523515,0.007150370585039714
qwen3,pt,431,21,11.028566357572464,30,0.8838801565025479,0.006605272007245254
qwen3,pt,431,22,11.94477170193431,27,0.9004055786597689,0.009055177641171438
qwen3,pt,431,23,12.924480781696696,25,0.9026824189242639,0.00987100543700478
qwen3,pt,431,24,13.983106740258739,23,0.8865078929312032,0.00932711499877405
qwen3,pt,431,25,15.146496450348943,22,0.8596523342834594,0.0074516913835683055
qwen3,pt,431,26,16.421220753444423,20,0.8462779329329753,0.006946190193328139
qwen3,pt,431,27,17.774568996970093,18,0.8396214365726431,0.007116111372049321
qwen3,pt,431,28,19.235136338697405,17,0.8593560227305751,0.007681119168780817
qwen3,pt,431,29,20.796881250446052,15,0.8996359827119044,0.009193013627346851
qwen3,pt,431,30,22.511839961743885,15,0.9262958592262048,0.00894909722075299
qwen3,pt,431,31,24.38700267466527,13,0.9077035951727579,0.009683463305984906
qwen3,pt,431,32,26.43351109040132,13,0.8785742256317762,0.01336943407243759
qwen3,pt,431,33,28.650364158817133,11,0.8802088732659936,0.012674665619503877
qwen3,pt,431,34,30.920474771901404,10,0.8657587155550052,0.009498465119658524
qwen3,pt,431,35,33.44593172081344,10,0.8676507588918881,0.009666245456266142
qwen3,pt,431,36,36.25725566717276,9,0.8725533783772982,0.011060511808079562
qwen3,pt,431,37,39.205599316416965,8,0.8759334026004642,0.012218144097472579
qwen3,pt,431,38,42.45756834172835,8,0.8865819547006076,0.012130312538323886
qwen3,pt,431,39,46.03409888580932,7,0.8925862973111203,0.011954828321995277
qwen3,pt,431,40,49.96608705487118,7,0.8966251123040171,0.011512982769566419
qwen3,pt,431,41,54.265543124911304,6,0.8787110183350578,0.01208992032948159
qwen3,pt,431,42,58.526232769908994,5,0.9118571554073898,0.014981669289617855
qwen3,pt,431,43,63.03030727083153,5,0.9211478686603605,0.013543230099993454
qwen3,pt,431,44,68.28564122718676,5,0.9072322048309351,0.01440138917568959
qwen3,pt,431,45,73.81678310713458,4,0.9343107193638159,0.015853948709174774
qwen3,pt,431,46,80.34462965429582,5,0.9449301325559754,0.015895408125921686
qwen3,pt,431,47,87.1620907268156,3,0.9481368540751062,0.018863698159734835
qwen3,pt,431,48,94.19204238801649,4,1.0002287926850302,0.02188549556031686
qwen3,pt,431,49,102.42134222654549,3,1.0109675656527755,0.02023176495693281
qwen3,pt,431,50,110.72967047543887,3,1.0160066557771732,0.021502142624747245
qwen3,pt,431,51,120.50534605263967,3,1.0199852295409049,0.020230804633207547
qwen3,pt,431,52,130.04813004819508,2,1.0511201839504944,0.0231042013434722
qwen3,pt,431,53,138.86740554154198,2,1.0554651348641686,0.02624597703246683
qwen3,pt,431,54,151.77313332607557,3,1.023164087992729,0.020720248945177565
qwen3,pt,431,55,167.21849977399827,2,1.0838652446022918,0.02507471407501563
qwen3,pt,431,56,178.0869565217391,1,1.0887074001061716,0.031451604774662835
qwen3,pt,431,57,190.5631662896068,2,1.070558319965558,0.026942398861726016
qwen3,pt,431,58,210.12036650703962,2,1.1321971671210158,0.027993282302386662
qwen3,pt,431,59,227.5555555555556,1,1.117386293011814,0.03460113325451587
qwen3,pt,431,60,240.9411764705883,1,1.2092822464518518,0.03905022142963265
qwen3,pt,431,61,264.39566310109325,2,1.198412784571402,0.029046220979106026
qwen3,pt,431,62,292.57142857142867,1,1.1745353372278697,0.0373030680788932
qwen3,pt,431,63,315.076923076923,1,1.269386040238127,0.045246293128508835
qwen3,pt,431,64,341.33333333333337,1,1.3030433804035881,0.04265767992938663
qwen3,pt,431,65,372.3636363636366,1,1.3256085982910724,0.044079844184771066
qwen3,pt,431,66,409.6000000000002,1,1.395411826478213,0.05026997561284301
qwen3,pt,431,67,455.1111111111112,1,1.4657544705636147,0.05379805028284643
qwen3,pt,431,68,512.0,1,1.5788047040254634,0.06046111721919031
qwen3,pt,431,69,585.1428571428573,1,1.5262722421157007,0.05854479428817791
qwen3,pt,431,70,682.6666666666667,1,1.6377076017656171,0.08010814192129095
qwen3,pt,431,71,819.2000000000004,1,1.7287080648398325,0.07891929224063862
qwen3,pt,431,72,1024.0,1,1.9377423572590742,0.08635958746145143
qwen3,pt,431,73,1365.3333333333335,1,2.147085364496904,0.08999259429736473
qwen3,pt,431,74,2048.0,1,2.872394686770403,0.18336164432066668
qwen3,pt,431,75,4096.0,1,4.886998995134081,0.3487697498866263
qwen3,fi,2739,0,2.079738366502104,157,0.944185021943206,0.0011498869720186927
qwen3,fi,2739,1,2.251755740869529,144,0.9517505324103621,0.001168695270571246
qwen3,fi,2739,2,2.4380159059456386,134,0.9649750406953352,0.001238308050229458
qwen3,fi,2739,3,2.6398663190468756,123,0.9792740538194687,0.001318147038442342
qwen3,fi,2739,4,2.858095516768718,114,0.9936433557737409,0.0014146780714265996
qwen3,fi,2739,5,3.0944667104130863,105,1.004107496167518,0.0014932467575485286
qwen3,fi,2739,6,3.3500197264183567,97,1.0073972341943769,0.001582214584729999
qwen3,fi,2739,7,3.627343166455213,90,1.0065593649044595,0.001661337071820109
qwen3,fi,2739,8,3.92626195301624,82,0.9932118783851419,0.001635546023823052
qwen3,fi,2739,9,4.250092689272306,77,0.9782297391574155,0.0016226824701290696
qwen3,fi,2739,10,4.603468074230814,71,0.9695892935045346,0.0015556418567014712
qwen3,fi,2739,11,4.984267095470073,65,0.9615140446988856,0.0015783441236680617
qwen3,fi,2739,12,5.394424560964031,60,0.9508808666640602,0.001618456560029299
qwen3,fi,2739,13,5.840467452356643,56,0.9423776322405069,0.0015677123399397816
qwen3,fi,2739,14,6.322619408629094,51,0.9312335369650633,0.0016080189721171393
qwen3,fi,2739,15,6.845610607228076,48,0.930939628474798,0.0016654742496226835
qwen3,fi,2739,16,7.415533941273617,44,0.9298572918481569,0.0018018190139708194
qwen3,fi,2739,17,8.025558781654992,40,0.9300825921306358,0.001807631827493133
qwen3,fi,2739,18,8.68951954267665,38,0.943449665495882,0.0018878341501843646
qwen3,fi,2739,19,9.407669204741923,34,0.9626422469637188,0.0022370803811825293
qwen3,fi,2739,20,10.179076618235907,32,0.9882034347458073,0.0036375394568149404
qwen3,fi,2739,21,11.028566357572464,30,1.0036016005234372,0.004434910011811493
qwen3,fi,2739,22,11.94477170193431,27,1.0139192750220996,0.0037646396275255057
qwen3,fi,2739,23,12.924480781696696,25,1.031423218421957,0.0036181109065319657
qwen3,fi,2739,24,13.983106740258739,23,1.0490678024271736,0.003756028086567651
qwen3,fi,2739,25,15.146496450348943,22,1.0446228130252915,0.0036358814732789465
qwen3,fi,2739,26,16.421220753444423,20,1.0397183138977317,0.0033879682317155555
qwen3,fi,2739,27,17.774568996970093,18,1.0409519734171129,0.003460336524011922
qwen3,fi,2739,28,19.235136338697405,17,1.0472734937557973,0.0036076984821135014
qwen3,fi,2739,29,20.796881250446052,15,1.0542745678067924,0.003827136137742375
qwen3,fi,2739,30,22.511839961743885,15,1.0671566538111512,0.003889381400617032
qwen3,fi,2739,31,24.38700267466527,13,1.0776740565054073,0.004104176067367909
qwen3,fi,2739,32,26.43351109040132,13,1.1210147532572239,0.004352320763318755
qwen3,fi,2739,33,28.650364158817133,11,1.1233031758199628,0.00472288750969947
qwen3,fi,2739,34,30.920474771901404,10,1.1059111082641349,0.004647032990543115
qwen3,fi,2739,35,33.44593172081344,10,1.1116276879546036,0.004478173892512
qwen3,fi,2739,36,36.25725566717276,9,1.1202778313619233,0.0048303060913306405
qwen3,fi,2739,37,39.205599316416965,8,1.1168551569641383,0.004968126165253526
qwen3,fi,2739,38,42.45756834172835,8,1.133700674993366,0.004993116369354002
qwen3,fi,2739,39,46.03409888580932,7,1.1469412378356478,0.005396687099341067
qwen3,fi,2739,40,49.96608705487118,7,1.1501609580645178,0.00552337137902732
qwen3,fi,2739,41,54.265543124911304,6,1.1694321638539615,0.006123551267391053
qwen3,fi,2739,42,58.526232769908994,5,1.171305115342744,0.006563146566522457
qwen3,fi,2739,43,63.03030727083153,5,1.19041866581233,0.006527566490899068
qwen3,fi,2739,44,68.28564122718676,5,1.205545622789067,0.0067481792349577555
qwen3,fi,2739,45,73.81678310713458,4,1.2148769167505828,0.007511799072233873
qwen3,fi,2739,46,80.34462965429582,5,1.2380112073951635,0.007109828564517458
qwen3,fi,2739,47,87.1620907268156,3,1.2633508726661047,0.008815702725673275
qwen3,fi,2739,48,94.19204238801649,4,1.2838376169499321,0.008399064500142639
qwen3,fi,2739,49,102.42134222654549,3,1.2908923832211574,0.00988720290390695
qwen3,fi,2739,50,110.72967047543887,3,1.278486246251598,0.009274095393832577
qwen3,fi,2739,51,120.50534605263967,3,1.3037342175259636,0.009163738698048096
qwen3,fi,2739,52,130.04813004819508,2,1.3198610710095535,0.0110246691040924
qwen3,fi,2739,53,138.86740554154198,2,1.3425861654608517,0.01152282086495431
qwen3,fi,2739,54,151.77313332607557,3,1.3549964376830188,0.009456368771296261
qwen3,fi,2739,55,167.21849977399827,2,1.3805842109864144,0.012185186146438275
qwen3,fi,2739,56,178.0869565217391,1,1.4063519031923988,0.016694037192806623
qwen3,fi,2739,57,190.5631662896068,2,1.40683204400894,0.012500774102745934
qwen3,fi,2739,58,210.12036650703962,2,1.432863571270145,0.01213962902806376
qwen3,fi,2739,59,227.5555555555556,1,1.4309574649656462,0.016967066950497035
qwen3,fi,2739,60,240.9411764705883,1,1.5119656105799049,0.01781592266085937
qwen3,fi,2739,61,264.39566310109325,2,1.511631331620803,0.01393394861407124
qwen3,fi,2739,62,292.57142857142867,1,1.5438375137023919,0.018451193027726884
qwen3,fi,2739,63,315.076923076923,1,1.5759849686496257,0.018819422026903072
qwen3,fi,2739,64,341.33333333333337,1,1.5805807733153214,0.019160389795252128
qwen3,fi,2739,65,372.3636363636366,1,1.6632560414411814,0.020597582560796093
qwen3,fi,2739,66,409.6000000000002,1,1.649622532399634,0.0196884571474258
qwen3,fi,2739,67,455.1111111111112,1,1.710220015194597,0.021199527218677294
qwen3,fi,2739,68,512.0,1,1.772278833680904,0.02240711475454445
qwen3,fi,2739,69,585.1428571428573,1,1.848356452190429,0.023897193534780616
qwen3,fi,2739,70,682.6666666666667,1,1.938187284161949,0.02510657984865411
qwen3,fi,2739,71,819.2000000000004,1,2.024224037595789,0.02654994458597347
qwen3,fi,2739,72,1024.0,1,2.192849580209296,0.030388751552938784
qwen3,fi,2739,73,1365.3333333333335,1,2.5048602178108563,0.038890068567459
qwen3,fi,2739,74,2048.0,1,2.8878410713866334,0.0467042084642741
qwen3,fi,2739,75,4096.0,1,4.148224402503958,0.0801803609305844
qwen3,nl,851,0,2.079738366502104,157,0.9362060667193245,0.0018552834084298087
qwen3,nl,851,1,2.251755740869529,144,0.9388913810433093,0.001955473760878053
qwen3,nl,851,2,2.4380159059456386,134,0.9467445813306711,0.002037022002739407
qwen3,nl,851,3,2.6398663190468756,123,0.9621660769473382,0.002131299019695556
qwen3,nl,851,4,2.858095516768718,114,0.9744948625781635,0.002171377477206809
qwen3,nl,851,5,3.0944667104130863,105,0.989458184557906,0.0023152221439369874
qwen3,nl,851,6,3.3500197264183567,97,1.0066046023320276,0.002501834714346907
qwen3,nl,851,7,3.627343166455213,90,1.0227894093787055,0.002533679857923197
qwen3,nl,851,8,3.92626195301624,82,1.0321317262937626,0.0027337848887685344
qwen3,nl,851,9,4.250092689272306,77,1.037042988497327,0.0028300569100321716
qwen3,nl,851,10,4.603468074230814,71,1.0391221928311867,0.0029045315714938415
qwen3,nl,851,11,4.984267095470073,65,1.0302538021879923,0.0029511687597744782
qwen3,nl,851,12,5.394424560964031,60,1.0281761089828205,0.0029362069223366353
qwen3,nl,851,13,5.840467452356643,56,1.0105285351623365,0.003059016462238379
qwen3,nl,851,14,6.322619408629094,51,1.0033479733249158,0.0030386935476917555
qwen3,nl,851,15,6.845610607228076,48,1.0069323822429728,0.0030865909476250034
qwen3,nl,851,16,7.415533941273617,44,1.0116934594936564,0.003247300201709019
qwen3,nl,851,17,8.025558781654992,40,1.008744009005931,0.0033811059278681197
qwen3,nl,851,18,8.68951954267665,38,1.0082985583125827,0.003795779803522763
qwen3,nl,851,19,9.407669204741923,34,1.0107569530653133,0.004080280474855148
qwen3,nl,851,20,10.179076618235907,32,1.0161337781780155,0.004401717062146716
qwen3,nl,851,21,11.028566357572464,30,1.0363649320716055,0.004456997156662854
qwen3,nl,851,22,11.94477170193431,27,1.0334204199994443,0.004756694309845264
qwen3,nl,851,23,12.924480781696696,25,1.0331962391315694,0.0052178162293808165
qwen3,nl,851,24,13.983106740258739,23,1.0297914195154971,0.005425537199052819
qwen3,nl,851,25,15.146496450348943,22,1.0157473778912782,0.00552910393965408
qwen3,nl,851,26,16.421220753444423,20,1.0061313207756344,0.005669585817999672
qwen3,nl,851,27,17.774568996970093,18,1.009911791088755,0.0062479024932868025
qwen3,nl,851,28,19.235136338697405,17,1.0063486657693748,0.006137453563057597
qwen3,nl,851,29,20.796881250446052,15,1.0144262990058743,0.006682236896042589
qwen3,nl,851,30,22.511839961743885,15,1.0470882548387823,0.006223152966818925
qwen3,nl,851,31,24.38700267466527,13,1.011759160655147,0.006770836103048269
qwen3,nl,851,32,26.43351109040132,13,0.9849247205878676,0.0072693090445800305
qwen3,nl,851,33,28.650364158817133,11,0.9773811313943228,0.007392753568142268
qwen3,nl,851,34,30.920474771901404,10,0.9842735759928546,0.007892832280457592
qwen3,nl,851,35,33.44593172081344,10,0.9606417354483892,0.007131689265312617
qwen3,nl,851,36,36.25725566717276,9,0.9685698213450586,0.007763861324837319
qwen3,nl,851,37,39.205599316416965,8,0.9683300622614952,0.00809471218489346
qwen3,nl,851,38,42.45756834172835,8,0.9663746425137151,0.00808237160886479
qwen3,nl,851,39,46.03409888580932,7,0.9890569968409595,0.009214403481131242
qwen3,nl,851,40,49.96608705487118,7,0.9973186534705066,0.010461874357598292
qwen3,nl,851,41,54.265543124911304,6,0.9906175498945873,0.009923094924965608
qwen3,nl,851,42,58.526232769908994,5,0.9848035826903682,0.010851082397086388
qwen3,nl,851,43,63.03030727083153,5,0.999505781939371,0.01054884170060541
qwen3,nl,851,44,68.28564122718676,5,1.0087427775088185,0.011235921605617927
qwen3,nl,851,45,73.81678310713458,4,1.0049009187506441,0.011351958241035692
qwen3,nl,851,46,80.34462965429582,5,1.0234813812313293,0.011860950319134622
qwen3,nl,851,47,87.1620907268156,3,1.0292569513616192,0.013433137727799672
qwen3,nl,851,48,94.19204238801649,4,1.0575744585046558,0.013119090894542596
qwen3,nl,851,49,102.42134222654549,3,1.0469964021457678,0.014110219283038121
qwen3,nl,851,50,110.72967047543887,3,1.067615356568689,0.01495426580757267
qwen3,nl,851,51,120.50534605263967,3,1.0825412284485467,0.015083235079696824
qwen3,nl,851,52,130.04813004819508,2,1.0845947425375886,0.01744619479873375
qwen3,nl,851,53,138.86740554154198,2,1.0993851665310288,0.017999442084906878
qwen3,nl,851,54,151.77313332607557,3,1.1139865735502186,0.01599183931786396
qwen3,nl,851,55,167.21849977399827,2,1.116480270089576,0.017496152708302737
qwen3,nl,851,56,178.0869565217391,1,1.1319985190308974,0.026792053354984594
qwen3,nl,851,57,190.5631662896068,2,1.1801262528950693,0.019724029360221395
qwen3,nl,851,58,210.12036650703962,2,1.1568851509092954,0.019827931750109187
qwen3,nl,851,59,227.5555555555556,1,1.206689813694216,0.02602150344937033
qwen3,nl,851,60,240.9411764705883,1,1.1853409804443242,0.025360840980971324
qwen3,nl,851,61,264.39566310109325,2,1.2105441798694527,0.02328043612712647
qwen3,nl,851,62,292.57142857142867,1,1.251969335159383,0.03474397568668109
qwen3,nl,851,63,315.076923076923,1,1.2537454720956522,0.029015244087089127
qwen3,nl,851,64,341.33333333333337,1,1.3365186108649383,0.03189543895935222
qwen3,nl,851,65,372.3636363636366,1,1.3241697980154288,0.03521086201044091
qwen3,nl,851,66,409.6000000000002,1,1.341354507252543,0.031990861196129344
qwen3,nl,851,67,455.1111111111112,1,1.3756101590328864,0.03753416847963369
qwen3,nl,851,68,512.0,1,1.4550641528095039,0.0362929211104266
qwen3,nl,851,69,585.1428571428573,1,1.479537472994137,0.040018638831061076
qwen3,nl,851,70,682.6666666666667,1,1.6021074920667258,0.046431350751753635
qwen3,nl,851,71,819.2000000000004,1,1.702112725146054,0.04773137238648215
qwen3,nl,851,72,1024.0,1,1.764947693453437,0.06506336554826765
qwen3,nl,851,73,1365.3333333333335,1,2.0514377844771934,0.06400380919914722
qwen3,nl,851,74,2048.0,1,2.406405920161019,0.0790788839071192
qwen3,nl,851,75,4096.0,1,3.5456131645848576,0.12736871839025768
qwen3,hu,488,0,2.079738366502104,157,0.9086774958936454,0.0023109503216835288
qwen3,hu,488,1,2.251755740869529,144,0.9178547834692458,0.0023464478583923604
qwen3,hu,488,2,2.4380159059456386,134,0.928486486353451,0.0023629622616627086
qwen3,hu,488,3,2.6398663190468756,123,0.9464032522691971,0.0025286392972721275
qwen3,hu,488,4,2.858095516768718,114,0.9630718515681833,0.0026104207247866244
qwen3,hu,488,5,3.0944667104130863,105,0.9855329089854629,0.002846461611800693
qwen3,hu,488,6,3.3500197264183567,97,0.9958539522526377,0.003095974189090222
qwen3,hu,488,7,3.627343166455213,90,1.0051544137534962,0.0033034658760245353
qwen3,hu,488,8,3.92626195301624,82,1.017663547862218,0.003453790873912163
qwen3,hu,488,9,4.250092689272306,77,1.0340339856152068,0.003672774544070665
qwen3,hu,488,10,4.603468074230814,71,1.0277533715568328,0.0035865175421159814
qwen3,hu,488,11,4.984267095470073,65,1.0247860487110558,0.0038547377195334268
qwen3,hu,488,12,5.394424560964031,60,1.022914731041219,0.003910094789785748
qwen3,hu,488,13,5.840467452356643,56,1.0129867578771397,0.003798694187172073
qwen3,hu,488,14,6.322619408629094,51,1.012253480394741,0.0037649978159292885
qwen3,hu,488,15,6.845610607228076,48,1.0092368925647324,0.004134539478995576
qwen3,hu,488,16,7.415533941273617,44,1.0093497587245908,0.003966279149235293
qwen3,hu,488,17,8.025558781654992,40,1.0097551141801349,0.004455969437440427
qwen3,hu,488,18,8.68951954267665,38,1.0092113308113522,0.004734925482640615
qwen3,hu,488,19,9.407669204741923,34,1.020718256294878,0.0047337753327043085
qwen3,hu,488,20,10.179076618235907,32,1.0271164067784992,0.0050646953573436765
qwen3,hu,488,21,11.028566357572464,30,1.0381379012242993,0.005331920458197032
qwen3,hu,488,22,11.94477170193431,27,1.0316853263693848,0.006354957912794464
qwen3,hu,488,23,12.924480781696696,25,1.0458428771828978,0.00662961052847667
qwen3,hu,488,24,13.983106740258739,23,1.0560416836862454,0.0065293072963576405
qwen3,hu,488,25,15.146496450348943,22,1.0574190829747385,0.006970919507843218
qwen3,hu,488,26,16.421220753444423,20,1.0558523560385624,0.007229585832243512
qwen3,hu,488,27,17.774568996970093,18,1.0561838318031525,0.007235317382440596
qwen3,hu,488,28,19.235136338697405,17,1.0384416751627017,0.007889164208061624
qwen3,hu,488,29,20.796881250446052,15,1.0461612418597128,0.008926869027328246
qwen3,hu,488,30,22.511839961743885,15,1.0320844635778803,0.00839419622220082
qwen3,hu,488,31,24.38700267466527,13,1.0327784376848443,0.009569672119915922
qwen3,hu,488,32,26.43351109040132,13,1.0296413896155614,0.008695661763546065
qwen3,hu,488,33,28.650364158817133,11,1.0568421878520096,0.009409048855495808
qwen3,hu,488,34,30.920474771901404,10,1.0650010515993564,0.009915557927159892
qwen3,hu,488,35,33.44593172081344,10,1.0583180536658339,0.009301097558984268
qwen3,hu,488,36,36.25725566717276,9,1.026878545385823,0.01084869291009166
qwen3,hu,488,37,39.205599316416965,8,1.041701445922775,0.01128865172077374
qwen3,hu,488,38,42.45756834172835,8,1.0417164037661908,0.011194909153073621
qwen3,hu,488,39,46.03409888580932,7,1.0408422392545311,0.0110993834571821
qwen3,hu,488,40,49.96608705487118,7,1.0406657854515529,0.011343568347634943
qwen3,hu,488,41,54.265543124911304,6,1.0596948833583373,0.012289365982663865
qwen3,hu,488,42,58.526232769908994,5,1.0745526855233047,0.01304369137223831
qwen3,hu,488,43,63.03030727083153,5,1.0759917871093854,0.013627561779838707
qwen3,hu,488,44,68.28564122718676,5,1.101706766885377,0.015096649956700587
qwen3,hu,488,45,73.81678310713458,4,1.114593555023126,0.016057551578929942
qwen3,hu,488,46,80.34462965429582,5,1.1104182035986974,0.015450393923872083
qwen3,hu,488,47,87.1620907268156,3,1.145663123008059,0.01972930238766284
qwen3,hu,488,48,94.19204238801649,4,1.1071390626460684,0.016848618469453604
qwen3,hu,488,49,102.42134222654549,3,1.1653605595409036,0.019693386506356703
qwen3,hu,488,50,110.72967047543887,3,1.1505273667338223,0.018971394458524932
qwen3,hu,488,51,120.50534605263967,3,1.1966721362152761,0.021230007268313648
qwen3,hu,488,52,130.04813004819508,2,1.1875297425847098,0.024469601497145797
qwen3,hu,488,53,138.86740554154198,2,1.191507934353955,0.023754616715926345
qwen3,hu,488,54,151.77313332607557,3,1.2123275543637206,0.021289386094639918
qwen3,hu,488,55,167.21849977399827,2,1.2215414061752183,0.024359288632593335
qwen3,hu,488,56,178.0869565217391,1,1.1967403068945954,0.033448772417388375
qwen3,hu,488,57,190.5631662896068,2,1.284203130472704,0.025836222930897598
qwen3,hu,488,58,210.12036650703962,2,1.2931273873706526,0.027157831179104704
qwen3,hu,488,59,227.5555555555556,1,1.3383195270378667,0.03631306956686593
qwen3,hu,488,60,240.9411764705883,1,1.277504845887642,0.04067457783758435
qwen3,hu,488,61,264.39566310109325,2,1.3550116380960973,0.03234845470416442
qwen3,hu,488,62,292.57142857142867,1,1.3464530163758877,0.037979724485483944
qwen3,hu,488,63,315.076923076923,1,1.3058058380413156,0.035152339933908365
qwen3,hu,488,64,341.33333333333337,1,1.3620038721870946,0.03609693985255621
qwen3,hu,488,65,372.3636363636366,1,1.4396614623637616,0.042339149225108896
qwen3,hu,488,66,409.6000000000002,1,1.5234182532036962,0.044392283263197746
qwen3,hu,488,67,455.1111111111112,1,1.4975725493144079,0.04376846053234159
qwen3,hu,488,68,512.0,1,1.5050083011178457,0.04692857546972837
qwen3,hu,488,69,585.1428571428573,1,1.6388299989727388,0.04742357515107644
qwen3,hu,488,70,682.6666666666667,1,1.6483052121565431,0.05394660582410625
qwen3,hu,488,71,819.2000000000004,1,1.7662315604952716,0.058775855184929955
qwen3,hu,488,72,1024.0,1,1.969896629341781,0.07756762602745662
qwen3,hu,488,73,1365.3333333333335,1,2.1398325322651264,0.08374560370799014
qwen3,hu,488,74,2048.0,1,2.513121861147916,0.10021519023373918
qwen3,hu,488,75,4096.0,1,3.4562490477479235,0.14796292671769726
qwen3,zh,324,0,2.079738366502104,157,0.9001985005127114,0.004975154281317076
qwen3,zh,324,1,2.251755740869529,144,0.9102180288057634,0.004698398826268945
qwen3,zh,324,2,2.4380159059456386,134,0.9404591942894546,0.0051906928858350245
qwen3,zh,324,3,2.6398663190468756,123,0.9305684212439016,0.004810925374372971
qwen3,zh,324,4,2.858095516768718,114,0.9109760431909766,0.004258178358178045
qwen3,zh,324,5,3.0944667104130863,105,0.8867910664099303,0.0042965290791709704
qwen3,zh,324,6,3.3500197264183567,97,0.8738654403652997,0.0038349398848299605
qwen3,zh,324,7,3.627343166455213,90,0.883811510642169,0.004464503520421369
qwen3,zh,324,8,3.92626195301624,82,0.9029292623533614,0.00490481942833287
qwen3,zh,324,9,4.250092689272306,77,0.9332925591586899,0.004534233994670626
qwen3,zh,324,10,4.603468074230814,71,0.9691245316366928,0.005423712313758712
qwen3,zh,324,11,4.984267095470073,65,1.0034916543184709,0.006060557349659076
qwen3,zh,324,12,5.394424560964031,60,1.0319495459137273,0.0062625196281544965
qwen3,zh,324,13,5.840467452356643,56,1.0522281600016685,0.006634653675406811
qwen3,zh,324,14,6.322619408629094,51,1.0509362734663004,0.007326504657223685
qwen3,zh,324,15,6.845610607228076,48,1.0268996605376135,0.0067424215860143865
qwen3,zh,324,16,7.415533941273617,44,1.0152198460913733,0.006758506074311523
qwen3,zh,324,17,8.025558781654992,40,0.9975595319749113,0.007493863080552645
qwen3,zh,324,18,8.68951954267665,38,1.0118604285065134,0.007631842504283621
qwen3,zh,324,19,9.407669204741923,34,0.986365897673799,0.007827981862511556
qwen3,zh,324,20,10.179076618235907,32,0.9750518083880012,0.007703278571401728
qwen3,zh,324,21,11.028566357572464,30,0.9828476496471846,0.00964052748039116
qwen3,zh,324,22,11.94477170193431,27,0.9857071941370901,0.009549925177817501
qwen3,zh,324,23,12.924480781696696,25,0.9852136514527956,0.008162228848818624
qwen3,zh,324,24,13.983106740258739,23,0.9936640866735261,0.008530151292861133
qwen3,zh,324,25,15.146496450348943,22,0.999590347417757,0.00923583316349343
qwen3,zh,324,26,16.421220753444423,20,1.0056366736152937,0.009221328735044516
qwen3,zh,324,27,17.774568996970093,18,1.0460264454802986,0.010219037085749193
qwen3,zh,324,28,19.235136338697405,17,1.0425034852579251,0.01152747605553573
qwen3,zh,324,29,20.796881250446052,15,1.051723611335066,0.011048521417843123
qwen3,zh,324,30,22.511839961743885,15,1.0738134567930486,0.011609412751853468
qwen3,zh,324,31,24.38700267466527,13,1.0948349993415358,0.01484861929300245
qwen3,zh,324,32,26.43351109040132,13,1.109772738541219,0.013247112940800405
qwen3,zh,324,33,28.650364158817133,11,1.108612071717041,0.01372272946892762
qwen3,zh,324,34,30.920474771901404,10,1.1392869689029952,0.014786404487237802
qwen3,zh,324,35,33.44593172081344,10,1.1686821752506211,0.016584947910964595
qwen3,zh,324,36,36.25725566717276,9,1.2325051066645651,0.016669356659063727
qwen3,zh,324,37,39.205599316416965,8,1.2030914153828984,0.017487564427213855
qwen3,zh,324,38,42.45756834172835,8,1.2091280984495785,0.017989986258129254
qwen3,zh,324,39,46.03409888580932,7,1.2022731487288032,0.018445326502219368
qwen3,zh,324,40,49.96608705487118,7,1.2400887217485574,0.021272146422396228
qwen3,zh,324,41,54.265543124911304,6,1.27403479124521,0.022917490287801785
qwen3,zh,324,42,58.526232769908994,5,1.2355249763253917,0.023652365267866057
qwen3,zh,324,43,63.03030727083153,5,1.3194187382597735,0.024494068572379804
qwen3,zh,324,44,68.28564122718676,5,1.3518618453017497,0.02774388848844813
qwen3,zh,324,45,73.81678310713458,4,1.3797508510781589,0.028410444514535473
qwen3,zh,324,46,80.34462965429582,5,1.3772222951830944,0.028580612684261965
qwen3,zh,324,47,87.1620907268156,3,1.4439882429925646,0.03565329154924228
qwen3,zh,324,48,94.19204238801649,4,1.4177469117730372,0.031025120787671594
qwen3,zh,324,49,102.42134222654549,3,1.4930589004978025,0.03446736027905244
qwen3,zh,324,50,110.72967047543887,3,1.5392697884129214,0.04226738558082345
qwen3,zh,324,51,120.50534605263967,3,1.633692566386316,0.04611295894720722
qwen3,zh,324,52,130.04813004819508,2,1.6169818457197918,0.048811711042788676
qwen3,zh,324,53,138.86740554154198,2,1.647876062705182,0.04686495411461303
qwen3,zh,324,54,151.77313332607557,3,1.7312173884895212,0.04380254855954615
qwen3,zh,324,55,167.21849977399827,2,1.8386398256464362,0.05451626679188617
qwen3,zh,324,56,178.0869565217391,1,1.8488400604046753,0.07621156057927563
qwen3,zh,324,57,190.5631662896068,2,1.9048364542661957,0.06457490166233067
qwen3,zh,324,58,210.12036650703962,2,1.9329004542441393,0.06405582315777303
qwen3,zh,324,59,227.5555555555556,1,1.9695421348800275,0.07793904260991068
qwen3,zh,324,60,240.9411764705883,1,1.9988102708626665,0.08372293026941323
qwen3,zh,324,61,264.39566310109325,2,2.2098545455889167,0.07199918704046053
qwen3,zh,324,62,292.57142857142867,1,2.347552779650965,0.1030898822512006
qwen3,zh,324,63,315.076923076923,1,2.437888123373069,0.11509329111448381
qwen3,zh,324,64,341.33333333333337,1,2.49845639532799,0.11890500992336052
qwen3,zh,324,65,372.3636363636366,1,2.462229123335073,0.11580125459075416
qwen3,zh,324,66,409.6000000000002,1,2.640786047744738,0.11450905132011235
qwen3,zh,324,67,455.1111111111112,1,2.946745199147905,0.15034200656670224
qwen3,zh,324,68,512.0,1,3.0700869002265385,0.17202364615467455
qwen3,zh,324,69,585.1428571428573,1,3.602875397907142,0.19322569801101702
qwen3,zh,324,70,682.6666666666667,1,3.3771869103060106,0.1816695972421144
qwen3,zh,324,71,819.2000000000004,1,3.9632708823729814,0.18930329760295986
qwen3,zh,324,72,1024.0,1,4.456306775121374,0.2781579328192726
qwen3,zh,324,73,1365.3333333333335,1,5.952165828776834,0.37233141582050594
qwen3,zh,324,74,2048.0,1,7.863353861050053,0.5421472241863349
qwen3,zh,324,75,4096.0,1,12.354212256799242,1.016993540081858
