corpus,document_id,window_length,omnibus_p,mass_2_4,log_ratio_2_4,mass_4_8,log_ratio_4_8,mass_8_16,log_ratio_8_16,mass_16_32,log_ratio_16_32,mass_32_64,log_ratio_32_64,mass_64_128,log_ratio_64_128,mass_128_256,log_ratio_128_256,mass_256_512,log_ratio_256_512
brown,ca01,1024,0.746268656716418,0.5091454062216199,0.018252720844967874,0.2360993966676134,-0.056654919572684426,0.12194924423089999,-0.022569943280510874,0.06331732987864072,0.046609861739931535,0.03265258878103423,0.059363722213564785,0.02253638476023425,0.452627962544879,0.0033287017702446475,-0.7267568184779076,0.003895762820797897,0.39905358293584925
brown,ca02,1024,0.572139303482587,0.47650768550228784,-0.051049559926398924,0.246906878326324,-0.005532417604469542,0.12189938047499418,-0.006024380758713033,0.07105204552276213,0.12931380476112286,0.029179319392966363,-0.04229694978395493,0.017221355262302767,0.18715892283018132,0.015008334536988938,0.7298944758299903,0.008624259654995286,1.0308817216718609
brown,ca03,1024,0.32338308457711445,0.508045944487779,0.019323635188703947,0.2137947017695337,-0.15120650627505627,0.12208625351912927,-0.02571619449640261,0.07688396273291756,0.22018114715478543,0.026356407034192397,-0.13295805154207851,0.016083446926505283,0.0754969808132433,0.008826599525188215,0.21313439579648108,0.014687926323044151,1.534778859927827
brown,ca04,1024,0.32338308457711445,0.47724228513963235,-0.04587106169527522,0.2742908760053582,0.10024024797194797,0.1100748211896262,-0.14229780533873715,0.07657172521419855,0.21712279980833404,0.021292596176974703,-0.33063343875972206,0.01755077301613533,0.20178311258780912,0.013036240039039386,0.7197867113393004,0.0025317492783886284,-0.20152725113720837
brown,ca05,1024,0.009950248756218905,0.5168889973066308,0.03699738761767268,0.1969976491478777,-0.23630619746575032,0.09475850127416688,-0.277012525026898,0.11067070822591002,0.5767059439806412,0.034055349804090675,0.12852751393890172,0.0264032873882813,0.5781040326368005,0.006824617045448242,0.02492073517244897,0.0067096358925929946,0.7101910616522042
brown,ca06,1024,0.24378109452736318,0.5248351511851232,0.047856597652098265,0.2045951029313321,-0.1961201242328301,0.1241924612663443,0.004892434496546638,0.07436378674814378,0.18174391481794805,0.03142681467123831,0.05380257744018957,0.013146939299715988,-0.07704240410293295,0.01246747066045828,0.5701777260953138,0.0087437996006577,1.1132842189006613
brown,ca07,1024,0.46766169154228854,0.4621997009911943,-0.07291292817973116,0.2628679428513722,0.05208495694252324,0.11568692340132428,-0.09101996520307853,0.06332898144396484,0.018657531212533218,0.04477742841066358,0.4227000604257225,0.017002235235842086,0.1731247237753868,0.007941033547443788,0.10119788973958155,0.00800793283172642,1.0447061788069645
brown,ca08,1024,0.2835820895522388,0.47437498266772105,-0.05238022419620214,0.24886895681708587,-0.003626207477637644,0.11147393004815412,-0.09684071343227751,0.06907697453213348,0.09201977758423707,0.049475811192486556,0.49954347383139064,0.018689385365395227,0.2269639008078057,0.015512622438634969,0.8267850339700971,0.0021938148950822007,-0.21610819439029338
brown,ca09,1024,0.12935323383084577,0.49048814972953747,-0.01712307964952353,0.23509337900061025,-0.06885066081961266,0.1532193418920661,0.2225407441337901,0.0428997235407577,-0.3543812773827111,0.02903900364516924,-0.01630786278138352,0.02757295399688644,0.6337276232386841,0.012525066595741036,0.5421822574945594,0.004860050625226068,0.4821365494062393
brown,ca10,1024,0.16417910447761194,0.4962461871231715,-0.007336405897616749,0.21748397932075914,-0.13915092409688867,0.11961571003511351,-0.03650441963849005,0.07788814447408925,0.23612048817691278,0.037180886390132284,0.21970533403137527,0.027434297750447336,0.6159432674176801,0.007657434367726982,0.15652723268618374,0.01142405058974557,1.3438177653393373
brown,ca11,1024,0.2537313432835821,0.5376496412122451,0.0688131227461215,0.22018385820605313,-0.11966978603172929,0.12170877622208952,-0.026399774281072652,0.06742223155325314,0.11161367435810332,0.020088445982930723,-0.41207451654683647,0.019783618612061002,0.2958917794405487,0.00509470554721097,-0.30205070095778996,0.00412454983171992,0.31895495302601873
brown,ca12,1024,0.5074626865671642,0.48091316880123125,-0.03754014417850904,0.22885522175740813,-0.0844317108083863,0.14568220547548796,0.15956619626090718,0.06500831235393956,0.04870528996335244,0.026045967931844223,-0.13923580886603126,0.01795547770156114,0.1979176157345126,0.007797679150529282,0.14585300250777777,0.012219504399808546,1.3187302194810648
brown,ca13,1024,0.04975124378109453,0.4430086811016649,-0.12116227545663083,0.22733289197091347,-0.09154587690792226,0.1563378114284899,0.2430281753027903,0.06265009792560383,0.006689868912039376,0.03813665251503896,0.2258331821179751,0.024871636831848808,0.5238202310801161,0.015710236135490517,0.88251160801265,0.00329722199643689,0.054916557784725484
brown,ca14,1024,0.009950248756218905,0.4214995234271388,-0.1718701473724885,0.2907538506687916,0.16309847742447214,0.12959788858728516,0.039521632975001886,0.04515559882008997,-0.30946600095693144,0.0391049031916801,0.25177262751316754,0.043262773386128425,1.0908423580122246,0.008626561875460636,0.21983538601362973,0.01514307243540429,1.6476083613533836
brown,ca15,1024,0.10945273631840796,0.47085368097152214,-0.061831134475020644,0.2581542756310783,0.04049495334961262,0.1135916266464573,-0.09279205245769528,0.06219511701903186,0.00950970911225113,0.06033140652389553,0.6921450119256622,0.013413506672005925,-0.06713452330825653,0.005418138953785506,-0.20209814315821628,0.00900160858170286,1.0319488336005573
brown,ca16,1024,0.22885572139303484,0.47216291871316524,-0.05279233480764156,0.22695030572578778,-0.09928925109817532,0.13825487545927123,0.12067250180635702,0.07241986746960083,0.14151578654876174,0.04696913518011917,0.4416990996831798,0.02523795891531929,0.5436538743383021,0.005488573702748156,-0.19498321544099717,0.007120959506165569,0.8505290204500815
brown,ca17,1024,0.01990049751243781,0.424625476156909,-0.16203873519064715,0.3113363437031552,0.21942293565156024,0.13266557723949468,0.052759016916566814,0.05828014049047315,-0.03765300487841827,0.02841110440863972,-0.02687150921043413,0.02670863059529526,0.6520213649792201,0.009086938891472923,0.23688037629522007,0.0026378094338800283,-0.16521507805023905
brown,ca18,1024,0.6666666666666666,0.4635733427695535,-0.07107250179172808,0.2720626626776025,0.07394986836996154,0.13227500100253115,0.07047829515425263,0.06944062799871784,0.11113872778888201,0.03099891960399833,0.03222030011986199,0.01850678201214595,0.26025122006872836,0.007482789657537715,0.1662280032986958,0.0017403852944631807,-0.5256896566728448
brown,ca19,1024,0.13432835820895522,0.507214373510309,0.016911254322381386,0.2439436125362343,-0.021225581857051923,0.131782869188836,0.05527873572515052,0.04286615012287513,-0.37172756409723906,0.04945323648477508,0.5042718980299381,0.010051634063682164,-0.3684628035098845,0.004021535336072233,-0.5422976335322423,0.007629328327414561,0.9134842928306339
brown,ca20,1024,0.6666666666666666,0.46851458542757113,-0.06935939236322586,0.25104404146429693,0.008627865291410908,0.13599894782066466,0.10860616815666502,0.06394727650930618,0.029664772087126146,0.03789756752338538,0.24037968150804367,0.014183408750745237,-0.05192558922477275,0.009796213895327636,0.41283439350425066,0.005017401831431031,0.5625452190080455
brown,ca21,1024,0.029850746268656716,0.4589922185561386,-0.08681195594827396,0.24606253615971924,-0.009642504889512127,0.1206807826705492,-0.03159374228327305,0.05696845552807432,-0.09063775624122883,0.059453095810546516,0.6996462951993667,0.023848999145882885,0.5240332555877751,0.010030000447579759,0.41263220393806943,0.016444510478312056,1.732781723360934
brown,ca22,1024,0.06965174129353234,0.44796956804288696,-0.10506866412455584,0.23905574425861828,-0.0481841908577314,0.16832464814291,0.29933418298505776,0.05828292292300637,-0.06546838730973725,0.040439706634937206,0.2883997102655136,0.021278407884028967,0.40470283895002623,0.008184531205522878,0.20854125953798697,0.004903270773805918,0.5316747559889672
brown,ca23,1024,0.12935323383084577,0.47704721831757047,-0.04309517011639674,0.2242835939234965,-0.11393497684759613,0.1304498905619584,0.06005944858970258,0.08880827428832175,0.37327860014796466,0.029761489613803375,-0.01968227107262832,0.01944331525446407,0.2738287302278062,0.009485597205921362,0.261348019606225,0.01539405509483814,1.5817140710024855
brown,ca24,1024,0.5771144278606966,0.4716752384476386,-0.05851123522463386,0.2507419477410917,0.0104472015240471,0.11588257870063803,-0.05891420839260464,0.06806817032556316,0.10388586645355602,0.043065334030190014,0.3135203204525485,0.01610591624562502,0.12387868110730427,0.01645774590061633,0.8122254962518562,0.004082283545352566,0.1799472676929188
brown,ca25,1024,0.014925373134328358,0.4928323779428073,-0.011549273679895444,0.19114708946876413,-0.27241043485611915,0.14710923728261274,0.1649343734888633,0.07628053321504352,0.21612901538590634,0.049104109340303105,0.5236759816555248,0.015843859230058637,0.02635916480188083,0.01684920196796882,0.9357870785873752,0.002556034360861729,-0.13633550988056342
brown,ca26,1024,0.31840796019900497,0.47754087020439906,-0.04732111139983286,0.2961034448433245,0.18368300195957166,0.10646371191687093,-0.15119520355526506,0.0627946901234433,-0.009367277918996386,0.023861093678578867,-0.23197838331863396,0.014347542115653037,-0.03848474028479121,0.006409658000091694,-0.04857929239333458,0.0015234573632316607,-0.7194933849322727
brown,ca27,1024,0.472636815920398,0.49391097326015176,-0.011823978273353575,0.24095400709280163,-0.03511009078753724,0.10751925316155438,-0.139352591096098,0.07364570267161061,0.1735369997354459,0.035048573227998044,0.12653487251403472,0.02201732900799766,0.414713104790986,0.01394746135578857,0.6972048245414051,0.0066858892780979435,0.894918993646515
brown,ca28,1024,0.9203980099502488,0.5065065620857222,0.021833424425092396,0.23428066547335757,-0.06995301276506138,0.1182288442013453,-0.05531824089140347,0.06484536569997157,0.03961600976040369,0.034924329899752624,0.12379031599302515,0.017629203610235514,0.16889915050142879,0.010499484425414209,0.41751195308835864,0.003845514760546216,0.2928793274458892
brown,ca29,1024,0.6865671641791045,0.48278152898417953,-0.03465252545336106,0.23274878545540253,-0.06884823723862832,0.13820627066322433,0.10982363874977108,0.07213920118307773,0.16283701353213198,0.026335893657988545,-0.15251321165318998,0.013618222644181725,-0.10249711905891612,0.015176672839721858,0.7866007086400479,0.003185061733574083,0.20771461661914614
brown,ca30,1024,0.35323383084577115,0.5134375465261654,0.030390555593216684,0.2416794288540466,-0.03863273981329152,0.0984322406476164,-0.23670047995046684,0.07176212058898326,0.17260849263514633,0.029903947579569868,-0.02491350262847858,0.025499851762871777,0.5768125730997458,0.01206511135536485,0.5219587575707934,0.003986388972684002,0.29827699999440416
brown,ca31,1024,0.8955223880597015,0.5003177025052536,0.00011675885232187433,0.26581102314072336,0.0627579359443633,0.11493142390559812,-0.07583157764224424,0.054833833088005865,-0.11841789170778849,0.023878722923134314,-0.229417161480713,0.014934250176509452,0.05718437377291696,0.006702944458149112,-0.007054458622737236,0.005770084309815947,0.6776181022933008
brown,ca32,1024,0.5671641791044776,0.504962605146267,0.010330991292824998,0.22759548336138247,-0.0903770428593007,0.12341871226336497,0.002731140449868441,0.07366595139077775,0.1638658200818952,0.022822668918214918,-0.27991803656442915,0.014558590297907183,-0.029960885832285733,0.012859460186819546,0.6194819600446451,0.007180579443887373,0.9831924622568593
brown,ca33,1024,0.5223880597014925,0.4907754360829715,-0.012100014816208371,0.23320107372339194,-0.06990418361184103,0.12404081070481511,-0.009125505360624064,0.07232779872029818,0.14784976530470262,0.03164522604373148,0.038720894510413384,0.01678110290661195,0.12404234958701199,0.01910393585928468,1.0138748597368399,0.007886859163721576,1.0313124179176079
brown,ca34,1024,0.009950248756218905,0.5076842953758249,0.016678043771078066,0.2033461050484839,-0.19901942460433197,0.13956798679957555,0.10566341723202166,0.04518235176817933,-0.29727379648450913,0.06666596090827498,0.7757852264817755,0.020446949195586983,0.31065583156353593,0.0038777794454622305,-0.5913906165951426,0.01069629659845238,1.3373671292587783
brown,ca35,1024,0.0945273631840796,0.4870620973373267,-0.026724380982841356,0.2904255145089225,0.15326568061610502,0.10571601475848279,-0.1581080565546582,0.055255070762400826,-0.09894770189614022,0.025833066157168134,-0.14484411139907438,0.013321801438522846,-0.10925342999513354,0.009835993161896605,0.3020617996752648,0.0003925680013432307,-1.997103898894716
brown,ca36,1024,0.7810945273631841,0.49909416630295295,0.004289673639919278,0.2381034907606575,-0.049611587912648414,0.12287011116554367,-0.01714928224633372,0.06714602756146508,0.08177793641397013,0.03916989182789697,0.2379867651491736,0.02389015732243124,0.5215300640118357,0.0048553688221040624,-0.3648185449001957,0.003780744091104047,0.20863907101120827
brown,ca37,1024,0.5124378109452736,0.46345205821925217,-0.07636154287342756,0.25567058613380855,0.0324963334144408,0.14267209383108434,0.12473167335765067,0.07351092296296176,0.17117977695665276,0.032988079096182246,0.08330797959542524,0.020543429206042504,0.3625145403343373,0.005738540098663501,-0.16743024674866014,0.0022277582407960435,-0.34389206952985774
brown,ca38,1024,0.746268656716418,0.4727047685367591,-0.06015285266114567,0.2609666777907522,0.05288278909017241,0.12536440564636708,0.009323784423799442,0.06384935966410007,0.05024898735206618,0.042521648636685346,0.3400868804402335,0.01660893122201452,0.11721788481233197,0.00578285245050921,-0.14278257003040107,0.002124442803371359,-0.27461498259407247
brown,ca39,1024,0.12935323383084577,0.46539638767426705,-0.06895263209345404,0.23708362256238463,-0.058458879579170064,0.14775654096188737,0.18545225044034086,0.059382374092715816,-0.04459269479710182,0.03666167323296201,0.22524920474297616,0.012631493973996327,-0.16772190283869204,0.01167643705145245,0.4866274435292972,0.020251274153539757,1.8386045053854634
brown,ca40,1024,0.35323383084577115,0.4763303480196548,-0.049983932415259225,0.23933879666806512,-0.03807466638854207,0.13655725039219704,0.09457297562981748,0.06718963625201699,0.09275146531214018,0.05535420703426152,0.6099742200544727,0.011115521724308335,-0.2671300766224327,0.005298595193170888,-0.23428437988684703,0.00326241534669214,0.062481136579130236
brown,ca41,1024,0.04477611940298507,0.4705678133412031,-0.0562952536805531,0.2749892991126966,0.09770658381812192,0.12146210125628437,-0.027441658275590086,0.0680870646288935,0.0909714884068955,0.02402552415488804,-0.2332499053372552,0.026972015385315337,0.5881484612092671,0.009885480391462417,0.3628795257789932,0.00029553572177218307,-2.3045123294511427
brown,ca42,1024,0.3781094527363184,0.4778135677898154,-0.04014991497646103,0.22695540933920583,-0.10334065507247825,0.1285190639560817,0.0351628096379768,0.0784729321740496,0.2424563890164224,0.038019962520680364,0.25989516111055,0.02063536725778261,0.31000702624561427,0.014407014688741896,0.7292770215559825,0.005501155360983062,0.5013664842837402
brown,ca43,1024,0.47761194029850745,0.499356703063995,0.001489851464990255,0.2297733890701108,-0.08551395520629756,0.12592938900977196,0.006948578444866627,0.05055157599767161,-0.20464676163205064,0.04609936221179746,0.42823043631437097,0.014468456701814363,0.031768017698134976,0.003736351644873139,-0.5326364295611832,0.008061862790844117,0.9860227153560652
brown,ca44,1024,0.8955223880597015,0.507391653780784,0.015054998287525656,0.23249612918975224,-0.0720358862555992,0.12879120735403393,0.033861034769384624,0.06211815505048579,0.03189999840711044,0.03172430505721801,0.05929850648825452,0.02535685086029936,0.49261253029871765,0.004704351130821232,-0.3099167964728915,0.0038423926924373115,0.25941818631413494
brown,cb01,1024,0.5472636815920398,0.4855577708432306,-0.031277117756243644,0.23640814413892391,-0.047410063415194825,0.12421519300708878,-0.0002119334713914789,0.08374149143380394,0.3188381583776603,0.0342237645897022,0.10472733769083264,0.011547006198481615,-0.217818995715783,0.011298380572379103,0.48853516395159513,0.0053141942641250954,0.5247700530420536
brown,cb02,1024,0.06467661691542288,0.5113685201487931,0.023573503200557733,0.24729144336533,-0.0023938815245818645,0.09371195695137617,-0.29106805653405177,0.05507237397810677,-0.10760839786391108,0.037411836278779774,0.18138936201125988,0.01827985040470391,0.24436954910323472,0.02202898033101977,1.1319655001345859,0.0009040844453293297,-1.2011370355307314
brown,cb03,1024,0.03980099502487562,0.4387591176561904,-0.13124499218951047,0.27063246828203225,0.08127715132945856,0.13227554872739908,0.07650079049906866,0.08610784652724969,0.31238040616639084,0.04537020736120944,0.40396072853098985,0.007615664842197266,-0.6498246449454559,0.008605268467350482,0.232864596173461,0.001615939614061906,-0.5728644340845124
brown,cb04,1024,0.7761194029850746,0.5145678520437524,0.02752930010600474,0.22057809952374566,-0.12348851253987037,0.1267440017106845,0.02474053877272331,0.07076587372825335,0.16088508540481294,0.03390269031271276,0.10365808413686972,0.015441279230431648,0.015301089948470015,0.006753096696027763,-0.029556530452561347,0.0034745859716957387,0.23725598388107638
brown,cb05,1024,0.9800995024875622,0.5047205229018047,0.009799898539954888,0.23922294071083833,-0.03693817169391922,0.13329986192459234,0.08076533314953149,0.057543055441407344,-0.08642743326415214,0.03348631168909283,0.09022097764263215,0.014769514590077082,-0.009109090291320676,0.010770379252287892,0.4464127958917192,0.0032967680850587914,0.16673016261750373
brown,cb06,1024,0.7661691542288557,0.5075487413712595,0.01657319556882897,0.2675709844958597,0.06490549580037719,0.10321137993567879,-0.18663267054359878,0.05889627770391981,-0.026948047944912012,0.03658473651473272,0.18828764459274216,0.01101288164406555,-0.2787079930503422,0.00865570755929405,0.2402699500246186,0.0020432200236347314,-0.31993576198163076
brown,cb07,1024,0.263681592039801,0.4751692711534639,-0.05269954994849535,0.23355904367751276,-0.06818748306998224,0.14454775431822775,0.16037249070024773,0.05030676108787012,-0.18872274540853384,0.03383002399458411,0.13159022524818287,0.02651379603389782,0.6114750844421359,0.006395930064097704,-0.07641095835146405,0.010200642994281185,1.122461841923255
brown,cb08,1024,0.8407960199004975,0.48963043199513456,-0.018367785491660182,0.24988107817791003,0.006066094449266535,0.11752673488998744,-0.06892482666583266,0.06467948499546813,0.045928453713965034,0.04549979853316363,0.41605878072649327,0.015636694208086548,0.05545807538939762,0.00685857572339849,-0.035781229618057075,0.002072093831635938,-0.33165217696439075
brown,cb09,1024,0.07462686567164178,0.463936201124193,-0.07532700651498869,0.25153955029562325,0.010678332198611917,0.10348530270292874,-0.17991523841272672,0.0987729316268297,0.4557648950381217,0.031368255512459794,0.04434488091268651,0.021896214345941502,0.4241399051826913,0.010353894694362292,0.43227915602239,0.004578427278672717,0.37862537956989506
brown,cb10,1024,0.9253731343283582,0.5012363108087787,0.008118505863239922,0.24415259383937454,-0.025963922971632636,0.1225018257114456,-0.014412511306451936,0.06510989089634503,0.06338247332909219,0.03404491060252164,0.09415730016012436,0.010696046789456138,-0.3317411975254245,0.012399813142502988,0.5858046848249021,0.004048021907691588,0.25143422325052445
brown,cb11,1024,0.0945273631840796,0.5310768527968679,0.06181629636039143,0.271251911245263,0.09024984009251291,0.09072375594541618,-0.31898616510327926,0.06189473383131794,0.0021673329403548713,0.02370872290217225,-0.24819990653858381,0.00764500742590468,-0.6708769362646541,0.004898170285484187,-0.3351207639447642,0.004662073011320728,0.44013752463518685
brown,cb12,1024,0.1791044776119403,0.4792115873933418,-0.04386557924628254,0.24607073272558633,-0.004488130141578228,0.10371710514567509,-0.17446045279189315,0.04533023531483754,-0.3249336280803634,0.041054480264631175,0.2914332069405816,0.024231786845098535,0.5198095878672624,0.01159270401553256,0.4735284271176132,0.007786493433116253,0.9453059226836276
brown,cb13,1024,0.43781094527363185,0.48821534742384876,-0.026726545431204674,0.23261618377469812,-0.06463503799751025,0.12442993784864953,0.0071490182215447895,0.0758662222769695,0.21274707210008392,0.027769275651920597,-0.08408417518164324,0.008041154907845087,-0.6084513605126727,0.0078802312035236,0.17073914837994497,0.01008453169108746,1.2568297450852421
brown,cb14,1024,0.01990049751243781,0.562982556333535,0.12442127950264237,0.21422056227964056,-0.15920842177641004,0.11473833978633666,-0.06976203138197468,0.041051920697342696,-0.42291625540132616,0.02513306270599685,-0.1900642831411834,0.016561755176447514,0.1261953842916519,0.008484922071485455,0.17637156259127806,0.01120531676631381,1.2981770626717202
brown,cb15,1024,0.6119402985074627,0.4882380305900627,-0.02378713510514341,0.24723256678395145,-0.011740358003158535,0.11065261741519913,-0.11684090195123176,0.07499546525496677,0.19598751338810816,0.03144700055954254,0.061692306333415825,0.02042709530926987,0.37111836459469894,0.005985784888591762,-0.16401206880514696,0.010107475761157999,1.2499662181112008
brown,cb16,1024,0.900497512437811,0.49186506275294706,-0.014984273915927493,0.2394321997994494,-0.038842900825184934,0.14120754222076576,0.128087787751336,0.06212480710973202,-0.005045346862330824,0.02611980092371074,-0.13986815237189942,0.02055090350935722,0.3178354826785639,0.005372866536227535,-0.2513047652096567,0.002360718773678345,-0.1775630396994865
brown,cb17,1024,0.04975124378109453,0.446841861050416,-0.10623540857862279,0.23844356296872948,-0.039585716491480794,0.17115088120638633,0.299734809864008,0.07383637913292478,0.16610301007744077,0.02124829191950227,-0.36285089586264974,0.011979263229344785,-0.209850989283896,0.005152021661737283,-0.2801499525665374,0.011019534007646473,1.2972880736406092
brown,cb18,1024,0.004975124378109453,0.47867864387402126,-0.04245199397466204,0.1845875956081645,-0.30013310455968556,0.08908008686192093,-0.32625668821116305,0.08616604686956221,0.3304248461811321,0.059980910202127515,0.6822226776578955,0.01662155657671605,0.12999064363994517,0.02228837534731202,1.1853814873658828,0.008866242999177166,1.0591570801612695
brown,cb19,1024,0.009950248756218905,0.44780373738578716,-0.11106471852780642,0.2206084835875161,-0.12378157454589678,0.16707468027532435,0.2956116739726331,0.08386357684307688,0.3097695708838355,0.02501622022217625,-0.17761550080017718,0.02010013606531424,0.3708044271183355,0.016199276351238523,0.8222259563011249,0.008876429687957838,1.0427476288431023
brown,cb20,1024,0.4228855721393035,0.4987285027239617,-0.0034239593076155206,0.2520028840772298,0.012669631451435626,0.14906998199802649,0.17972759784793313,0.05201713979855096,-0.1428087026822289,0.02096574112971735,-0.3669934166633477,0.012024877015145144,-0.22598162722514026,0.004696300826916978,-0.3784675846061214,0.009227433169839018,1.0726242887709345
brown,cb21,1024,0.23383084577114427,0.5479264569120931,0.09518918920475561,0.22611859589979189,-0.10149598689018902,0.12555437479485718,0.008729112273604844,0.046877227891682555,-0.28005244784115924,0.02360325113746998,-0.20410223668182192,0.013094622116574339,-0.11646048287747313,0.009511295715128407,0.24948641632744462,0.005276011995593176,0.5661771931369071
brown,cb22,1024,0.47761194029850745,0.48754213328929835,-0.02692179518608051,0.2616910237541078,0.048860086121931046,0.13563477122283707,0.09838444622713283,0.06855509848229195,0.0968711570001326,0.016770310508697886,-0.6007915510698694,0.013412750806352472,-0.07991017358520836,0.004612220672293728,-0.34554998668383785,0.005005956811406271,0.5629714121626828
brown,cb23,1024,0.12935323383084577,0.5046325491515058,0.008619193578477624,0.2797063525867811,0.11891422932048856,0.10222236926050607,-0.20792002505911356,0.056834190995370105,-0.08150009406742731,0.016625959992789666,-0.5719086590705396,0.02163149822117434,0.4498907571809614,0.011159519423420222,0.41571391666060187,0.0022513905238348703,-0.367943196379235
brown,cb24,1024,0.18407960199004975,0.47423552556959664,-0.05169391055568373,0.2468469854037212,-0.013635960947202097,0.10168857127104224,-0.1974812553063794,0.08166923317128506,0.28398134020883514,0.04456155514233946,0.3915644958583888,0.020812186142086762,0.3568533534290683,0.011680657778002933,0.5283929780908139,0.0026596565955193767,-0.1243197023427074
brown,cb25,1024,0.004975124378109453,0.42807769600340567,-0.16059164212078636,0.2756108987440023,0.11274962945547773,0.14037844911138328,0.11729164472647824,0.09088988055281003,0.4024848615572947,0.04222928673257387,0.34074586675072904,0.014163134179082722,-0.05447129491439995,0.003137260344277317,-0.7554370150021903,0.0034210245959070637,0.17129464650719584
brown,cb26,1024,0.6119402985074627,0.501968150720429,0.003257671891185976,0.23267924037819587,-0.06789826289863532,0.13302778290319248,0.07060364974116995,0.06718860727332279,0.07457763687898566,0.023608583836926045,-0.19724221624727178,0.01263568966554113,-0.17188693148124212,0.012422311791338517,0.642574082150766,0.01096180508678864,1.3432204738121163
brown,cb27,1024,0.4129353233830846,0.502176865480435,0.007817011701737098,0.24533961803178123,-0.024345827110404006,0.10966482972412213,-0.11413986982449753,0.061395629419956285,-0.004659587924565667,0.0422978043020517,0.3533458706114634,0.022207701363983444,0.36800185822297005,0.003053732861454444,-0.8382007330026884,0.00721473039453446,0.8981133239954247
brown,cc01,1024,0.48756218905472637,0.49205815000411,-0.017512684837004522,0.24754807271351786,-0.012989095309001053,0.09981612955144645,-0.19814915318316517,0.06111723308041369,-0.004997325612565717,0.036044347694555154,0.1628716713014322,0.016854738413899686,0.122535750190079,0.012220231591856116,0.5533557100955546,0.011899653520287627,1.4009239754692207
brown,cc02,1024,0.07960199004975124,0.5526879000509389,0.10130482595598866,0.21449791664143636,-0.15078254455762607,0.11492378782164597,-0.06402262955176274,0.04837893887913466,-0.24818023836197645,0.03155423275489605,0.03308266997596787,0.01731187447448553,0.12896315047914264,0.004296047939490122,-0.491848109833386,0.007439460696371412,0.8574687062360455
brown,cc03,1024,0.373134328358209,0.47701809709675275,-0.047038188318184404,0.26141536328334525,0.050978388418225995,0.12899830939712584,0.03513582740787147,0.06156427662971556,-0.0004892297604430773,0.021606952673961594,-0.3588688105469888,0.02533950020776796,0.5101903289759302,0.018365199175212607,1.1060978798773946,0.00395288901455198,0.32750794425871366
brown,cc04,1024,0.835820895522388,0.4861619080488038,-0.02841316429807539,0.25994623375311054,0.043399378074929995,0.12698552072473784,0.018502835072287116,0.05749610028311361,-0.055995759789286836,0.03937534169596339,0.2564552091672163,0.011198538644707679,-0.26500075676708157,0.008299989683940755,0.1939132163025663,0.006039854262565763,0.7703769225615842
brown,cc05,1024,0.8557213930348259,0.5266653135315991,0.05272032436245677,0.2334763126177219,-0.06623180240521265,0.11006858985178437,-0.12046254341546803,0.058500081414057645,-0.05325676089457021,0.031348489591711826,0.05149461918754339,0.016010884846202368,0.0926171841101393,0.0073304080211037785,0.04867424899796724,0.0018777982934861637,-0.5173975397770736
brown,cc06,1024,0.19900497512437812,0.5107102637760947,0.017604762690899278,0.24385375899685258,-0.015441989464092698,0.12838558883458928,0.041538872457923315,0.039586632352805726,-0.45953734486387887,0.03354962784852329,0.0854654773128698,0.024538270536347682,0.5306520427415111,0.010874004595242688,0.5866280388040943,0.003876394733735771,0.20438952810626088
brown,cc07,1024,0.11442786069651742,0.5448302358685215,0.08952412493224149,0.24131414422825304,-0.04413223558465873,0.09733606444475656,-0.23349105848824792,0.046362339335175765,-0.2805904006416746,0.02945463342105596,-0.04091490154066202,0.0119649774765462,-0.22677512747929462,0.009536950506693518,0.3319984815609125,0.006274658097849774,0.8147450509760725
brown,cc08,1024,0.3582089552238806,0.4856074655611728,-0.02409204700662837,0.27401109218681863,0.08742162198035297,0.09922155221812186,-0.22680519162593615,0.062763564617149,0.0067650693568928055,0.03431060409145709,0.1359574106119612,0.013953162982014735,-0.018332618538231316,0.013314992610644203,0.6558127123372373,0.00701444763759018,0.8899915189042176
brown,cc09,1024,0.05472636815920398,0.4796784128269816,-0.04398441652476348,0.210449866130624,-0.1735618084247732,0.1386012190492843,0.1226404071180307,0.06207765901723255,0.029686075804690848,0.041318656318359834,0.2948829228367513,0.02415734345276945,0.5368954443481426,0.023803269533319085,1.1844477249457852,0.004552504013307266,0.4779129872274863
brown,cc10,1024,0.3383084577114428,0.5314191673606887,0.06537404570279648,0.21066468009497297,-0.16148579370744298,0.14591941236248104,0.144061037441074,0.05530578794035884,-0.10888437397241724,0.023443798229216425,-0.29155915520508735,0.01382805922549403,-0.050317227663960296,0.0059598370178409995,-0.16235556761882464,0.0030543418292592523,0.07055126958370028
brown,cc11,1024,0.9900497512437811,0.49687839769075015,-0.0016987296972811317,0.2582501372513531,0.032444210417043706,0.13048549650629593,0.04601829932016699,0.05896098540377946,-0.051643938988064075,0.025143810286080707,-0.17370108799579542,0.014333208217977449,-0.049922457061909675,0.009251331674072995,0.30880679492856444,0.003704331323326878,0.21549180525510803
brown,cc12,1024,0.31840796019900497,0.45877173937910476,-0.08022761975401793,0.2655853142582232,0.055629660888701915,0.13193668051452684,0.05707080495695127,0.057911776529145795,-0.0672178155373655,0.039840632785432865,0.2704621778315035,0.01097725850600951,-0.26487689180997886,0.01679944578881353,0.9079007526118845,0.004608802379729578,0.4057941786919157
brown,cc13,1024,0.13930348258706468,0.4569414076936477,-0.08836306664377158,0.25407931663078975,0.02257464142471388,0.11674181141306196,-0.06916862474889074,0.08308180322584699,0.2911580118140389,0.030570371465420756,0.02112277972356269,0.012087376873241452,-0.21448801211192414,0.015131778211824381,0.7569443531861282,0.011877203420739101,1.3835111860290272
brown,cc14,1024,0.09950248756218906,0.49348103929632814,-0.011198185432315433,0.2589819402140362,0.038676167140299755,0.09222955162193489,-0.30942414623836445,0.08601557014785609,0.35959435620990376,0.032193565788170724,0.030280230430300037,0.02458356773130489,0.5426426314806365,0.005007068708392072,-0.3074301629478047,0.0023003733250320027,-0.31811610967025583
brown,cc15,1024,0.7263681592039801,0.5018434451110779,0.0058796055468861574,0.23846904526011958,-0.04748199788795482,0.1053568947332568,-0.16645689186782064,0.07444438775914945,0.2121031396885873,0.040296945080917065,0.27307445663715857,0.014006005426548597,-0.06918450183334635,0.007515470485323583,0.10753033579476323,0.0024621857112116156,-0.2647125680573543
brown,cc16,1024,0.7661691542288557,0.49040951260900734,-0.019507746018434302,0.2596276392102466,0.04231472352291821,0.10699672870936616,-0.1430505088600995,0.06792293527100246,0.096054141339875,0.039008141843380965,0.2438384247880072,0.021042198643037947,0.3939587505749289,0.011424109946140286,0.4521037245208763,0.0025569022911410407,-0.14550726890057497
brown,cc17,1024,0.5970149253731343,0.498463323545401,-0.003242771673605205,0.27278325730299413,0.09381213343296246,0.11167973708750684,-0.10912476854185504,0.06347017205085811,0.028852164094663735,0.020901217770856094,-0.3714123995599503,0.013922562361293665,-0.06794643660264654,0.00464570610157747,-0.4281135597889767,0.005098396461588109,0.6647747547126253
brown,cd01,1024,0.09950248756218906,0.5561613127218645,0.10895492257082218,0.23150625292883012,-0.07520114364022668,0.11665538191276448,-0.07700319730718297,0.04164851216373813,-0.3908440632857251,0.023210998177371163,-0.22831622829931408,0.01157308225075141,-0.18858900340601625,0.009665427923650102,0.2842855374525959,0.006048259228897688,0.7085031298903823
brown,cd02,1024,0.11442786069651742,0.5106660447312686,0.026217655958458708,0.28354058952739497,0.13258163011671686,0.11024788308911246,-0.1435703997244664,0.03678649742284757,-0.5103579929199866,0.03306336885183406,0.075328075870285,0.01444083153880555,-0.019603259833171904,0.006119650754126075,-0.11197444010297986,0.0031298291814002566,0.030935811499784194
brown,cd03,1024,0.13432835820895522,0.45045635058786976,-0.10628183298739835,0.24389341598763736,-0.013509667793022428,0.16135931751664617,0.25913631462149245,0.07276797850594222,0.16532142278703743,0.03888423658290358,0.23973079011247034,0.01431079666434037,-0.07405914825142279,0.008518846108522157,0.26784232906637495,0.003498511596281741,0.1904459079006875
brown,cd04,1024,0.3781094527363184,0.46210855393287587,-0.07733964072443344,0.2604217469470881,0.040165895764907145,0.12786912997693667,0.037062160717720616,0.06643117746241356,0.07540425443874144,0.03753946556825602,0.20009383349356513,0.016377719978432483,0.11218619051878953,0.013403466431325176,0.747133053439148,0.009670815102358826,1.19998934981954
brown,cd05,1024,0.20398009950248755,0.541804433421668,0.08637272887141223,0.2500048436063414,0.007671792727121707,0.10496542371296134,-0.1814630301307445,0.05198754872779439,-0.1780823152912938,0.019207401311189306,-0.46028580866012847,0.017688104569247867,0.16229254733150267,0.007104310569176885,-0.0002411590188273749,0.001644437020445335,-0.6926489646688978
brown,cd06,1024,0.2835820895522388,0.47977637709707555,-0.03930098303742424,0.22982181897728313,-0.09010722997010756,0.12031133919968012,-0.025154064063629633,0.07231487232752865,0.16195409245524894,0.0328253051077228,0.0911878443658729,0.03464900261033626,0.867919031788416,0.008313040523056165,0.19047950936049318,0.006658753619548149,0.7866221345058548
brown,cd07,1024,0.4626865671641791,0.5075412066607008,0.01883565385301733,0.2186480375663723,-0.12159356719056458,0.11561932607482284,-0.0833933497129884,0.06107338731672155,-0.03187757199726615,0.03976936419581744,0.25084355248829926,0.01534972585168439,0.018326212710372936,0.010597438448436967,0.4299157419474193,0.011269077766493383,1.4441457214254392
brown,cd08,1024,0.14925373134328357,0.5229431722922053,0.04349571919691286,0.2062406054770618,-0.19014905731713871,0.11301880380930572,-0.09195575006202716,0.05998581394808865,-0.007367074792127504,0.039246815278533555,0.2697549735726703,0.031763714528266825,0.7585535746799281,0.008577224872833888,0.21575768572778653,0.002451597657496885,-0.1323052655174175
brown,cd09,1024,0.38308457711442784,0.4714598304609215,-0.05388886626286615,0.2415704118463938,-0.03984152625462567,0.13408003159944634,0.07261286129721078,0.06817528813906236,0.07592833772566054,0.05032244969622481,0.5186085871687482,0.011567371975446926,-0.19693518918531705,0.009944895419069079,0.4494169388016154,0.005751368372811915,0.72686633499469
brown,cd10,1024,0.01990049751243781,0.5569881433628128,0.10754999043364877,0.2325578479962756,-0.06767840005251102,0.10954072429266785,-0.12262580690241132,0.06502518719481538,0.06187982765683042,0.02271887583688275,-0.29656192250112845,0.0067028959073024245,-0.7465078777071756,0.00178305753744537,-1.3668948223735704,0.002201894454316174,-0.3921277635024989
brown,cd11,1024,0.4427860696517413,0.5202914666663736,0.04138981771941863,0.23568685900951453,-0.05210845459600355,0.10618105426028199,-0.16419778056180734,0.06475066787840011,0.04721542198368933,0.04299285827521579,0.35312843934922133,0.018642327622369226,0.2829154790740849,0.0034974526841606633,-0.6919418340846626,0.0031744080643809494,-0.05232913646396131
brown,cd12,1024,0.04477611940298507,0.4850352199373921,-0.024860335719117832,0.22117834517138807,-0.11993059307045373,0.1348273954829249,0.06467944115962032,0.0607222556280431,-0.014924792769751782,0.02360536792800682,-0.24059678171840648,0.011012315738390347,-0.27843657993012183,0.03847553066538897,1.7346000080281052,0.01142642407023902,1.2868077259974546
brown,cd13,1024,0.5671641791044776,0.48446880500530015,-0.030127591069156634,0.24717571066832114,-0.01076714088092423,0.11996632691896307,-0.03470242506519572,0.0702417898906823,0.1306074689905845,0.028745165722977854,-0.061336257109061876,0.0332278727509113,0.8468884532041447,0.005739953298191389,-0.19193838945378605,0.0021542869109833825,-0.312293047598617
brown,cd14,1024,0.4079601990049751,0.5218804707590172,0.04572555422173352,0.2355823050073565,-0.05860929140364157,0.1293785020862785,0.03370669492346323,0.051407129585864714,-0.17059637747007583,0.028232657046214558,-0.07840646233445892,0.00877131626851482,-0.5172828714130393,0.017105030272594246,0.9021800658165233,0.003394105157231851,0.1503968723931477
brown,cd15,1024,0.208955223880597,0.5246616347962634,0.0475949524132705,0.26796333807531836,0.0678093394176098,0.10357445481954777,-0.17744212155265204,0.045476959789854,-0.2844667041204896,0.021308036292330964,-0.3407856884318208,0.018942794352384794,0.22695515872312866,0.007876051589495933,0.17638033251917218,0.007524115666852256,0.9585782453318057
brown,cd16,1024,0.004975124378109453,0.40495813003146075,-0.20333369375016375,0.2471041114874714,-0.010723047062145996,0.12062396706677014,-0.04123679343817077,0.07667326577998586,0.200826295876388,0.05394575042662558,0.5658388052503764,0.03254276071691192,0.8112825950084059,0.011138896386421454,0.4629609742640328,0.003444844579020913,0.12196397770400758
brown,cd17,1024,0.21890547263681592,0.48746404327195786,-0.029437753684113166,0.2524578489832023,0.019525165376196307,0.12361864282294463,-0.0023052804714098762,0.06114498056860339,-0.007117126929343076,0.01670888551909062,-0.5819855682184634,0.02027789661175252,0.33248391200971694,0.0195631062102326,1.036225919099297,0.006288243592387928,0.725734762426395
brown,ce01,1024,0.009950248756218905,0.44440553495873497,-0.11487156853072866,0.2574310840626897,0.029448970415314468,0.15700637805117124,0.2347737058953192,0.04193849864145151,-0.39630300139954633,0.047264528867478256,0.4742222016993596,0.027098790855166883,0.6104308838552144,0.01805835356714464,0.921282477337547,0.0017219954513928814,-0.6179359994575897
brown,ce02,1024,0.009950248756218905,0.5650757984867877,0.12304225237585587,0.2510832498670545,0.015066133352422018,0.10082476873298299,-0.21786951405228683,0.04754923813752856,-0.26314576572650106,0.019521790275414442,-0.43793387928723115,0.006245685676962459,-0.8824067375549918,0.004830562715910355,-0.3387479129857649,0.001833689140824231,-0.5542058591026215
brown,ce03,1024,0.0845771144278607,0.49986909243790634,0.0006407782987590815,0.2732459294905608,0.09882143501595841,0.10785878312867714,-0.1412081185744407,0.07108466714099929,0.1345145638338412,0.014100815986278808,-0.7865742398938305,0.01681317378953006,0.11935308737460293,0.007080843175666813,0.05711154747448344,0.005154075430780145,0.48360941965547344
brown,ce04,1024,0.4527363184079602,0.5302731605264003,0.0584752657328802,0.24504988367644492,-0.010471761848266148,0.12701175544738572,0.025952345932393595,0.047169666006475146,-0.28408360078136097,0.0226162033191637,-0.2759282591435612,0.008958781834846696,-0.49860319115438667,0.010465717995449928,0.4301943314550014,0.0031425336761705487,0.016461050951599887
brown,ce05,1024,0.22885572139303484,0.49743090321757233,-0.0025265207096389908,0.22899515181483537,-0.08448122464779595,0.10875467849271306,-0.1442759961301907,0.07179746975791003,0.15710619458285402,0.050126129615534136,0.5265559277952279,0.019816128200293333,0.2688647235277437,0.012620834983439957,0.6237556692499382,0.006351347630689508,0.8587600811831413
brown,ce06,1024,0.6716417910447762,0.5272423330240028,0.051864346670153605,0.22401226814552938,-0.10828191856530478,0.1367960779541501,0.10641696790536792,0.060755835961980094,0.0030838276012321586,0.02603464316272393,-0.14857866459161162,0.011896626190889548,-0.21165408582022405,0.007432073577365802,0.007963299313423988,0.005416730974455708,0.5401826897424424
brown,ce07,1024,0.9751243781094527,0.5043606025659927,0.008046867603329733,0.23200750572891812,-0.07374909962687837,0.12760954903327823,0.02725288334261,0.06642667607092853,0.09311407941918493,0.032203126982153676,0.06690860799998655,0.014617186050751659,0.04151973610788495,0.007020514159358182,-0.03172957945369603,0.0047975154395701715,0.4445998282598058
brown,ce08,1024,0.0945273631840796,0.4629702475742068,-0.07015179879638178,0.23281973416437102,-0.07432209179891203,0.1541161422342785,0.2144833556633614,0.0554567086630328,-0.11668571535259087,0.02950405347940327,-0.03495801114308339,0.035655451144527735,0.8902771486405121,0.010875949291022926,0.40485375036424287,0.007871058990531744,1.0091245506821416
brown,ce09,1024,0.2736318407960199,0.47171560872788454,-0.060125442288807784,0.2628427176532167,0.06161250141063945,0.11963843163680066,-0.04241267595075504,0.06281689004215518,0.024497607096998664,0.041197900895199306,0.2779521421230631,0.01015587629132383,-0.3610114130197708,0.015005405345235964,0.8487819647911623,0.014133752446818327,1.559065575780319
brown,ce10,1024,0.13930348258706468,0.5054943305865186,0.007015199722841703,0.2689621533871863,0.08998063736749029,0.109227726960396,-0.1395748700458741,0.03870423218925771,-0.4538658231363719,0.04482834025462021,0.42179624953726647,0.013836194450810916,-0.11329517080620466,0.010945902207553218,0.4392716607666953,0.003760909512642582,0.24824377755110483
brown,ce11,1024,0.21890547263681592,0.5154223117350608,0.031608941308863936,0.27432724155340266,0.08783940608341556,0.11368769998894225,-0.08709358818675161,0.053706383436176536,-0.12613565748395628,0.02117415239616993,-0.32647373254468715,0.013237264951859062,-0.10675032235119009,0.0037496165704162246,-0.6297645804441299,0.000496273232887391,-1.7572579725014794
brown,ce12,1024,0.43781094527363185,0.4995412391016257,0.008149901066963006,0.2570446722728801,0.018768091376151874,0.12138573106257758,-0.02616792723331418,0.044448187568871436,-0.333530623168528,0.03066627182432362,-0.0031342492778532183,0.01145468494063187,-0.20928625579594318,0.009969647855269678,0.35797474803176677,0.013733908161797561,1.4679408010137713
brown,ce13,1024,0.4626865671641791,0.4715077416033754,-0.058586678155043925,0.26723472667275094,0.05938051491777596,0.1233635095334305,0.005184643441815684,0.05076656142236967,-0.1816970317216149,0.04603628096021405,0.4302681850541066,0.021174601283110498,0.4037369398933359,0.009161403659054362,0.31882572000900566,0.005322934922816257,0.6582719976581846
brown,ce14,1024,0.14925373134328357,0.49644751134885795,-0.00449623499153895,0.25398375452085187,0.018632817534563362,0.1528600823101278,0.19611705383086941,0.04433594900552959,-0.3100991451977624,0.020360326695943533,-0.3980434723809334,0.009619509424014804,-0.4500353781376445,0.01371716918572323,0.6809821513787773,0.0041245127151678385,0.288989409266331
brown,ce15,1024,0.024875621890547265,0.47855757934699833,-0.039751662776204455,0.2475538803146557,-0.010470233791824768,0.08864243889624981,-0.33593388825581094,0.08175436535000175,0.27576455618398565,0.050996234122015226,0.5061486720530155,0.03350870370304519,0.8478731915697657,0.011122813850196013,0.44406573064333976,0.0016630637966344752,-0.5893483571878306
brown,ce16,1024,0.48756218905472637,0.5103806643066156,0.018892101351368318,0.21974698214601024,-0.12419163709387515,0.12597305073361686,0.034587348118009675,0.08056221919783832,0.25441966991538045,0.02700702136638538,-0.12061759676466677,0.015386586759464114,0.016737444222062692,0.004850771381802597,-0.329803056914332,0.006031055596107594,0.651857939645919
brown,ce17,1024,0.19900497512437812,0.46329392234990996,-0.07637208114469918,0.25808107878865494,0.04664638553490974,0.13228275268468442,0.06665433646158547,0.06218540333796306,-0.008816395022717138,0.04190773780149394,0.29349834645843975,0.02085185261107403,0.283553819016646,0.015395623909341316,0.77014372236723,0.0007390405016042447,-1.4011293416147907
brown,ce18,1024,0.3880597014925373,0.47671962766470255,-0.045691944978859644,0.282767575211148,0.13074932481865553,0.12960770434283814,0.02941608265971407,0.047349819503299376,-0.2728573469322968,0.02457304895557862,-0.1752618105325019,0.021043783286688707,0.3702664949924914,0.009132153554208346,0.25439427134588755,0.003971509566927294,0.21641485499470114
brown,ce19,1024,1.0,0.49891909523930245,-0.0018618235328484722,0.2537595736353397,0.016408282059502843,0.1253786798585556,0.020125120588630807,0.06375653380909319,0.016175169513652055,0.030060079081995244,0.00012077142190314305,0.014557121264300555,0.01329470110748776,0.004902451782785774,-0.35887254390336754,0.0036958657946583482,0.24575994420493696
brown,ce20,1024,0.8706467661691543,0.5276167156100415,0.04971361580258804,0.2421880658167437,-0.02870295185650007,0.10906387069829301,-0.1147297296050862,0.05626243284072794,-0.07695244084354158,0.03569133595298431,0.14085297434212674,0.01625960608795792,0.1218917486638853,0.0044417090677887905,-0.43434817603736864,0.0028696608193140433,0.02912469322117417
brown,ce21,1024,0.20398009950248755,0.5035905710134787,0.011128497465969889,0.2791397637709202,0.11381082557538824,0.11615535904089808,-0.07274297379057915,0.038825478785560155,-0.46570645866840676,0.029421452094420562,-0.04872436907745392,0.015522471456365932,0.05440701566416983,0.005212557536877052,-0.3521001134400459,0.0070519349716474024,0.8689328101236597
brown,ce22,1024,0.4079601990049751,0.49294550864152054,-0.02262835660925755,0.2613982239069892,0.058836197503780996,0.10693274670883895,-0.1444251543639412,0.05728012410642623,-0.07521791412602141,0.02823994343186096,-0.04782852470047683,0.032026477858795005,0.8019074692011712,0.008301828942489532,0.2325636915007525,0.0014020538769908726,-0.790209758836574
brown,ce23,1024,0.42786069651741293,0.46304931690424056,-0.07703157203045019,0.2548015511842336,0.021940382524649582,0.1430889683538554,0.15421788476735565,0.05939797701273049,-0.04238770011812765,0.03688443983325966,0.20046071682705024,0.026478585739440508,0.5504854895223246,0.005749554393236704,-0.12850177577213895,0.00510524208260094,0.5568112825590319
brown,ce24,1024,0.9950248756218906,0.5021422861747342,0.000753595670942353,0.24698673195904064,-0.008404719106076541,0.12931434061251917,0.0385148290037205,0.06501018415080287,0.06607210658977536,0.031011890626674823,0.03847707500874886,0.009726599048131614,-0.37658033987878436,0.007952482275450111,0.13090922503820313,0.0022601832718957644,-0.1850006583616075
brown,ce25,1024,0.5323383084577115,0.5073937530051643,0.014799244858969551,0.24243490640337426,-0.02445685517883822,0.12366494639759829,-0.011611046816973225,0.05047089901584891,-0.20942842238343928,0.030971934570681363,0.02228657083969443,0.01630544775150819,0.13098524092660657,0.01765599538595508,0.9568830456901498,0.008088781062671578,1.0846719652345511
brown,ce26,1024,0.18407960199004975,0.481783470238464,-0.04120300366289731,0.23211108958532387,-0.06336248288645785,0.1345176530790798,0.09285399947561279,0.06682397548024568,0.05588713418672153,0.023031618617531203,-0.2756702503194335,0.025112200324647907,0.5785945104054044,0.017252158270448587,0.9782055106548802,0.009771592950990731,1.0779739110291908
brown,ce27,1024,0.004975124378109453,0.4039320749464928,-0.21485683201122696,0.21814993998417037,-0.12595484495012332,0.10185261036344184,-0.19792206072679708,0.10520889790611027,0.521378788220308,0.05589448215782066,0.6092577919417792,0.01610711109624659,0.11748565398973465,0.019910102262925666,1.0951728612562568,0.024235668221223174,2.138664624240123
brown,ce28,1024,0.36318407960199006,0.5151723910010781,0.029559889817361018,0.2399813805546182,-0.04477160135926428,0.10101877168363053,-0.2018245768571707,0.06942086914911431,0.13814832309003577,0.025386436543529588,-0.17587762180405297,0.019489400701971075,0.3293101758381205,0.006894212613862676,0.06448146466777338,0.012561735570854462,1.4388633617900988
brown,ce29,1024,0.6268656716417911,0.4657947221936883,-0.07088049093547177,0.2662827918892383,0.07016542239874202,0.12912163185051193,0.027026848694502004,0.06246872169394525,0.03183535483025812,0.034116228143535,0.10961040710228342,0.014004927551213343,-0.07291252735401255,0.013705845107542114,0.6977341529633616,0.0021626935052717917,-0.29028447676788627
brown,ce30,1024,0.6368159203980099,0.5319718397913029,0.06596754605655664,0.2247890676197077,-0.10555827147417762,0.13090794964209163,0.05723692500021427,0.06120644410052131,-0.03696421906729919,0.02334476235886824,-0.26516830794583957,0.01505276540931957,0.01925391303422419,0.007519382139827035,0.025659802452673297,0.0036143357447596326,0.3280483255925084
brown,ce31,1024,0.22885572139303484,0.538276490007594,0.07567666213121138,0.229291460383655,-0.08886711211973419,0.12260336693683126,-0.004104161927039218,0.06320528644637048,0.03399312536663679,0.025914734732333605,-0.16265447271539513,0.006738520225586457,-0.8186932212384992,0.003359199390233948,-0.647771386823182,0.003120407882450758,0.06903069158403596
brown,ce32,1024,0.27860696517412936,0.5443764384704053,0.08685110007807995,0.23222385907828746,-0.07274118266170171,0.11767253656404374,-0.05749071679625217,0.04636149775988401,-0.29116438130445665,0.026037917049585607,-0.14782196210752652,0.0118629107382208,-0.21354844629064473,0.004743520449660461,-0.29216480759975116,0.0071658754170406905,0.8791482354400202
brown,ce33,1024,0.11442786069651742,0.4418097325270006,-0.11826326122505859,0.2949868848167535,0.16548280965639095,0.13119985968564912,0.0550096264522959,0.0689593505540722,0.11580687292651382,0.03528692369916661,0.12881911496489717,0.012362639192000407,-0.19499906808008127,0.006472463466709335,-0.1084126272329975,0.0022490529477297034,-0.3325035659840774
brown,ce34,1024,0.3383084577114428,0.5421391014002124,0.08218284772922868,0.22750342065639567,-0.09143117033340165,0.1109510054274675,-0.11333706841207025,0.049072317036411614,-0.21234182393412615,0.026847765919027693,-0.1162721444346908,0.020604163729954196,0.33203019582905435,0.0034392779248564606,-0.6935550896446108,0.004927371345205161,0.48809744477324113
brown,ce35,1024,0.1791044776119403,0.4476826453735798,-0.1036697910103408,0.25872933912702717,0.03365278544003392,0.12610482648182195,0.01750651820682325,0.07517992423908454,0.1906507518283207,0.041206318304676345,0.27574458832614557,0.01844140517769045,0.20733799807350772,0.007556276908140133,0.033857967844221015,0.014529911512702576,1.651709782439891
brown,ce36,1024,0.34328358208955223,0.46642105223130276,-0.0720036824124034,0.2384079032401123,-0.03956279445437105,0.15439897893375298,0.21353256067064152,0.0692239436178436,0.1353448949361198,0.026069379216004895,-0.14585673698577484,0.019742181073571268,0.32278673332581764,0.00933534000573891,0.24879537312065292,0.0064637792759941765,0.7638737724701485
brown,cf01,1024,0.4427860696517413,0.4572023404845338,-0.08300546542127285,0.246884811162341,-0.015308793544349886,0.15247392330313247,0.20039721360721496,0.0645710545457496,0.035066375573379105,0.03652264431777189,0.18007979971114274,0.01826169163915261,0.19102008912577162,0.005628422308871455,-0.16452788846246857,0.00523793276404456,0.584335885731754
brown,cf02,1024,0.014925373134328358,0.5109673345010641,0.027220886806277322,0.2403730521721523,-0.04377247861304712,0.11897723625003225,-0.04153834922044064,0.03480557886240625,-0.5832617726237013,0.041683108446406186,0.3181100785839095,0.017347883866860696,0.1936403268658342,0.018115431104966717,0.9827507357055865,0.009869622974226555,1.1921785447277289
brown,cf03,1024,0.8407960199004975,0.49589183738938214,-0.00834861150915378,0.2632487790014546,0.05737929290835675,0.11416691424885489,-0.07982626818581506,0.057793289195158845,-0.08436500881619269,0.04342105370417906,0.36242613486205855,0.012985465210660999,-0.12554598499488812,0.006865264445807088,-0.015488980598769686,0.0024942352171131487,-0.05384049001549229
brown,cf04,1024,0.15920398009950248,0.5246321276612813,0.048353108388369925,0.23256882753723526,-0.06718423129208517,0.1246199765315052,0.0005641533687295031,0.059356155144147604,-0.03352153601662344,0.04010690106212881,0.2621122107328433,0.014471320157461325,0.020805346810512937,0.0018026240047267356,-1.322794345670954,0.0007096847455709161,-1.4220030758897968
brown,cf05,1024,0.9303482587064676,0.5013434894911608,0.0009673357480958211,0.2340579332885584,-0.059644274774014905,0.1257822503884512,0.020810983404214944,0.06822298652243147,0.09504999248244639,0.03642501558640397,0.19036964642671794,0.012744672387415458,-0.17742930748354713,0.010611393802880868,0.49615475803142317,0.004778941198145057,0.5419306283126879
brown,cf06,1024,0.13930348258706468,0.5340222981448657,0.07163384947021534,0.24909743306707213,-0.008458739929404269,0.09845911922914513,-0.23992483330214842,0.04609697123688046,-0.2831686716877764,0.026610062544641183,-0.10227041913144852,0.009588594954790003,-0.42865504521564723,0.015654048118711794,0.7659337062810962,0.0032404995218139553,0.03226314681288489
brown,cf07,1024,0.1691542288557214,0.4988051246206485,9.579399609926931e-05,0.2662803705475639,0.05776759683187338,0.09127347582243722,-0.3034613006774034,0.0625670238759719,0.01621471027039245,0.02166748446794433,-0.3279297428090193,0.01064562965042953,-0.3261489162296316,0.010151681234978274,0.42968692109402973,0.0036600414133892245,0.22147041784340793
brown,cf08,1024,0.8258706467661692,0.49085732010750766,-0.014627692742241183,0.24941389013863083,-0.003149637713031561,0.1320470783973982,0.053266348831123356,0.06142374740891456,0.011079108473753596,0.021083562436214873,-0.383890804462486,0.015592987918799013,0.06050946893657372,0.010401709491316835,0.47305532297098996,0.00485921801394143,0.5085026513830657
brown,cf09,1024,0.9751243781094527,0.495597156984061,-0.015173567232631968,0.26273605557034807,0.060319599554166325,0.12311513562246387,0.0036398808121878012,0.05458270201865917,-0.12052725269322728,0.030075537094135223,-0.017392687543612784,0.01456220747604342,0.014628692685534794,0.0041687820051580565,-0.48898898352541575,0.0035084749818610887,0.22412047655522027
brown,cf10,1024,0.024875621890547265,0.5070761725722098,0.020841052789948855,0.24640638353247424,-0.02121918522282451,0.13158617879704995,0.05914903533116922,0.03780355779937072,-0.48816693863833116,0.023067673398086783,-0.2872645577596473,0.02300745341159183,0.4568209392398783,0.019047036251211732,1.0319484314697123,0.0009351210279845228,-1.2186541890303682
brown,cf11,1024,0.13930348258706468,0.5254551696539905,0.05511115785827525,0.20109717401456384,-0.21572591529629204,0.13648957267487716,0.08968466619504412,0.06376483690237787,0.018404889846903583,0.0389466287710163,0.23362811707185216,0.018955091941676647,0.2799693930934861,0.005605411346188813,-0.23693273948803917,0.008221664917849394,0.9018174818125653
brown,cf12,1024,0.417910447761194,0.45777848470946925,-0.08559540851524194,0.26645103831985384,0.06729479325037957,0.1265989090544186,0.015508319362934397,0.059363945137977395,-0.046423900062769086,0.03900421679638529,0.24111765425253973,0.015313313380394602,0.07234270319742286,0.011450026886182744,0.508286885297351,0.0064358922365004454,0.8012495960468593
brown,cf13,1024,0.9054726368159204,0.5046525389435393,0.009346001053873176,0.23961432245950465,-0.03946047150435872,0.12513357348936446,0.00612664285468556,0.05378091877277075,-0.11502963217495266,0.03913169117163484,0.2564520169066351,0.018610187789877056,0.22762773496551203,0.0043938621139203195,-0.4848750736094365,0.004294792462202561,0.3440851753877947
brown,cf14,1024,0.12935323383084577,0.5260839813146312,0.05198616267233325,0.26083481838509853,0.04745562217006327,0.0951713296089127,-0.2693377852490788,0.05148505696857274,-0.18507504628237204,0.02257278100013263,-0.2950900237490761,0.019065069868324434,0.25228641015910425,0.006631229973488128,-0.01307142010282547,0.01073933448448536,1.2719472296213565
brown,cf15,1024,0.845771144278607,0.5261949416013658,0.05122065139763954,0.22694562375877148,-0.08674287994470586,0.11348328940652422,-0.09571098023998159,0.061547731906418636,-0.0038016824750108924,0.03818768504071283,0.21515063831446923,0.013592735879400663,-0.06431967532484162,0.005985300172642809,-0.16786603312652915,0.0032005185869565436,0.15900487966623444
brown,cf16,1024,0.9552238805970149,0.4886862180713323,-0.021752348688533485,0.2528257889061236,0.009305355433099738,0.1391899385859105,0.12127413392459774,0.06719507277323712,0.08241355441827736,0.026109044867557024,-0.14832285585693938,0.012405802935818628,-0.13601383048883076,0.006862323480704286,-0.029477945625989044,0.004161289054360194,0.29858588084519866
brown,cf17,1024,0.5124378109452736,0.4889372489625745,-0.02381584079119503,0.2423649951950862,-0.024834824288969548,0.12518920423221358,0.006667462416364955,0.08487294293538157,0.3187560657017552,0.030932865732977863,0.03540829296868342,0.012787139953789134,-0.15688438391380632,0.00466542857306015,-0.3455805600785329,0.007887089611882772,1.0458297171608768
brown,cf18,1024,0.8159203980099502,0.49584261270499497,-0.004431250406901621,0.24798182614515352,-0.020952671685886104,0.10874176507403632,-0.10523831042563492,0.06011286759963706,-0.038687491927306805,0.03075602091106052,0.0182998681877673,0.02573582797854952,0.5434177790895758,0.005705339078239651,-0.18248221795074748,0.006342880391240252,0.7421929694788085
brown,cf19,1024,0.1890547263681592,0.5227742064320344,0.04618687983099212,0.2646678628313472,0.05544926553865004,0.11465900228630369,-0.08443198428856347,0.038532207780911064,-0.44975080639205167,0.023770243342508084,-0.24548592343546582,0.01860789495867021,0.23131559295574533,0.003648424332721857,-0.5847476205178461,0.005974766126713042,0.6813555670439069
brown,cf20,1024,0.48258706467661694,0.5253446997044847,0.045375132550241504,0.23456444227981116,-0.052893827250178216,0.10263152445921145,-0.18886164470375055,0.07053830996943294,0.1432318723929864,0.029080790664396106,-0.07306706920021266,0.015844818509231768,0.10396250916763705,0.008603602971765982,0.2277370967853951,0.010340996929275164,1.2968849648893395
brown,cf21,1024,0.2885572139303483,0.47337521578096586,-0.059112564337297835,0.2404792623253616,-0.028825968600803442,0.12851194006824596,0.041430133737555774,0.08458584536692951,0.3050115987784605,0.03993593213099826,0.3141421080452913,0.011634301721133042,-0.24455614833224804,0.003286037960243042,-0.7366911892981189,0.006864933844354874,0.8855254901048255
brown,cf22,1024,0.945273631840796,0.5152685790326367,0.029829436441532797,0.24046061506428673,-0.03452007739629703,0.12413751787584358,0.013451186535476278,0.0642779968631461,0.046494849434672414,0.030632841080425285,-0.005911491978472849,0.013174788565977095,-0.14461883934060094,0.003659378656764065,-0.6537327861515312,0.0036831931652656327,0.11477354709706855
brown,cf23,1024,0.5223880597014925,0.48733846058933344,-0.024167437743801035,0.25631490274173074,0.027655147640726963,0.1148398297594225,-0.07722287747652423,0.0836952445989492,0.2945111209296223,0.03269342074391748,0.08141441379895076,0.008986789903682046,-0.48360883854862635,0.004477023707138595,-0.39227033448317616,0.0011193708523331227,-0.9261822328752132
brown,cf24,1024,0.4925373134328358,0.5011945756570209,0.0012867824078895973,0.25901463098958594,0.03611747786798314,0.10819852669226038,-0.12224071308117512,0.07339374640569654,0.19161472491832,0.030187279500591337,-0.03961252650079938,0.008744109268629945,-0.5159727852502893,0.013215592750209655,0.6627290174877762,0.005839852878151404,0.6797854445236187
brown,cf25,1024,0.3482587064676617,0.501669418351259,0.00963238428446278,0.22563546126499606,-0.10676095268146168,0.13482162054720542,0.0682814359035473,0.06076477370952375,-0.006459640339726125,0.02357574074806456,-0.26080119288118686,0.014962979257398997,0.03074625090484595,0.014097349395349956,0.7725293030623517,0.011976678137498194,1.4201962183963674
brown,cf26,1024,0.2935323383084577,0.47312639545933577,-0.04617443087677153,0.2913115022868038,0.15495659950643703,0.1107769399669905,-0.1318964397964435,0.0509155863236086,-0.2177991496217322,0.02826806951445905,-0.07961281840321499,0.019659808940823108,0.3189710232484999,0.009603348661405975,0.2918671630698775,0.007512969290736409,1.0694585461456887
brown,cf27,1024,0.2885572139303483,0.5343478150971712,0.06767860940568349,0.24068131568982293,-0.0361375859666111,0.10506900903472718,-0.17061093024138074,0.0699094284621103,0.12227691361124604,0.01804754310427094,-0.49822517314449444,0.012056875258690425,-0.20824550829777522,0.010413895865375208,0.4155069518066563,0.0025061453108304755,-0.07140543875408856
brown,cf28,1024,0.20398009950248755,0.5000667445971685,0.006219869029158054,0.2554495022635016,0.02102067469959068,0.13913297061382662,0.10241682813251796,0.03922963167248696,-0.46141437873218205,0.03667473274725745,0.16537486826863335,0.010638405641052357,-0.23528183145501558,0.0069802195038880304,-0.0041817345254209215,0.0052102361424485365,0.6451541281275324
brown,cf29,1024,0.04477611940298507,0.44238635438718654,-0.12649452634032254,0.30338602444315754,0.1965704726833759,0.12706796126589967,0.03437077400526212,0.060900318371452204,-0.0039085664670004405,0.02560645647362573,-0.1667651343309955,0.013757549575434649,-0.0651335498530825,0.01071116791728944,0.4828138863633873,0.0038465244840579253,0.26511210614475367
brown,cf30,1024,0.38308457711442784,0.5428741114533278,0.08538841333608804,0.2391037089339012,-0.04785466517020809,0.11192429756236141,-0.09250673295962208,0.05443309736010202,-0.11111890311471573,0.021312135451383683,-0.3534947992724309,0.012379001504539588,-0.22237469360020778,0.005040196125219697,-0.3745726977422388,0.004512430047146127,0.36977926213378787
brown,cf31,1024,0.2835820895522388,0.5150994759651901,0.028899376366350316,0.24145190937091154,-0.033913598566997605,0.09576104908010344,-0.26105855646235243,0.057731343308358406,-0.03381174275895127,0.03313328479290354,0.07238210765428255,0.01549591184778534,0.08939690805200673,0.015832669083614515,0.8112038881669186,0.007933318337612584,1.0336997167975648
brown,cf32,1024,0.42786069651741293,0.4840505917546445,-0.022952900277598998,0.2658635673815921,0.05987435316282541,0.13180112304047784,0.03691873327960815,0.06051220168464676,-0.029178107378035723,0.025136452437669096,-0.18913634651241962,0.00941130821958129,-0.4073162823736549,0.0032009646708600742,-0.7870646173697962,0.011750737780847237,1.4514277200567864
brown,cf33,1024,0.9751243781094527,0.5001270533218192,0.0026444385331851894,0.24553276506652733,-0.026046104603405063,0.13057884163575073,0.04808621737145735,0.06619023688200848,0.09977244150931863,0.028058119582890832,-0.06407273838313454,0.01283490888173637,-0.11756144978108107,0.008320383146945134,0.16423351194506708,0.0017998429613673836,-0.48270524157329486
brown,cf34,1024,0.9850746268656716,0.5017695887324857,0.00740206783989017,0.2618115794028345,0.04788989598995541,0.12885632300643113,0.03903380013592317,0.052430810862575616,-0.1694820907794763,0.025136000423871242,-0.2174339202215858,0.013738442766780181,-0.07501112411493782,0.006140007116707634,-0.11228275755753536,0.0038010983063608396,0.3138938714315973
brown,cf35,1024,0.6467661691542289,0.5017950941294237,0.005610055802161118,0.2760655629442528,0.10150103401239474,0.12014695844848068,-0.028309402215175083,0.04526140531607517,-0.31930751006126235,0.02545184237606723,-0.18501825681798012,0.01557703487181895,0.05112710373562024,0.005790205657177909,-0.15480987139479296,0.002618852317598311,-0.01716066033602548
brown,cf36,1024,0.07960199004975124,0.5015765920937687,0.0026583141874839677,0.24851108302969294,-0.004324354097251071,0.09920138969614245,-0.22547419371891708,0.07068507757011146,0.14683619767898026,0.028326698981689415,-0.05391361671117467,0.02398977379004047,0.47758515531540535,0.0019673639030194944,-1.2674935818526576,0.01036783844082927,1.2629372315131917
brown,cf37,1024,1.0,0.5064481390427586,0.011166746038612119,0.25282205366161403,0.010382465167736443,0.1269371167831117,0.040730259535823876,0.058400534886825256,-0.043454181506793255,0.02966453138025907,-0.02995056941389329,0.012126726554212222,-0.20375545998316458,0.007510732082022003,0.09073426732997447,0.003539359321664922,0.0940848973305135
brown,cf38,1024,0.3482587064676617,0.49621838208219526,-0.012463618034011748,0.27578344726304027,0.10727238258314697,0.11467636569720008,-0.08405564626777373,0.05083988391910766,-0.15571409010018478,0.02812277300871356,-0.08179709998471152,0.007919849446493382,-0.6030129619657414,0.007526165097361585,0.0633259000643962,0.010379256560403604,1.2299487766157062
brown,cf39,1024,0.9502487562189055,0.4811845745793222,-0.03817155660971938,0.2554068706988683,0.031388838565595156,0.12716788111626776,0.021928164702933017,0.06194143259027537,-0.009303441721671746,0.033597085206230684,0.09133880417613138,0.02027687747037262,0.28294149695011805,0.009494604860798884,0.3669257935856969,0.0029011487610831254,0.04896691111125406
brown,cf40,1024,0.11940298507462686,0.5432004823549437,0.08558390843973107,0.2175130793938636,-0.14047247555853737,0.1394234621000213,0.11248309436085968,0.0455928156824182,-0.28616958004540827,0.020482571032673313,-0.39565090983905415,0.017006006431969953,0.1261496765871124,0.0065090650984454945,-0.05070036642747766,0.0018940679849061407,-0.48246177954632685
brown,cf41,1024,0.6865671641791045,0.477564360675068,-0.044280429207746996,0.2634760411494797,0.05752901821104861,0.11828818589540535,-0.0516870132432552,0.06041587018713273,-0.03095726311005631,0.03829320282695846,0.23391341848223846,0.011665193739816889,-0.2264072202448011,0.008098192414151622,0.14099884082005154,0.010916044354790896,1.24882434005983
brown,cf42,1024,0.43283582089552236,0.5233077911598909,0.04743361961774395,0.22521273535755174,-0.10213126504152514,0.14441036859341694,0.14737731042154167,0.0463002795860198,-0.27359122163118776,0.030822792230461218,0.0009201592558678584,0.01524690986594641,0.03814722234135637,0.004512518880287292,-0.43984918417863117,0.004598832412285451,0.3597760333806903
brown,cf43,1024,0.9104477611940298,0.48981245014136116,-0.018290151608426397,0.2509781563778644,0.008050943346775696,0.1135074670926855,-0.0949821623782201,0.06254600206056524,0.015721837326917232,0.028424096411109573,-0.07966996313667618,0.01728443199341583,0.19237330927970486,0.0141328526445691,0.6732120844254856,0.004035828178807491,0.3458025000432867
brown,cf44,1024,1.0,0.49582379479302785,-0.010206948503038271,0.2526919754731025,0.018827107487131567,0.11894080689185477,-0.04140405143907655,0.06251749585778972,0.03333377366476631,0.033456424959571,0.05548109950196167,0.017133647005422793,0.1538120701371497,0.006231439654586042,-0.06299044477614757,0.004377263428753736,0.35368711871739666
brown,cf45,1024,0.11940298507462686,0.5290774894423179,0.060668930824711365,0.21462761179417061,-0.15200706549832388,0.13161390211307544,0.055004202897127374,0.05834962376333762,-0.05729913807794329,0.022174293252475392,-0.2848349139976598,0.01023622092347986,-0.416685152021647,0.01356978434134786,0.6908942346148281,0.013028346187946759,1.4318703794690295
brown,cf46,1024,0.07960199004975124,0.504716743501208,0.012028032009663736,0.2799472650416622,0.12127377163622444,0.08790100321840252,-0.3569092182140401,0.07371757272145577,0.16173151153785925,0.026516344722231154,-0.12817976442471535,0.01358419676282719,-0.08225827610203762,0.0051607266657418705,-0.29239655206822945,0.0018806079769214013,-0.41719661245669126
brown,cf47,1024,0.48756218905472637,0.5187300428875656,0.03578977494234925,0.23077091681326878,-0.06764052390546271,0.10944961800867839,-0.13098738356235717,0.06999291535453113,0.1352055085886512,0.023085157932928993,-0.31509287511042805,0.00910544687069809,-0.4672062255032996,0.010099061619406926,0.33575638992196133,0.0034000158817686665,0.1826162283812245
brown,cf48,1024,0.4527363184079602,0.5050264887453826,0.01673067484954638,0.2728014798608882,0.09040790146451183,0.10662564908726738,-0.15632583270139921,0.04813768762423978,-0.26300183614430406,0.02966771492182605,-0.035639764264300045,0.017164027378136368,0.14081193940493808,0.006670395319002048,-0.06985326269340142,0.009358580910885145,0.9994969232567605
brown,cg01,1024,0.572139303482587,0.5097459647138365,0.017893989987883496,0.24606167094170517,-0.006076086450623297,0.1297837803077841,0.03947836117871617,0.04698337780632262,-0.27662483992728015,0.037946169989435584,0.23385256755109118,0.01170482278703105,-0.19218733514858588,0.003949195870689415,-0.6048531389826142,0.007442098968158235,0.8901351727910116
brown,cg02,1024,0.900497512437811,0.510273913001136,0.026357322163221952,0.25687138859483405,0.026254403243822777,0.1156814232530955,-0.0758343471859555,0.06199869383159392,0.006584652645565736,0.027322111921153233,-0.11751236975177592,0.016149036028769367,0.07562995269558481,0.00858140959142749,0.19770329235807527,0.001107308369490563,-0.9968521332989164
brown,cg03,1024,0.47761194029850745,0.5337767014852874,0.06664492529342914,0.23225613045371662,-0.06977117240174091,0.12268909915799112,-0.006310856386790853,0.053149577567747686,-0.14696320458865308,0.021162394698528472,-0.3925844933350313,0.019747697256041134,0.25670127723666836,0.005419692879740288,-0.22220512309879759,0.0016871116038198709,-0.5379937110876343
brown,cg04,1024,0.06467661691542288,0.49553719215149195,-0.011128464792739878,0.27142672609294194,0.08800361034257498,0.1043465333089325,-0.1745828869416619,0.0633952418208219,0.02241983885940879,0.015439505220550376,-0.6515418285408217,0.016662189125019506,0.14285844671075232,0.01789733354499521,0.9705999728265855,0.008619499099550808,1.1200794910185605
brown,cg05,1024,0.6417910447761194,0.49577332219976344,-0.011654669022283737,0.26050566369267614,0.0527671810360113,0.12935572963299308,0.036492941597443096,0.046433587116912436,-0.2658860333835342,0.03566053553459686,0.16079961419684707,0.012708688663982986,-0.15752822947651968,0.01272535226644799,0.6082570788651127,0.004899804432104763,0.43242236855972216
brown,cg06,1024,0.5124378109452736,0.4819874307225325,-0.024577008414275903,0.22048052417879305,-0.13551765281562478,0.129296339386355,0.034744764988035914,0.07624755779398584,0.20603358680756312,0.03171133437584518,0.03562704098791958,0.01748069355194868,0.14259235376333468,0.008422128157241708,0.20723634638417288,0.00880908482915195,1.0228929499381278
brown,cg07,1024,0.6965174129353234,0.4907243253475696,-0.01390656376672239,0.24903517281022264,-0.009553566998180996,0.13790590758684684,0.09907263276034195,0.06301761937791898,0.024178117876166638,0.020966567924370794,-0.35006309774552724,0.016159711792349457,0.15239823241819295,0.0041378421293764185,-0.5227986626669132,0.00773310368010989,0.9230997888359553
brown,cg08,1024,0.1044776119402985,0.533884244233034,0.06331326081276434,0.2439942738601084,-0.020148262186799215,0.10544207155571549,-0.16339912036500648,0.0511282032044595,-0.1789827908313053,0.019499804350963004,-0.41623808846509913,0.009126991759905627,-0.4767607110221217,0.013922279447984905,0.7679902572746151,0.011758473160287152,1.362135499809754
brown,cg09,1024,0.3482587064676617,0.5464339486223163,0.08874063854918512,0.22780116038351705,-0.08081210395415073,0.12678116628188618,0.014889213339286833,0.04976086729390084,-0.22604283902517786,0.022843760500218135,-0.29156715179056647,0.011237235987510278,-0.23083884671805155,0.010013170694334394,0.3588863414582901,0.002988632947209826,-0.030665105486945343
brown,cg10,1024,0.004975124378109453,0.43093419785364495,-0.14908105242969005,0.19123818515607308,-0.26001577378653007,0.14124375367105058,0.12280108003105195,0.08622931043301561,0.321209878392112,0.05128069869133667,0.5417579377363761,0.026092032764587707,0.6124786920896357,0.02668805862209716,1.4078635497167271,0.009068296718710605,1.1207738333079673
brown,cg11,1024,0.8507462686567164,0.5047317402050027,0.010494854166228973,0.2606831461361133,0.03958882766906857,0.1148764253542727,-0.06861960174817971,0.06201517517149253,0.0030676602877490744,0.03120679111503987,0.030821894338254996,0.009916604501194002,-0.3663479764023334,0.00329238864955989,-0.7102310737289699,0.006127705611945884,0.701134618315499
brown,cg12,1024,0.6417910447761194,0.5063213123176107,0.010792042859339657,0.22941790468856527,-0.07675885043481911,0.14111394225240975,0.125488317344421,0.0541687804122893,-0.13418530948624552,0.03375908139616454,0.10969253108479649,0.00861134665211792,-0.5238403544620018,0.010446778248273721,0.43790535659989516,0.0037221301010479926,0.28393768872583713
brown,cg13,1024,0.009950248756218905,0.6038377071785248,0.1893973440385477,0.21243616575568308,-0.1582603540115659,0.10184139485066475,-0.1977589240888631,0.04224312523542259,-0.3844909720618399,0.02024386745050342,-0.4034085640256886,0.01356382639126948,-0.0865519715140266,0.004270576301002102,-0.4780869852840226,0.0012055394002063362,-0.9334779862976532
brown,cg14,1024,0.0945273631840796,0.46541986965254034,-0.06870045470552266,0.2982374657067155,0.16935057761202987,0.12710021149340703,0.04364523361562789,0.05780441662582303,-0.06617307481219381,0.03482146191037233,0.1177901110715811,0.009222143440345013,-0.4718438619026495,0.0023142580115390766,-1.1426941625472518,0.002762178701085536,-0.037796330352334095
brown,cg15,1024,0.17412935323383086,0.5261168252257662,0.053139410810661536,0.2634070363346455,0.05279156885064151,0.1081620181974149,-0.1508762884217263,0.04763397109497359,-0.2446236375859212,0.016965036940310253,-0.5656818857785684,0.013966129807123055,-0.03430266129892168,0.009580187650443732,0.32898999037019294,0.0018611694406123081,-0.502299495841326
brown,cg16,1024,0.014925373134328358,0.5514262208044196,0.10470409919504797,0.21669821187573096,-0.14583775614205252,0.09526834195877543,-0.2743573381089459,0.049383148402129956,-0.2290933347862265,0.029060854211397754,0.00485643531201152,0.013446096575713311,-0.13959988017593794,0.004572750809484821,-0.40790623360770795,0.016476067265901506,1.68104855178127
brown,cg17,1024,0.03482587064676617,0.44573662193549113,-0.11144562361413879,0.24869316501160965,-0.006392534126081317,0.14088212803130604,0.12551781087195857,0.05592399649731895,-0.1108926676449351,0.03654492749414174,0.1993743051184409,0.040596845214554374,1.0101948397627059,0.010049601344585954,0.4282847990028067,0.004789209624332564,0.4757110772019848
brown,cg18,1024,0.4228855721393035,0.5113553716323719,0.025185642491031057,0.23531579034071412,-0.05104478695756587,0.10680507221676383,-0.16635880570783668,0.05379212497234561,-0.14479831005101262,0.03656645767873746,0.1894871756038543,0.021522991616659052,0.3658555234780696,0.01792769542307297,0.9745641394971498,0.004066712238367765,0.275679922674434
brown,cg19,1024,0.0845771144278607,0.5217391298443147,0.04338871226387164,0.2368609462984898,-0.04738584385856104,0.13511235072121885,0.08875348097239577,0.04132688374256248,-0.40709821972643834,0.03944548683532505,0.26588027376319356,0.007122430773619704,-0.760106985825959,0.007359713399142965,0.0623340672892585,0.004592323757077254,0.4248133528653488
brown,cg20,1024,0.35323383084577115,0.4718059498777659,-0.05536792452740624,0.29187301549383987,0.15933716849265034,0.12774310052014992,0.00750010561642922,0.05192896781231306,-0.16689727258879428,0.023076124001651876,-0.27776468958151623,0.016139926766515163,0.1452098712898513,0.006265601237253876,-0.0457769083648234,0.004995721510073329,0.5216903066225722
brown,cg21,1024,0.9353233830845771,0.4998768963446718,0.008387846035012525,0.24484914888247447,-0.0260834616870933,0.11797292786239777,-0.04224011147677009,0.0703521507286628,0.11287407150810091,0.030502137156233854,-0.034321152337353666,0.013897676419952645,-0.036889689462912933,0.012298375736236551,0.5712014651109723,0.00591416885027829,0.6305134814209215
brown,cg22,1024,0.5771144278606966,0.5310343097967046,0.058778309970433096,0.23843204007390423,-0.039120431919286824,0.1020501616527476,-0.1930600646435754,0.06119992126551583,-0.01598010650686499,0.03677929503220572,0.1819966489545557,0.012104731731816882,-0.17960710695229665,0.007216345375410129,0.06484098516211123,0.008357749031091058,1.0265579489882297
brown,cg23,1024,0.20398009950248755,0.5291543526636759,0.05780040105273576,0.2343419406807509,-0.06372915353129494,0.11266596153534988,-0.09537303826378407,0.044987876450509556,-0.3175505924501687,0.034133041632547614,0.10695946741839446,0.013972789461995178,-0.00030011338737079285,0.009744161135457636,0.3128109587790808,0.012174273213626912,1.4007777739168388
brown,cg24,1024,0.5621890547263682,0.5218849455272161,0.04895658793171076,0.2456956677021933,-0.017881635338661273,0.10881367562443964,-0.1348612338599211,0.07322180371749612,0.1585133801816565,0.030983779213881683,0.03524146750418433,0.008447718941209721,-0.5916192019760604,0.004903269847951031,-0.3544365139380261,0.0034739829648603457,0.11308244554906022
brown,cg25,1024,0.7910447761194029,0.517792668958542,0.038053474942104315,0.25134583040578534,0.006483459723936713,0.10871090730590766,-0.13762268020909874,0.05696219490887995,-0.0891460558968542,0.030850419355715687,0.04675848248351677,0.013431846973480068,-0.12485794223698576,0.014125324746340717,0.7578058031228281,0.002630541011711488,-0.05038305156931333
brown,cg26,1024,0.9203980099502488,0.5039265660573954,0.007038164603903274,0.2534708059452525,0.019229230847339407,0.11412741686083058,-0.07855158664010986,0.06178316403849686,0.0005994601926122556,0.025510141086147457,-0.1497493241254082,0.019556172783230463,0.24367556265127366,0.005462662190996237,-0.3104188964037986,0.0061183793447612805,0.8231063571140185
brown,cg27,1024,0.24378109452736318,0.5231352761687439,0.04442707049592398,0.2540406462830572,0.02185077658612311,0.10063424600258258,-0.21412098141002778,0.04223269879017028,-0.35854079803318406,0.032439406775494464,0.06624434036573934,0.017905721582268753,0.1822170786219237,0.010625111333054073,0.4239563018617529,0.004059360831194085,0.28378973324977874
brown,cg28,1024,0.4975124378109453,0.4873992059408652,-0.02187429812077679,0.24026567628842954,-0.0337272825256536,0.12563411296383922,0.0005248514829170325,0.08149145245412848,0.26048863541877587,0.020766453810312783,-0.3457956447011985,0.021383557850682564,0.37767049541918096,0.008013463502445748,0.1865200769303259,0.009433436121488706,1.1254275267219818
brown,cg29,1024,0.6268656716417911,0.5130909806966393,0.030861476223746687,0.23015754682450662,-0.08189078755399204,0.14419059549320123,0.13549092637067495,0.06164363629844534,0.00668325119862434,0.03020626521916606,-0.020627510941544358,0.00836142977840139,-0.5811023836683207,0.004130710175283348,-0.3966726768206552,0.0032471274802549797,0.07333313126084473
brown,cg30,1024,0.5920398009950248,0.5085000940464683,0.014871894531088503,0.2509309154014271,0.012537689600469859,0.10940017059276419,-0.1326501612328128,0.07094413296083657,0.14774672945534784,0.02537657822585567,-0.16773044045565033,0.017207552361344344,0.16076517054991335,0.003564341043743791,-0.6149830671351824,0.009611125692019128,1.1266129006414776
brown,cg31,1024,0.04975124378109453,0.4999811647445629,0.0023895572798983133,0.2784842489493987,0.10555009354848544,0.10479806636549722,-0.16965968021091138,0.04487859117961132,-0.3044289865365877,0.02985852404142508,-0.0013720254878943905,0.023769169361454387,0.4560685892482894,0.001705310018872166,-1.4483888022178268,0.004728312475838714,0.41207446182918517
brown,cg32,1024,0.5124378109452736,0.4915432846611699,-0.0141387523408959,0.24789482056378676,-0.01292639538940965,0.11686717997137919,-0.057142822499445245,0.05774445018102256,-0.0662277740432371,0.040982555362024095,0.306064770099268,0.01183753660641643,-0.18611262843485132,0.01786373670212558,0.9314221503510263,0.008223652285826694,0.99790599705275
brown,cg33,1024,0.24875621890547264,0.473546848749852,-0.05060448655699268,0.2646775882370173,0.047387975087028966,0.12021614775812513,-0.03348257204069993,0.0670901358344701,0.09170668031589102,0.020259948679192716,-0.39022431565394466,0.02028645017995151,0.3469841473714821,0.012516000946377325,0.6395943012948688,0.014768031696609007,1.5876212390102609
brown,cg34,1024,0.11940298507462686,0.4845080733010233,-0.030731301685622325,0.2582056664680586,0.03679798940518353,0.09810268460912418,-0.23569705318475975,0.061945021117650094,-0.0001042211886645994,0.0354914503215228,0.1509857150550835,0.03406938049325798,0.8589197259314254,0.017422747750370546,0.9592778821923327,0.005611412322380951,0.6571278492084085
brown,cg35,1024,0.39303482587064675,0.48373356143371626,-0.02866278679272194,0.2608599171815524,0.04817401602428606,0.14467113374518809,0.13813015784630522,0.054065589473451435,-0.13845407496024587,0.018054084728580312,-0.5203871022956066,0.01587163753004893,0.07435503370649865,0.01397722166499918,0.6841611423581666,0.004669899325766252,0.47809038426354356
brown,cg36,1024,0.12437810945273632,0.4540011869338262,-0.09249651763901678,0.2982248802264442,0.17936025901381192,0.11325848209491413,-0.09641557390129973,0.06962020425373536,0.1322763275482597,0.030978550633029733,0.013239075878169526,0.013950452766467933,-0.09954663682163645,0.009860881573020758,0.29759313306342516,0.005969764930729122,0.705136598927357
brown,cg37,1024,0.9154228855721394,0.4899571397961088,-0.016385001730255144,0.24837218242037168,-0.012249650161901604,0.1316025419123714,0.0618209061553161,0.059821856993872734,-0.022425972950423922,0.03547856741876935,0.15757204422999926,0.009247972897941527,-0.4864790958891394,0.007709555138684377,0.1454106247315492,0.0031591604373523508,0.10230203489500145
brown,cg38,1024,0.7164179104477612,0.49156230286837804,-0.02007000828372152,0.2562541770341574,0.033489363947631245,0.11276018088638987,-0.08596944783679827,0.056518939434173715,-0.08815256675995498,0.025381219455042563,-0.17675769866761026,0.027424410780977238,0.6002437892862251,0.008582300614582566,0.29006356078351647,0.005649519169523261,0.6261848621932771
brown,cg39,1024,0.7611940298507462,0.4815683990136592,-0.03743315580570461,0.24266755439599544,-0.023060826149799762,0.14312564860629678,0.14833077867241262,0.06953775739310006,0.09699288123659855,0.02888268915223886,-0.03993375635084595,0.012433946275185136,-0.16206645706418144,0.00968982297321253,0.31562578444949363,0.008948925335747222,1.1102767801566547
brown,cg40,1024,0.8159203980099502,0.5207864396316038,0.0414488412822096,0.24428447329088865,-0.0175284452668949,0.1030761449821623,-0.19152925192187675,0.06024071878386555,-0.017080776752992133,0.03735101480028196,0.22448556743622872,0.0158246409238514,0.08526026290620248,0.006139079895143637,-0.12047070987614639,0.0033476988559694157,0.14110960039490372
brown,cg41,1024,0.9651741293532339,0.49173296079473006,-0.01642474553788431,0.26613679339025953,0.06762409044370332,0.12145547876755322,-0.009989620937295829,0.05966062757929384,-0.053153219257981554,0.028858821751052907,-0.03464774685743244,0.01727910493346688,0.15006823198983987,0.004923184501762008,-0.3534649285031124,0.006109721974913314,0.7748519357914692
brown,cg42,1024,0.05970149253731343,0.5277436067950203,0.06051168272647722,0.254010628549342,0.01957460439292502,0.11418443498231665,-0.08447963997986196,0.058995769249780235,-0.08663790666886406,0.02429211671158567,-0.2522515817501101,0.010827067842796299,-0.27105561928690314,0.001176959278467698,-1.755196514842563,0.005202580023894199,0.5836680175915365
brown,cg43,1024,0.9900497512437811,0.5084404462870055,0.014949695815196673,0.2396030157515807,-0.043044575460438494,0.12220956465723491,-0.0005600526059064137,0.06751771542608048,0.09027562171747405,0.03255220779421412,0.06423965157818756,0.011249343912061168,-0.268216916224711,0.00865623348528164,0.2765712075856914,0.004203878198855164,0.26209630211719404
brown,cg44,1024,0.9850746268656716,0.4909932346477818,-0.011584943711294149,0.25678156518097,0.02308439276314478,0.1177208855459594,-0.056331666993671536,0.06788416623623522,0.0940756961112843,0.03559869466677919,0.1486743537860713,0.018311665451261457,0.22771767469258375,0.007494206015039742,0.04911240516165627,0.001482508766258632,-0.7673531297106866
brown,cg45,1024,0.8905472636815921,0.492917234660086,-0.016510516609928194,0.23748074829888316,-0.047122977112463715,0.1089517271209126,-0.11467272950528162,0.06647940658533076,0.052399867077816964,0.03942539413969674,0.27170387448145705,0.017647749577334403,0.17712796850730683,0.009301383850661623,0.36262517588413523,0.0022828205761247686,-0.24270832819107202
brown,cg46,1024,0.9203980099502488,0.4960366232107308,-0.007310463615349039,0.25806915235351946,0.03165356609812697,0.11956270266171953,-0.03415869185612452,0.0586120275801504,-0.053309501618891364,0.029520845395666663,-0.022558861206135372,0.010629194990669341,-0.2848996736813092,0.009973413302132613,0.3984292965451415,0.00817089050590148,1.0044215555332379
brown,cg47,1024,0.9850746268656716,0.4852100867583796,-0.026593012806755967,0.24167676136710103,-0.03219718906468394,0.12813810367275433,0.03712256452292717,0.06333144937468886,0.015859660980328538,0.03240242277665278,0.05980784771715619,0.014678266810994604,-0.026958446981670825,0.009510849159858323,0.32631595574685157,0.005580164775180717,0.6141186597941832
brown,cg48,1024,0.5074626865671642,0.4834024035447255,-0.0359437985050306,0.26096756410089533,0.04480008081428499,0.1431365445524698,0.15176331649214414,0.05228897895459665,-0.1436092784806533,0.022821668900793835,-0.2754141389597855,0.012785322875825749,-0.15218894408014538,0.005767239184663197,-0.19562103405798137,0.009669496982671255,1.1444135516191807
brown,cg49,1024,0.08955223880597014,0.5217866233479985,0.04036107066043526,0.250895820865434,0.008873494895605516,0.09384217551617739,-0.2752126337561811,0.04613417120155028,-0.28010865281054453,0.02503723126131507,-0.2062493984967202,0.025949784466953223,0.5699001903270076,0.01465028603777234,0.8022991013271499,0.0022662160561419007,-0.33054424291342155
brown,cg50,1024,0.7014925373134329,0.5142039504043296,0.027067310237039233,0.2602407786460857,0.04539211590492176,0.12322402207421566,-0.006259634383681156,0.05112468216564699,-0.1745871706335369,0.029552853147939373,-0.018727467114525442,0.011384748232827391,-0.28503905636276006,0.0035115981949147487,-0.7372745132185639,0.0011830374038887172,-0.8337655091563452
brown,cg51,1024,0.18407960199004975,0.49893821018945994,0.00032995030370741585,0.25160675054719905,0.011185044838915692,0.11256043347511258,-0.10741586456755181,0.06145890659170866,0.01225126488618411,0.035746164838635804,0.1423290206387775,0.0070651544912312585,-0.7155036912491077,0.021804894897747396,1.144385562847646,0.00577231740605326,0.6826110936667655
brown,cg52,1024,0.14925373134328357,0.496574766905863,-0.005509008329512399,0.2481148657389365,0.0015656764304228243,0.1028217491560316,-0.20219951494285038,0.07028783187690105,0.13749963290691314,0.018814855006880665,-0.48982109594375345,0.026793255038127288,0.6164486510343985,0.009336289325837797,0.3049266986932997,0.007404667275403325,0.9289320974028694
brown,cg53,1024,0.08955223880597014,0.5072372232025529,0.011181936283793159,0.26007584206662443,0.04773711240318379,0.1182405563396369,-0.04617636472489739,0.03540798670116263,-0.5605016822777262,0.03468902170987314,0.14845389051791402,0.018616656578948662,0.2640278692782414,0.006996459164184483,0.02533826091706093,0.010850578098867983,1.3264476315692786
brown,cg54,1024,0.17412935323383086,0.4535507265343966,-0.09384810028183421,0.27778561034845123,0.10960722141372536,0.12498012627322566,0.009004781104212878,0.06499531714305709,0.05445886661267574,0.028616041205107842,-0.07301055929684219,0.014404519772603219,-0.08237418809832864,0.022556156957855903,1.1395590703790677,0.006285434408238732,0.7142788289694799
brown,cg55,1024,0.21890547263681592,0.4913630366817677,-0.01871287508777364,0.2748559564583315,0.0989698320986434,0.1381859796786522,0.1093053444504728,0.0423022732583689,-0.3594767722794523,0.020966072139808202,-0.35879536993362215,0.010331613654295099,-0.32842773786797075,0.012016150325955148,0.4878453272973635,0.002613102488462962,-0.16291178118923
brown,cg56,1024,0.024875621890547265,0.48314366033890804,-0.034173332051044336,0.2664073855652801,0.06583418724204804,0.0961761269834065,-0.2570858131419702,0.053494863997098144,-0.13967858614172934,0.0260488852681103,-0.15750733988230436,0.03051645682972591,0.7746071355157134,0.02582107537624941,1.3471901424330541,0.01788488371443058,1.8575408062783918
brown,cg57,1024,0.25870646766169153,0.522350400112878,0.04503441637958494,0.2652671070340612,0.06878647884826417,0.1016533952106278,-0.2063633090468171,0.044540162562185,-0.334310582181935,0.0296394402526637,-0.015167716690816846,0.016349227725897787,0.10060338026114124,0.01189163135208014,0.5231481838562821,0.0014341302088850985,-0.7105219123738014
brown,cg58,1024,0.9800995024875622,0.49029383160387213,-0.01922689888191864,0.2581747352019521,0.03206607306995135,0.12379201272939526,0.011293493334588511,0.0723537264506992,0.14026477357099543,0.028682803073459565,-0.07519137059280556,0.014552339314553651,0.024912994470201788,0.005073079127397438,-0.2724296361532632,0.0033214504947490075,0.10354886817996078
brown,cg59,1024,0.6069651741293532,0.5197275582416783,0.03738256751366953,0.2343458367131903,-0.05884369632625641,0.13940865798644297,0.1285604480893674,0.049826689551862015,-0.22836852315275413,0.02179877977653653,-0.31252144966595985,0.016388016001747614,0.07420496524280473,0.008161186874516937,0.14873418495936797,0.004329981633696125,0.40231207538658786
brown,cg60,1024,0.5970149253731343,0.4876074805573669,-0.017711170739216797,0.23659063775229122,-0.06027485737284044,0.1269344303166367,0.029180285740341816,0.06174326832834767,-0.032549501973192285,0.04018404350298678,0.3002791257525219,0.018934524466283492,0.24598110479483015,0.014296763988127367,0.7358506550578836,0.007718363028529672,0.8739789843659098
brown,cg61,1024,0.6268656716417911,0.5236278789717934,0.04958029488866944,0.2534525891088561,0.011320969147475823,0.0998510327774256,-0.21622084092650296,0.05931087658508416,-0.046981143174645634,0.03588904908419427,0.18141341712057502,0.012556728464958509,-0.1501357851028784,0.007004534020628969,0.04837700214298035,0.005919915895913109,0.6106989053806977
brown,cg62,1024,0.04477611940298507,0.5130063700476506,0.023581947098279876,0.21394308190756645,-0.1469654006950416,0.14141273644166172,0.1273406434438933,0.04086735502457102,-0.40701684505810487,0.02554142123376957,-0.14642245397502585,0.018523246552967013,0.2290959127944161,0.020533511793287565,1.0593441493292768,0.004175642279613456,0.325763318213955
brown,cg63,1024,0.014925373134328358,0.5598187880321472,0.10797612417941815,0.2379895173995205,-0.044146463612207976,0.10466662928503508,-0.17217449529962092,0.04850979874622967,-0.21693981028653475,0.030543967962248047,0.030638275813224425,0.004116692961820534,-1.2497973633113153,0.006681687721339713,-0.018303583487787378,0.002607130462457378,-0.13897470655007904
brown,cg64,1024,0.14427860696517414,0.4584892850956023,-0.08947479900743494,0.25680658236310167,0.03410202378698224,0.1162326545913077,-0.06867848308828783,0.07859940689496855,0.25439292125636737,0.037203236613146826,0.21335012430285394,0.011401965965791853,-0.23818924238642225,0.011307457102664663,0.5160387959625927,0.014164947669862676,1.4893859376711367
brown,cg65,1024,0.024875621890547265,0.5618050144552508,0.1155403580028761,0.24082777358856422,-0.03912161637916478,0.10535693689812446,-0.16953649516021807,0.044917594837645486,-0.29951208652634653,0.020372616542372164,-0.3841491180314578,0.00782103623686986,-0.5612574333986018,0.009185565984331474,0.31858587137692496,0.00702953562803435,0.9334384130342643
brown,cg66,1024,0.6417910447761194,0.49791500340150974,-0.0032829774163790626,0.2644805633814822,0.06026627431662024,0.12287837968903816,-0.009746395938921903,0.054006824043186255,-0.13749024850981773,0.029068333651747148,-0.031709995629833454,0.013556571951741217,-0.10437685544376674,0.0037969769382229864,-0.5809852762439904,0.010599200481947556,1.285944429762865
brown,cg67,1024,0.9751243781094527,0.4940540188133983,-0.012980123256366771,0.26498722761079696,0.06525519325697093,0.11830189232392718,-0.05890798668066699,0.056846279210318824,-0.08066301106423568,0.03193161118791747,0.08356073875130443,0.01303327394482675,-0.11167068865074103,0.007917699281839,0.10247530034103125,0.003185865755450417,0.05458399988018403
brown,cg68,1024,0.13432835820895522,0.5027221927115251,0.0032482177690354996,0.21444948001451375,-0.1501781615932929,0.12871035802460104,0.05488614200911579,0.040761028024739646,-0.4186359957008112,0.041334451976712566,0.2955476764850391,0.015903460146250516,0.07613747332742271,0.013341441703529548,0.702427279543774,0.00621002652921989,0.7536312655676412
brown,cg69,1024,0.024875621890547265,0.4582866418720548,-0.08971356098348982,0.2482991042683405,-0.004261552823831671,0.1081292152484302,-0.1421273668755676,0.06190234198996359,0.030907878093184404,0.0556899952088645,0.6396642161804267,0.030252882264060928,0.7125333356888808,0.013107515970568601,0.6770715410997781,0.011123763144728497,1.2718186526654751
brown,cg70,1024,0.7164179104477612,0.4913019410410754,-0.01652710070308494,0.24181077523802802,-0.028692955089206773,0.12887963508377082,0.037307461560207145,0.07173855017746675,0.1524651326089046,0.032830675994860864,0.07254050909289411,0.020128233054945134,0.29796530709290403,0.003620770013085418,-0.7131082057851899,0.007286593896962824,0.9516374481142176
brown,cg71,1024,0.4079601990049751,0.4720626050883201,-0.055415304702109314,0.26141974336756674,0.051309229358950104,0.13124605727387428,0.05331307933217655,0.05167090308766399,-0.18328234091507056,0.04885197156716663,0.4702893443359435,0.01626005971531426,0.10359296949883934,0.012030910918825672,0.54528892051498,0.003493897390698883,0.10172749831531114
brown,cg72,1024,0.7014925373134329,0.5272228695021781,0.050047889659023514,0.21803653849496232,-0.13325823555632543,0.12100541857894262,-0.01305319391682147,0.05352988238841292,-0.13830129024973958,0.03115795544246827,0.016367819518507076,0.01221814039838595,-0.18693167744091443,0.008070616728362854,0.16400257892702008,0.0018843538328776766,-0.39493879020215594
brown,cg73,1024,0.835820895522388,0.4911479285958209,-0.019584383035321284,0.26608759141217336,0.0653353170774964,0.11630936046742467,-0.06353943376830173,0.050953368126910065,-0.17491677168905495,0.028692305981240406,-0.052539126990722274,0.016257924583539293,0.11525001390431999,0.012044703680507814,0.5873668423814546,0.005597249627137256,0.602289890421928
brown,cg74,1024,0.4925373134328358,0.46718406666392326,-0.06811463958868791,0.24553995611424168,-0.01307997779102954,0.14799665330806766,0.17278353537084334,0.056725863113818276,-0.068336740474499,0.027285605531430664,-0.1169446450594922,0.020924829283223985,0.36916500253250195,0.006229505825155159,-0.08668543995395517,0.00794249173018779,0.9494775502658239
brown,cg75,1024,0.5870646766169154,0.5090467782718999,0.019768059385071646,0.22834219921940452,-0.0867639312678985,0.11497462763466725,-0.06481121593164518,0.05985911586341644,-0.047174519791115976,0.04449144514190578,0.3610093589316201,0.01049358988127664,-0.34077858698589303,0.004724543533831101,-0.42787803253118906,0.0024259395150130095,-0.2181244141551737
brown,ch01,1024,0.2736318407960199,0.46349752071961137,-0.07357116358892302,0.26711640004476134,0.06546441116343216,0.11052367123264716,-0.11322563508434325,0.08212288627662195,0.291009260042987,0.03558290185639245,0.15729382227562638,0.02643213419329264,0.5783328487692252,0.006936488204102774,-0.021677723143675998,0.002262615049095262,-0.21195327090743987
brown,ch02,1024,0.2736318407960199,0.5165324918079272,0.03961927089404116,0.25994875252432414,0.038340396193490056,0.12458480969155232,-0.006652959526944446,0.04498156361200788,-0.33578897794154505,0.02297045776567648,-0.2823735578988291,0.01760451088647707,0.21749069849240854,0.00642717014403621,-0.02423340525241713,0.0006291612229772267,-1.6348735028847718
brown,ch03,1024,0.1691542288557214,0.4701526024233792,-0.062454892494652636,0.2490900501710532,-0.00820498289153515,0.10569150956067945,-0.15255932821855112,0.08041073474449718,0.2895549467558127,0.034066699867931545,0.11471907078593535,0.023582571075810275,0.48321383889837666,0.01233296341068383,0.5707618296202703,0.010495435397662716,1.2747738135016
brown,ch04,1024,0.31343283582089554,0.4705129725944419,-0.058087866377733666,0.24477244434051385,-0.018498677660968355,0.1300664167792862,0.05647767761603539,0.07884461273417259,0.23009676872720064,0.02513812039673692,-0.2209202837085651,0.024047403080091432,0.503023483678267,0.006090879398347657,-0.05553083576828488,0.010642022041468333,1.1376628223079956
brown,ch05,1024,0.6517412935323383,0.4922971664166441,-0.012188782734046555,0.26131542967994464,0.04772511556796277,0.12937038642842133,0.029560361961281423,0.051083110478814725,-0.18765195478669572,0.02701785199533683,-0.11268304878054902,0.011036228259475249,-0.28530235662929915,0.010456454321273382,0.4456040528190268,0.009963046458790944,1.2338853288372738
brown,ch06,1024,0.6119402985074627,0.4845697413668342,-0.028140390370704482,0.2567547713725341,0.02489132314983511,0.11067435952062338,-0.10769471392606489,0.06950667411148155,0.1012212941559052,0.038854340876202,0.2587536103206798,0.01456408502608304,-0.026337622017853946,0.010698697245040318,0.44209610921567677,0.011323396716732681,1.448935034633676
brown,ch07,1024,0.25870646766169153,0.46269203608639436,-0.0810877516887687,0.24345500719202365,-0.013351241664692592,0.11284601649384664,-0.10379015168851335,0.06998240875966985,0.12272859727769525,0.031592264865819855,0.043285459470382204,0.01686354982369169,0.18338200158477136,0.017323628582434695,0.9573934316374313,0.009772461153473579,1.1701790496195734
brown,ch08,1024,0.004975124378109453,0.37508068164453673,-0.2879101103653017,0.22627331407943663,-0.08291268188584855,0.12862819830572947,0.02845665500000827,0.0805231377862762,0.2454756127554223,0.056388741273724174,0.5881777280022829,0.06757866907092124,1.5631232339271373,0.013923982820685724,0.6751027195243209,0.024108567462607575,2.037809273997912
brown,ch09,1024,0.681592039800995,0.49108032795916606,-0.012963869852870347,0.2286291374398856,-0.08819132107937788,0.13016550755212952,0.0370815022182307,0.0814837763285228,0.2779353106510123,0.03541388484663844,0.1655303278910618,0.018999984383452864,0.22884611883968375,0.00746157436357092,0.10876388973059292,0.006077975406105969,0.6207715402004492
brown,ch10,1024,0.05472636815920398,0.5021854371452101,0.0011454941100957905,0.21655769874521863,-0.1302981394350078,0.12279510933024779,-0.01908315245229586,0.07422977187688612,0.17833597699317982,0.019198064990238198,-0.44830932975178417,0.01163729604209051,-0.22880974620727734,0.01781343346815067,0.9810108984131025,0.015168589314856358,1.6536155483679833
brown,ch11,1024,0.48258706467661694,0.4705574317461585,-0.05830692257828474,0.23765648261264416,-0.0540226607213512,0.1610741936227541,0.24702617914992242,0.06884116357735778,0.1459382762877457,0.028132972189844962,-0.06708336575242324,0.011902295713850965,-0.2120223499032985,0.006890804347604574,0.015732660347226535,0.002268030938394409,-0.27201510174461596
brown,ch12,1024,0.1044776119402985,0.4542800061882104,-0.09383205221563784,0.24327686211179966,-0.019386788859034443,0.11025033230356229,-0.1255609570996934,0.09050297892546415,0.37396558664508195,0.04087356803760632,0.3108367829678733,0.015033797329908808,-0.05292456285486402,0.011201797401960503,0.50746294821242,0.008457966273385999,1.0554122973532758
brown,ch13,1024,0.6218905472636815,0.4930010485140717,-0.01591853120224196,0.23233959327846498,-0.07231505543285155,0.11721009597652687,-0.04891092864121793,0.07713041923776512,0.22510329820443253,0.038047353185016466,0.22730850318158735,0.01607496913318696,0.11404058028133335,0.014754774546101176,0.7864797550543123,0.002310446398474195,-0.1741115655528036
brown,ch14,1024,0.05970149253731343,0.5184784507933418,0.03696567029085018,0.22099405714067305,-0.13030419573500218,0.11255931593813964,-0.09076901252576741,0.04439043116941431,-0.31537189661092935,0.04530984258645909,0.4324408860068347,0.023726667531852264,0.4739458944954298,0.014672974555069183,0.7626318022934608,0.00797880951389961,1.0173355989048005
brown,ch15,1024,0.024875621890547265,0.4403873181024602,-0.1314452690164517,0.2456391335089731,-0.01125773499149485,0.12773844282507688,0.03133386217489775,0.07245146945340591,0.1678919436758881,0.04319072978057856,0.36142627218874335,0.03819214812173341,0.9847166175752005,0.007854883822421109,0.14377142814793054,0.004182799544088522,0.3588272130562835
brown,ch16,1024,0.029850746268656716,0.4358894820117298,-0.13879444464555069,0.23784121915631706,-0.04996949089314673,0.1076793986541646,-0.1330252177862663,0.06285919057150742,0.03458797763102961,0.03247429371558584,0.09833359957011334,0.034956627157013746,0.8390953919198378,0.013223855595845806,0.6364458662233679,0.008855421998856711,1.0608583520126258
brown,ch17,1024,0.03482587064676617,0.46874588245908405,-0.06470604961443316,0.22014624267411545,-0.12880850014149914,0.11020824493008417,-0.11811427928224338,0.05877405887176182,-0.03517572696774307,0.02915106964254058,-0.040717709870927266,0.02723234237965182,0.6205923381628908,0.013997751018327835,0.7682466667978316,0.016655377930083648,1.6366223338921913
brown,ch18,1024,0.18407960199004975,0.46934008502387015,-0.06487923754507652,0.25724197633212936,0.03900954132870327,0.1121384997683718,-0.11402813888955166,0.07767750769302223,0.22783575430244518,0.04475495316679892,0.4099361480606909,0.01892171709624814,0.28846799387767774,0.005407987868287423,-0.238174480690569,0.013809973885007258,1.5547615725795279
brown,ch19,1024,0.3681592039800995,0.5178100019178641,0.037169309844383935,0.21250318925551853,-0.15964305382879362,0.12974691543003544,0.04987967648353475,0.058070771235002906,-0.05836470313524256,0.0417410304206826,0.31444406186553575,0.019586324933269117,0.27647454560664464,0.011100200450714484,0.43267812928729477,0.0025190243930400895,-0.19315329633983414
brown,ch20,1024,0.004975124378109453,0.49159104842484447,-0.02041804072222142,0.26374943980521126,0.06337957826339036,0.0832710183402155,-0.3959564167891192,0.053897317173328185,-0.1344505546152881,0.0537162450011153,0.5801757838220509,0.024778893846877804,0.5282381604077422,0.01226281848975713,0.6055309292560302,0.010260975737124098,1.1175999629717133
brown,ch21,1024,0.12935323383084577,0.49098866674835284,-0.01966816490391443,0.244934089668676,-0.011191793159560648,0.1179507811038385,-0.046644760159794796,0.05950034878042505,-0.04189236278991526,0.022262604541883318,-0.30363579431638277,0.03739163188744688,0.923958773971723,0.012714768369565636,0.6207911931177197,0.008755807740585712,1.055550605145993
brown,ch22,1024,0.004975124378109453,0.43719034987119154,-0.1311572757409486,0.21950262476968457,-0.12586587162341445,0.09845507856086567,-0.22329355794430406,0.09098342698157459,0.3524013061029989,0.05577499016051521,0.6078457460054416,0.018071310271808548,0.20149172340249866,0.01380748485870138,0.7203819867865837,0.014448883754446095,1.6718651338497779
brown,ch23,1024,0.05970149253731343,0.4515842179589809,-0.10200500588632622,0.2533069465054036,0.025932622794411886,0.11355401711169405,-0.0920780660016649,0.06862525057195247,0.10395340398616382,0.04661194914748613,0.406085213288375,0.01202689389883012,-0.21518758391992598,0.01955604100673629,1.0238076677441859,0.014587983854175033,1.5817401112880667
brown,ch24,1024,0.004975124378109453,0.4479698904364686,-0.11423979199236245,0.22091555644312663,-0.11606569989481597,0.11146640022913537,-0.10465458615231027,0.08285256045865652,0.3005761073177555,0.05841664321252622,0.6494454193522672,0.04298325737768017,1.1411455828518426,0.005680459745440682,-0.20670974718706692,0.011568529896064288,1.3446592048459793
brown,ch25,1024,0.14427860696517414,0.4668254187700685,-0.07114193497930943,0.24433098482714197,-0.01784690771930375,0.11616877066874153,-0.0670111885416711,0.07660617300275166,0.23233796507686666,0.04388266941774299,0.36493334411776157,0.020386110478602323,0.37457645903397463,0.007360591011045652,0.09307378018392853,0.016238418761118496,1.6147031837317574
brown,ch26,1024,0.43781094527363185,0.5034870635060356,0.0062947936421050565,0.26442620371929326,0.05655991151246442,0.11360260921934322,-0.07473710054977678,0.07664357414127859,0.2196388112683736,0.022194188076549173,-0.3023655657461486,0.00796389549706213,-0.6339314788031682,0.006229441055772958,-0.11343913735036448,0.004780551969371674,0.392427609391266
brown,ch27,1024,0.5522388059701493,0.5055573759826034,0.013362514074213072,0.2344714782621123,-0.05865746089651025,0.12358039559455444,-0.018168388982453543,0.05927101820918354,-0.030917779423333513,0.04312264788224848,0.3578708062433149,0.011045037405115126,-0.27725342960640287,0.006285803928095894,-0.1084943051550793,0.01311916332512111,1.4685386432813896
brown,ch28,1024,0.08955223880597014,0.5215167748236615,0.04488270637559122,0.21214527733170585,-0.15854997268053417,0.1218143789829988,-0.0197410540207974,0.05645749855591632,-0.09198427214042715,0.032399519698564486,0.019920338922235103,0.014835885872995178,0.018456276381376924,0.01396550377655957,0.7056153223778479,0.0218906613960827,2.063006488146293
brown,ch29,1024,0.06965174129353234,0.459769789202642,-0.08044727337334578,0.24352257215808196,-0.03221460680461319,0.118489547152227,-0.045129297530181134,0.07059194623860533,0.14183720219213036,0.04498960805211957,0.40177327769698623,0.038112837222076576,0.9317402375435915,0.008446501387944052,0.2330152806780994,0.006324336565964546,0.8370741937658535
brown,ch30,1024,0.34328358208955223,0.49528728509495,-0.012157692692433164,0.26763019053463466,0.07821980863648603,0.13214791838669832,0.07126137629359697,0.04117683882862682,-0.4178030608671386,0.035131215362700016,0.15605342445261172,0.01347047770454116,-0.07220991964030166,0.005973882597857044,-0.15882999572291734,0.0017990569926198403,-0.5066447518168653
brown,cj01,1024,0.6119402985074627,0.4648486270678587,-0.06777962878937116,0.2594292453266235,0.031886263738524434,0.12754117276607146,0.02093601930226452,0.05894236028627266,-0.04832205646019583,0.036958750374300825,0.2256237004806363,0.016460868821513125,0.11372429732329792,0.016402276379588226,0.865626793061935,0.0031053323239188103,0.020852803343861304
brown,cj02,1024,0.23383084577114427,0.4869498864421894,-0.028167109696833337,0.2396183110765929,-0.037995260620484084,0.1406065595591169,0.11517206762462218,0.058806854587971136,-0.021795995163352178,0.019340081507202393,-0.43085095641725735,0.02955802939469398,0.7036170532227595,0.0158996848333855,0.7968231570067665,0.005025135372995123,0.547958622330663
brown,cj03,1024,0.8059701492537313,0.49682871305650006,-0.003946135386999172,0.24328838838212158,-0.028219864578211462,0.1429717368681056,0.15074847333997576,0.06168428298405751,-0.007519329129297425,0.03245455778837382,0.0731593184899233,0.010359932611355191,-0.3308350689077679,0.004835971868815494,-0.39244405248099046,0.006314552818578773,0.8493736073556866
brown,cj04,1024,0.3333333333333333,0.45556956280904454,-0.09312577118256449,0.2628012921897914,0.04942355947765176,0.139105196123825,0.11441371509830489,0.07917127184623157,0.2649893062820299,0.028482854915117723,-0.054133191395596914,0.01310284696883066,-0.1169571106521543,0.011294443367443396,0.44398760226412737,0.004061074456679695,0.3832652731686368
brown,cj05,1024,0.5671641791044776,0.4913537961894052,-0.016505581810909886,0.23715782548776082,-0.04649010915577256,0.13694975720401367,0.09151166067763294,0.05476852007019939,-0.12123269810141135,0.029136697768390375,-0.03507506214531464,0.015159465191602287,0.004316717598073616,0.01493194729447517,0.7970036510216332,0.010283993630009796,1.3238971039861571
brown,cj06,1024,0.3283582089552239,0.49329692623958243,-0.011720333121155946,0.2244377447498913,-0.10078575433097825,0.1155625425756319,-0.08992176229183713,0.08894491313751839,0.38116712300360467,0.04196773005882008,0.3527612172675765,0.01856208391822035,0.21860529421340624,0.005631871954872793,-0.22926360853097094,0.0027434310642962664,-0.10913244826455148
brown,cj07,1024,0.7860696517412935,0.48722901819433456,-0.02649117283833291,0.25273538755683356,0.01851039453486769,0.13870804778839882,0.11158174135786192,0.06039936782614432,-0.02051762963699355,0.024596826546951587,-0.2219123897613673,0.013452462385254053,-0.09119357873565725,0.014565008477624175,0.6811766389071101,0.0022225603007944767,-0.2036874205745285
brown,cj08,1024,0.8159203980099502,0.5101126524919204,0.020690467533495127,0.24172854749444,-0.02778152558865643,0.1363454984136924,0.09241556808924445,0.05241798772946422,-0.14735382722767643,0.023407690027620744,-0.2732565518037351,0.012030075251904079,-0.2197050208754172,0.006266782386138273,-0.13662888682983532,0.00617653769008367,0.6956734194009275
brown,cj09,1024,0.009950248756218905,0.41595451573769127,-0.18699912157112053,0.2431410434965396,-0.0195462968268747,0.14948065885200362,0.20400609063310338,0.07166238187464456,0.1438049189629611,0.055463318418270346,0.5842344615644781,0.03116812873667985,0.7068781592659898,0.00780278149581321,0.10597786721793856,0.007937735699682253,1.0191665125416218
brown,cj10,1024,0.9502487562189055,0.5263883053301033,0.055214460505752405,0.24539175907530558,-0.01615332489020327,0.11573820879367835,-0.0709984587400152,0.059505111699059934,-0.04430451751712727,0.030925081954025473,0.006945050269937969,0.011120917772531073,-0.31112357969221005,0.005597295940320287,-0.2087899947054881,0.0021924733997503955,-0.21194092613883875
brown,cj11,1024,0.024875621890547265,0.4334451392223874,-0.1441957712984081,0.2672734675236896,0.07287211164467755,0.14326350001391963,0.12169969914184131,0.07354811870945611,0.2068437867911337,0.023588172627757902,-0.225064745239401,0.02587186096834018,0.5858810898288991,0.015939478885932525,0.9273504287826784,0.0033221351027983895,0.13704590375436965
brown,cj12,1024,0.004975124378109453,0.4305334967675408,-0.14629409056673426,0.23157296213773718,-0.07163979518286023,0.14745275908221062,0.16840590443490333,0.07837332332760155,0.2386578163757016,0.04929899893669161,0.4667033127556621,0.022059689854656936,0.3897430892951701,0.008523276508236977,0.19769348083982408,0.023042996963067188,1.9885790641871308
brown,cj13,1024,0.004975124378109453,0.4574184821597666,-0.0895425613392099,0.2131880908017934,-0.15649982421265474,0.13108821365556417,0.0649186794793506,0.09230804221536204,0.4035494759974183,0.030732257901879004,0.015697221802838612,0.02249719993114562,0.3880143771275182,0.03967361079324547,1.7835079297243768,0.004772565655402529,0.3877360947283721
brown,cj14,1024,0.5472636815920398,0.47474135480604446,-0.052420112520812245,0.24668690118805692,-0.004546689121986303,0.1453591438057328,0.1631026070330477,0.05905294336097458,-0.0494812018795181,0.03848000915941043,0.24325221373018957,0.014537464224678463,-0.04770184267812283,0.010710244552591818,0.4441524238240211,0.008769366010290207,0.9534833420061002
brown,cj15,1024,0.15422885572139303,0.4473808582932497,-0.10578771207986015,0.2928097008712736,0.15966416897075675,0.12341163293478277,-0.015127324364807126,0.054600409273866876,-0.11708110763033686,0.026030934500747428,-0.16302585198954134,0.022139945779064085,0.39109304146760326,0.008915989015077879,0.18967521165541879,0.00599794783312207,0.7031500865363984
brown,cj16,1024,0.009950248756218905,0.4259511468584223,-0.1521362734102425,0.26683503984672935,0.0625240966805225,0.12505124843962712,-0.018862341392804183,0.06803007063225572,0.1091179977848542,0.05420056409765338,0.5836262263575183,0.020852760101918496,0.35213436478417526,0.01411569242003551,0.7463599523143722,0.009429931718183876,1.1145533893625634
brown,cj17,1024,0.14427860696517414,0.4908040648608536,-0.01681296270428123,0.2209777476179578,-0.11617942732743392,0.15564520086844805,0.21374718400843595,0.05219120966209057,-0.16650796290864678,0.02474640549609078,-0.20653032142629613,0.028273907440755388,0.6459204366791274,0.014128492210241709,0.710357438036981,0.003086566872004805,0.038529828202594096
brown,cj18,1024,0.004975124378109453,0.3927595089667275,-0.24525039137396243,0.2252879637429434,-0.10150388051978942,0.1663228564003418,0.3019880881880932,0.08997925189421689,0.39232569496404013,0.05187138242286943,0.526799594226298,0.04038890338802946,1.0392903977047072,0.009126241763064692,0.24208343792229225,0.007123522193704695,0.9271547597674656
brown,cj19,1024,0.014925373134328358,0.43130009629610777,-0.14653582455493275,0.23681968166390568,-0.04802293098930965,0.14107856462547722,0.12306797257376267,0.08913024538389133,0.363871014635202,0.0453391116389053,0.398651853077983,0.01127393624362274,-0.2409663486680591,0.01786999578730246,0.9566510897287879,0.020038587226725198,1.871913943024869
brown,cj20,1024,0.31840796019900497,0.47025520138010835,-0.05783142590949131,0.2366737812303059,-0.06254093764493374,0.1469713334838786,0.1705746893662834,0.07449124839521991,0.19078074607510276,0.024185825352032765,-0.21027626915690467,0.022736124895492878,0.45604904392504864,0.003972383280825135,-0.5655214058093394,0.003133753366604511,0.10642423384011845
brown,cj21,1024,0.03482587064676617,0.4487117301206546,-0.11004964479560986,0.23441612609173648,-0.054428465534315684,0.11936963324860235,-0.034467945995060756,0.08718703971476102,0.34304279348821476,0.0630260630906784,0.7248716287330681,0.019717556662416764,0.2532572330388039,0.010223081460802386,0.3433414443491314,0.0026226926725230505,-0.010352472181851091
brown,cj22,1024,0.8308457711442786,0.5190553743686639,0.03886335989361489,0.24449902598048076,-0.017255099952761865,0.12649332609530198,0.01227094721180988,0.05693822273305042,-0.09390309059653879,0.029549287155512298,-0.011135210041333998,0.012328423005905255,-0.19026378686519774,0.003016261844926493,-0.794972715678858,0.0041608481596285465,0.45202649730926225
brown,cj23,1024,0.263681592039801,0.5191115735547758,0.036747224046294824,0.28134387888003576,0.12285221702098847,0.10684207319142872,-0.15166710685127072,0.043001860532629596,-0.3558101900959749,0.026776332863743146,-0.10708195610209215,0.009946816571245718,-0.36228026551471526,0.009950893511096725,0.3626952452049661,0.0017549493229926144,-0.5096232101524389
brown,cj24,1024,0.08955223880597014,0.5286322930473961,0.05434895466161782,0.25840357374616096,0.04645393507638795,0.10584488599432201,-0.17014391442283783,0.049344193611950596,-0.2308543028451071,0.02150125555685065,-0.33454575011293475,0.008498878709087134,-0.5243974260034072,0.01855441603455263,0.9636587058613548,0.004690717802406326,0.43705294572462705
brown,cj25,1024,0.34328358208955223,0.5364752803151408,0.06967556358259674,0.23286007951750803,-0.05889411494684116,0.11308358691215453,-0.10432981417090526,0.051582181632456134,-0.17612813604632294,0.03393021648175738,0.0999485747388209,0.009344032303284917,-0.48108428781397894,0.0077700980665975136,0.1426413629765948,0.006281862660741269,0.7944912959373829
brown,cj26,1024,0.01990049751243781,0.47282291714293206,-0.050607717151920806,0.23319050372587868,-0.07661204556524126,0.14519970827984557,0.16265619976527068,0.09506212141877546,0.44572220612519464,0.041143775391360014,0.2919828235323063,0.009039900477853031,-0.5128046446922454,0.001772903451940826,-1.3463162418292818,0.0009783317395083092,-1.134493966504066
brown,cj27,1024,0.09950248756218906,0.4704107272155673,-0.05484400177166515,0.28980525747824903,0.15209942497505602,0.10790495075915665,-0.15742308889219814,0.08044193060320126,0.26015242150826845,0.022793863798263557,-0.309875637016642,0.013935408150554555,-0.04062796441740346,0.0026427893246689462,-0.9363913365211989,0.004277878080488403,0.3240843726424547
brown,cj28,1024,0.05472636815920398,0.4615146047605708,-0.07654023366347262,0.2104427099003901,-0.1659024265599056,0.1512356860082053,0.18327429326099076,0.07109850204640827,0.12439198973435417,0.03484035149811794,0.13488659145618964,0.024230726372405066,0.5205172630788057,0.01588498858405092,0.9129383312797632,0.015363165390472661,1.6501932402664385
brown,cj29,1024,0.2885572139303483,0.5234412376000119,0.04444208031700769,0.2392395691153621,-0.03494038828512047,0.09326644445159646,-0.28060941891110724,0.058720409361845013,-0.034570394353574674,0.03905945688542477,0.21893834387250743,0.018591281660553287,0.23749011083713656,0.01272538667397562,0.5344830817654449,0.0009668667911342762,-1.0654871072373489
brown,cj30,1024,0.7910447761194029,0.5074733226336666,0.017107850568394922,0.24972629497436005,-0.004765311334138378,0.1254178505859754,0.02273709181106831,0.05027433974976407,-0.20625330437158285,0.032387135017585736,0.049013192030941344,0.010042314550069768,-0.3664770549429681,0.007682929007971916,0.12883421813205587,0.007570985207861905,0.9551474067955334
brown,cj31,1024,0.5174129353233831,0.4670742357327397,-0.06736704213046263,0.2734986197832491,0.09465637142242334,0.13327553363749986,0.06792426637108662,0.06621249526689231,0.06645242866090717,0.023736201848034728,-0.25389556242870803,0.01046799543280738,-0.310370955177957,0.005465504482101117,-0.23131552213622797,0.0033556396891613136,0.14967210590211089
brown,cj32,1024,0.05472636815920398,0.5053513262531542,0.012187393850247585,0.20140973993049338,-0.21363045983226958,0.12433474262451819,-0.0020235548059268638,0.05031331580906209,-0.1956031256175983,0.042026646588539385,0.32180074757498733,0.01879372779447809,0.21485252001137534,0.01018948886105948,0.3903298205241317,0.01103939263772121,1.3762585979345632
brown,cj33,1024,0.01990049751243781,0.4474752455980934,-0.11573686964547714,0.21677701322468695,-0.1326693888042616,0.13120112210088863,0.07089739407131601,0.08554142416021218,0.31724153324676774,0.05172417458432856,0.5363646259549801,0.02247537219815253,0.4035640653568575,0.012792177343039848,0.5742661561238496,0.005994774281461165,0.6293681104922593
brown,cj34,1024,0.6467661691542289,0.5202179840793221,0.04084886473822502,0.23547321836286064,-0.060091973656318354,0.13363587681267433,0.07453931723964713,0.06054625460771696,-0.028558758509895643,0.021696214595193823,-0.31242179308235585,0.014477049097775446,0.017804087842622884,0.010061986714667315,0.4085100530266752,0.0010731842615717584,-1.052591064054826
brown,cj35,1024,0.009950248756218905,0.4585805409907701,-0.08823193654238104,0.21174388583995574,-0.15876153616963706,0.1395863855022052,0.11620798889481976,0.08934052041253271,0.3776776580000911,0.03857162870273724,0.2394131787385625,0.017770889176155,0.18200934670544022,0.01652524901465383,0.8664033258628674,0.019027836399106105,1.7984744048759822
brown,cj36,1024,0.4626865671641791,0.5099555820943887,0.01801908036033384,0.23835672182757067,-0.044733836895485934,0.11273060547372929,-0.07802316292239508,0.08184588554548493,0.26006779517024237,0.033764774381084744,0.09933196923623999,0.008912095989573732,-0.4836407353470582,0.00371234264693139,-0.6367221920511978,0.006449231421596809,0.9094397016454039
brown,cj37,1024,0.5124378109452736,0.47308032663312566,-0.057745892309696734,0.24010321369093612,-0.03863361123070952,0.13777091562097715,0.11756683802988976,0.06840085983575925,0.10682141811306645,0.037627688506880676,0.22990489334234754,0.013692630622607487,-0.1166725658175789,0.014266045578795366,0.7061862813422755,0.006164635510936326,0.8109399790947132
brown,cj38,1024,0.14925373134328357,0.5076891790158045,0.015326997363747763,0.22935905130907333,-0.08740949333905568,0.10615017882444293,-0.15352224150865545,0.07164283076391088,0.15940930133196796,0.03259736787226781,0.06322698623511025,0.027997461933780596,0.6566577901949562,0.018802376047314297,1.0350441884554171,0.00205932207781423,-0.42463010397617573
brown,cj39,1024,0.6368159203980099,0.51665125261756,0.03588531307137255,0.2521956578067677,0.012083357940897654,0.1152960496510369,-0.07898563941408332,0.05327250522698967,-0.16616067641731203,0.02007095957448619,-0.3960425038434412,0.01729257145179123,0.18425360001604751,0.008156840180808145,0.1534314531347869,0.00667069303618042,0.8448493581900465
brown,cj40,1024,0.4427860696517413,0.5288557276237582,0.054526313316281216,0.25233577097900917,0.01829556752754291,0.12235593786989817,-0.01603170502415363,0.04843720766922714,-0.23870526377788925,0.024101533169884184,-0.24584058704384537,0.018499149019170012,0.25395760907493514,0.0028757775495054845,-0.8636981570939666,0.002013579510935111,-0.297163122071737
brown,cj41,1024,0.39303482587064675,0.49998555244779763,0.0009466749081064041,0.24815538358982764,-0.0093659064380196,0.10730850648974984,-0.13979602619648812,0.06213573996510709,0.02178763924327054,0.026092323241000356,-0.16138836168229975,0.01962192047311088,0.30726084247524854,0.024480753829157476,1.2614139443084293,0.00265541786773234,-0.17074175302641237
brown,cj42,1024,0.6119402985074627,0.5261810647783287,0.04849578900871321,0.26012235295573216,0.04136965898493439,0.11407154456363329,-0.08277628062467413,0.05295952144252586,-0.14608751533206554,0.0203262884898702,-0.36854885963115747,0.013775932805644524,-0.04294087482799913,0.0048183929073292164,-0.39588861193108293,0.0015689264052427764,-0.5747385809683898
brown,cj43,1024,0.5920398009950248,0.5118653209718143,0.027043404177564456,0.25448394705974786,0.018909373333334978,0.11118210427153463,-0.10801754618607706,0.05015241630088615,-0.22267624964619603,0.04277869320062421,0.33342308667920495,0.016950355749847306,0.15743791379084016,0.0036778712449210722,-0.6457632368952595,0.0025748774073081635,-0.1405650897450217
brown,cj44,1024,0.9402985074626866,0.49385663911570815,-0.010387104503792877,0.2503441656339498,0.010543462423787231,0.12446673250390802,-0.0017541380952499352,0.062450010112609255,0.010319773979974745,0.03784675485051418,0.20450543691566914,0.010555105696185636,-0.35082541525908173,0.0074135233004031156,0.016841447146684452,0.007341116522086515,0.8862879745846959
brown,cj45,1024,0.024875621890547265,0.4282956730718651,-0.15166811721528217,0.2447801834651243,-0.024963335918773977,0.15750423387469936,0.24582491816160967,0.07357709172523845,0.16523055690451915,0.029162033995249324,-0.025040166603476965,0.023997052609910613,0.494526244435749,0.013333324868421408,0.6840701154566045,0.003284762835725894,0.05547892847779856
brown,cj46,1024,0.13930348258706468,0.44471879118680274,-0.11469296283009234,0.2687358008334552,0.08268617109392085,0.1312011152852449,0.0457699059705603,0.07015603134337617,0.1306525103500502,0.03869961272153595,0.24885643356339004,0.009201048711762257,-0.5216624022437895,0.01231070496341474,0.5763099913421348,0.0035392127407621724,0.1707518820214604
brown,cj47,1024,0.12935323383084577,0.5081773399626651,0.012309863921263986,0.20938466278410262,-0.1727864139790125,0.11028716857197433,-0.11003616610501954,0.07548856304861508,0.2072750131960519,0.04381059035953452,0.3783889226966335,0.01769021045502931,0.1795001112086636,0.008449080512806061,0.21114413331747883,0.011598625582455335,1.4493939483397265
brown,cj48,1024,0.4527363184079602,0.4866378534983805,-0.024983437672609354,0.2348294793259057,-0.057039640270150516,0.14943637008949978,0.17856508695641304,0.053315932781241845,-0.14454968334782814,0.03448132873140901,0.11398595516485566,0.01051522358855667,-0.31019891554355805,0.01870392805416158,0.9846066674986518,0.0027433112231438276,-0.10385450774849403
brown,cj49,1024,0.38308457711442784,0.5024506262549564,0.007932593527325338,0.25151798060928215,0.0019334390660197265,0.12525501178089163,0.01085612531151714,0.04429604333117545,-0.3251133599186571,0.04044089021439372,0.29513327493749175,0.022056443188930547,0.3936722655343394,0.0028618373274894335,-0.8447323943357175,0.0037737999901777787,0.21978270654123389
brown,cj50,1024,0.18407960199004975,0.48270958825894517,-0.03916984409114621,0.2769105419690021,0.11558887515408256,0.09772911446601436,-0.24545161429949225,0.051589056153895446,-0.1722864305455416,0.02933711819691965,-0.046482189213779,0.0162547479554662,0.10748392554330977,0.019789850931505006,1.0742419917551818,0.0016457313405826668,-0.5038210829162821
brown,cj51,1024,0.5174129353233831,0.5424227173836668,0.08041234312476686,0.22201733764614184,-0.11525516042700867,0.12239185543883306,-0.0064308361158023075,0.050712617357820046,-0.21156983592876744,0.03280943411414504,0.10869498839873426,0.013432973559019448,-0.10970388080786453,0.00505000437310151,-0.296175964330164,0.004034197975754325,0.32827314275295727
brown,cj52,1024,0.15920398009950248,0.45803582467781545,-0.08351576877411471,0.23929403583798325,-0.04607199607837975,0.1491223589855802,0.16788391187764629,0.07326477219256203,0.18503548031238637,0.035504267707746874,0.1679885483835193,0.017934561261131965,0.19894399045028255,0.01637016785153716,0.9538120658504212,0.00836602866790429,1.1008936295028997
brown,cj53,1024,0.12437810945273632,0.45807504558363954,-0.08581112141114788,0.2735959083968253,0.09252497302796492,0.12124423118575452,-0.02586602124112236,0.05547538562109519,-0.11079732204252712,0.036237540050903,0.18557396692753558,0.0127840648303796,-0.14083103927891916,0.017014969237395577,0.9407546635436326,0.012416039155824746,1.408282028766612
brown,cj54,1024,0.8009950248756219,0.4827156744076198,-0.030437181111985123,0.2307114787581372,-0.07883056019357593,0.13726467009577675,0.0940568108566906,0.07094366890772515,0.13733031712526778,0.03253233263341665,0.03153163151701577,0.013443246192248333,-0.04058869354836592,0.012133500286225805,0.5301092221981278,0.003790646698073965,0.2250852636195848
brown,cj55,1024,0.6716417910447762,0.5283400803001472,0.056330493641804424,0.22649568414967958,-0.10521301425697072,0.10968725095827771,-0.11181412922616163,0.061119168693473794,0.006759421008791122,0.02947118595431828,-0.05068060625683746,0.013020023767522156,-0.10898127780975297,0.010597860380155017,0.4574937585608163,0.003831675219121103,0.28618042608643
brown,cj56,1024,0.5422885572139303,0.49288728652248004,-0.022458747331694617,0.2384494048635797,-0.03442507978908038,0.11623941302733104,-0.06346993920146815,0.07025714328211084,0.14274930822895548,0.029549247801869453,0.000817196966755418,0.015029346176295779,0.05064985009355283,0.01921065762142101,1.0377095914401129,0.007768267498648736,0.9536166420779928
brown,cj57,1024,0.5074626865671642,0.47416516688261756,-0.05279911873146437,0.25677067923704117,0.031763541243903015,0.11972410192160657,-0.039877859145292405,0.07373820026505466,0.17718419210590275,0.042306450410705895,0.31792747052599024,0.013218833051103367,-0.060616016619639446,0.008222272173509385,0.19869602669286213,0.011007933778081347,1.3636639100459043
brown,cj58,1024,0.2736318407960199,0.4767142810080599,-0.04743308141904323,0.2273218672276316,-0.09253950079314444,0.15200656793653533,0.210513055061049,0.0721825625154657,0.14694050562962957,0.02502918439007489,-0.1753597596526313,0.016213986923472614,0.13993530764361495,0.018422243508068974,0.9637277649124347,0.005753202523039203,0.6206579692908658
brown,cj59,1024,0.3034825870646766,0.4598027101957354,-0.08414426312338075,0.26014002049490087,0.04765886267986308,0.14224508212991843,0.12342827591926575,0.0755006435452713,0.22110166217129956,0.02101666823713553,-0.37332195977764515,0.011316848846802768,-0.2330926909668003,0.007886725021628004,0.16673382022396677,0.0024361675587700462,-0.2841381595110706
brown,cj60,1024,0.7114427860696517,0.5133576290038162,0.024575348117524376,0.22550130608758984,-0.09185281137095158,0.12092613320299297,-0.035220963081669776,0.06585635357096026,0.07020971637571627,0.033157458624490495,0.06640192816915125,0.025778006201962942,0.617993508034909,0.009886102180475888,0.3864959473310918,0.0018766221827361033,-0.3635496782704708
brown,cj61,1024,0.6915422885572139,0.4976691677997594,-0.001886566541455137,0.2629425418831166,0.047987763809578254,0.12445983097649937,0.007014177920071418,0.04655304471654424,-0.2738684617169542,0.040401353793537625,0.27453921665635006,0.01095537816774815,-0.2597108344427337,0.004921951390066221,-0.3856656690930018,0.00476750977026966,0.4464522842719765
brown,cj62,1024,0.15422885572139303,0.5171859754651242,0.04065939244355776,0.2720695437258095,0.08634407438464864,0.10939732563609036,-0.12853416101857063,0.056324832977067134,-0.09917078601882068,0.018882265998418375,-0.5078318850137253,0.008395486136784768,-0.5666455906251242,0.003064397836244772,-0.8087858998266331,0.004588375571756695,0.34150994569311344
brown,cj63,1024,0.7313432835820896,0.4907735865819241,-0.01568299088884728,0.2292343424664145,-0.08791394106446293,0.13907344222861398,0.10216869262256578,0.0689861321217023,0.1393804623600996,0.022618755472362282,-0.27869141835786015,0.015606143547146813,0.06187397737585876,0.004392850616591805,-0.48295675336445054,0.003342543062830515,0.18266621802467053
brown,cj64,1024,0.8507462686567164,0.5121623822032458,0.022816965241469256,0.26986751306922035,0.07781609489355157,0.107670234018172,-0.13903699156290772,0.06186712456042626,0.010044153996798144,0.02307178148919704,-0.25346727951172277,0.01256905009888969,-0.1777219353226469,0.008129871667776387,0.1546450063191891,0.003500555202872019,0.28655124490061556
brown,cj65,1024,0.26865671641791045,0.48162091150538344,-0.04033312733792194,0.2166288505777249,-0.13824649991114213,0.13372826300157317,0.07869820522541726,0.08138403127041818,0.2672088506860648,0.03787254752259585,0.2383897445836105,0.021063254085479814,0.38102448042374837,0.006367483288723016,-0.04918328365712288,0.006170312357543022,0.7577962109244156
brown,cj66,1024,0.7810945273631841,0.5064784159472592,0.020180682231924374,0.25508394678697616,0.017235718608669348,0.11256073203310558,-0.11199720571149507,0.055177426716979026,-0.1152968347761405,0.040426450094491015,0.29121541514116256,0.017714117743542385,0.19097465916673606,0.003973909372436794,-0.5477546138995999,0.003927386052553413,0.14699731345456968
brown,cj67,1024,0.07462686567164178,0.49215001459209484,-0.010359938214871578,0.23469076362760782,-0.06540956833060085,0.13526856006173105,0.0914593923269118,0.06075783837183293,-0.0307068115420166,0.029717812132602422,-0.023803466502451798,0.024821855655061596,0.4926730074343597,0.016279620388713244,0.8948692675648076,0.00025604917977303955,-2.3801247797262164
brown,cj68,1024,0.7810945273631841,0.5021193389019023,0.009153779687952723,0.23579509295600476,-0.0636386645482816,0.14252873939777466,0.14229299072572754,0.05769000065122481,-0.08385469070306106,0.029560676591791697,-0.013278420747731001,0.011997217095332222,-0.20067811461140295,0.009974333994960076,0.3760972329733221,0.0074724308720393795,0.9357654216514071
brown,cj69,1024,0.004975124378109453,0.4057872559470539,-0.21241889277248371,0.2252390328268987,-0.10214741937252203,0.15043997369213047,0.2057355608481397,0.07044477180498648,0.12956758091789045,0.04249275094502143,0.3478212412557995,0.030007089147869967,0.7422778152112346,0.02135968370770262,1.1748563819685995,0.00995533141913294,1.2164813628030187
brown,cj70,1024,0.25870646766169153,0.5134999968179041,0.03111769864827796,0.23608247361666293,-0.0601566484817615,0.10814542254385456,-0.14098744689493437,0.05715916401314852,-0.08627331788240955,0.05725029786213372,0.6804792170617877,0.0123242619065551,-0.202361295030288,0.007113510208247103,0.031468845411678714,0.004097919899228459,0.3154985397374439
brown,cj71,1024,0.04975124378109453,0.46266296842589705,-0.07885661477960904,0.25040379284786973,0.007370319044809781,0.14887730204710908,0.18862097782095222,0.04072751720651925,-0.412327856468496,0.057087269998416845,0.6353073209949787,0.023197982940944717,0.45865519521087306,0.00948768936563981,0.3032877520384467,0.00396346939594425,0.27596874182569575
brown,cj72,1024,0.14925373134328357,0.45880241021238366,-0.08809751243047603,0.2677499780589839,0.073944853641849,0.1297853819361409,0.044069639818193895,0.06571577937175993,0.06142767076767619,0.030486558316044347,-0.003308113701347537,0.016271823947114284,0.15017645855741524,0.022784715610851585,1.1870243925057422,0.0018590461440282143,-0.4258631967929025
brown,cj73,1024,0.19402985074626866,0.47950416841925353,-0.0423715572370984,0.2362595947662357,-0.054089674733382775,0.11425063392606097,-0.08995153684329615,0.06884880636312636,0.12382449039934063,0.029100227760843707,-0.03367863210862865,0.022095949852320426,0.44441454099110933,0.024159175404439712,1.24875066113654,0.010871477426830523,1.3108920234933077
brown,cj74,1024,0.03482587064676617,0.42478419467898615,-0.1590057791249564,0.2810954974397269,0.11354826091718451,0.1475203266308082,0.18431538005868986,0.060361932142307485,-0.016596142701112093,0.028764316527467575,-0.0684421737665124,0.024855150214939142,0.4857806063952572,0.020585774373216747,1.087549324700531,0.0023386680487761176,-0.18485427844347058
brown,cj75,1024,0.8308457711442786,0.46965498037768016,-0.06049846593084329,0.25107429795229624,0.004653066833083752,0.12137319832812643,-0.030531574960053653,0.07134173705350351,0.1358289849357055,0.032845403917018484,0.12976662798960747,0.01227956395606706,-0.16777361688047243,0.011166503954605988,0.505609659685148,0.0034605907232868847,0.15863084591449184
brown,cj76,1024,0.48258706467661694,0.5200182895269707,0.05009753142353257,0.2418867853534557,-0.03943870752791678,0.10710670822126485,-0.15820521513618901,0.051727647980468826,-0.17126862760713468,0.025627069004333286,-0.18574239157196892,0.013331098209943121,-0.09950354329118394,0.016302615860398294,0.8059721946415657,0.003993152860644242,0.19107022326020395
brown,cj77,1024,0.014925373134328358,0.4605511925493242,-0.08324633980860396,0.22513795443434192,-0.10818962674176902,0.14657631300879384,0.18491689022987434,0.06497468518695741,0.04856999647748195,0.05399868214750372,0.5989343340305724,0.01481611023221335,-0.019692732442313954,0.004589938401273166,-0.4224752116690995,0.023253144750152676,2.009740668623562
brown,cj78,1024,0.6865671641791045,0.4914338193441581,-0.02090156463142767,0.23207788964000334,-0.07093096288348644,0.14260947270137936,0.14372680208914468,0.06373920088230978,0.047450033887667775,0.03401086698926341,0.11073607785164752,0.010887449498516544,-0.28495345935142247,0.011408288536401096,0.49586594964605535,0.006123551710558797,0.7450890060284072
brown,cj79,1024,0.01990049751243781,0.49389458556041815,-0.01758436327901025,0.20050222732019915,-0.21357713654827704,0.14137782366067336,0.14430877712524848,0.06749943085719987,0.08972784445622572,0.03849006822794168,0.25382567570633663,0.026193956538403125,0.54799562427936,0.019871438495993647,1.062981942204741,0.004288507489533322,0.4711929288910248
brown,cj80,1024,0.11442786069651742,0.45146447911154414,-0.10976224239881804,0.26489853786869216,0.0628973722448134,0.12481972940067998,0.02005653546026087,0.08040423261696,0.28491170529231313,0.02649036156510679,-0.12981262447164044,0.013703931823564166,-0.034122974921648286,0.0038151355900724404,-0.6066876208046175,0.008141423788000143,0.944776323598342
brown,ck01,1024,0.029850746268656716,0.5607980595989688,0.10915506477965597,0.2098162892961765,-0.16370099981226338,0.11254884748207687,-0.1028167668369857,0.04325726210293551,-0.31039030319607264,0.03125665086855542,0.012071623649278607,0.02953527723783462,0.6840294223825762,0.003084213248210007,-0.7562433631813157,0.005735648683532017,0.5585250162827782
brown,ck02,1024,0.22885572139303484,0.4821453864659619,-0.03784333731312406,0.251986566682626,0.006181871749375789,0.11754007245545875,-0.046493371555366814,0.048296529102902344,-0.22697381327021215,0.035533737707912905,0.16887102949594146,0.029269685626577103,0.6869555483802094,0.015639160352981917,0.8233679980124791,0.008523517735045848,0.9818553554550897
brown,ck03,1024,0.26865671641791045,0.4986216432878156,-0.002789015663998917,0.2478658520079367,-0.0072677549414714715,0.13464865400733927,0.08850819112286423,0.050218683112959676,-0.1955418286759696,0.0453173892908644,0.38797966859174027,0.006507636789147983,-0.8180013948738472,0.005209040695807563,-0.28982463594007246,0.005514520867672022,0.6157264961450872
brown,ck04,1024,0.17412935323383086,0.5242450355476136,0.05410799946092648,0.26286394070617225,0.052092767139094276,0.10489211065396323,-0.1807106202212565,0.049222553016888104,-0.21211394095950098,0.01690829223837772,-0.5997063658421653,0.01126692380241616,-0.30018612992206073,0.0091738856102191,0.34022484381549933,0.006771505783091923,0.7804716184937597
brown,ck05,1024,0.32338308457711445,0.5271494412815323,0.05594032632479984,0.2169309699223957,-0.13762531860802896,0.1188191901289661,-0.05486475544193725,0.05803249156879684,-0.06372169589601695,0.03152957295545354,0.040603602306672926,0.022780270520068112,0.4527898861194277,0.014308115297895937,0.7120905097128185,0.006129182169589958,0.702773627427554
brown,ck06,1024,0.3781094527363184,0.5112225814302428,0.01992558026419433,0.2757658890131732,0.10371668058981243,0.10744983337437887,-0.14923482271896615,0.04961622424547334,-0.2052353688770121,0.024110782195263396,-0.22109535639973688,0.017765586482549736,0.21336408759663783,0.005590943328926363,-0.18971790577517034,0.007805434650843494,0.9817825340229422
brown,ck07,1024,0.15920398009950248,0.47267073933978754,-0.055538190073271765,0.26624232867916575,0.06604062692780643,0.10580574146537619,-0.16330240995316636,0.064852402037692,0.057919039337700706,0.04114273640878485,0.30004396065679506,0.018970842648404172,0.27782231274835967,0.022576522976297926,1.197506503655195,0.004906611917373097,0.47590138921711667
brown,ck08,1024,0.05970149253731343,0.5278615915645815,0.05577615914329326,0.27090513136673877,0.08410272387938877,0.09141952071525214,-0.30372516544435024,0.062136990207052295,0.012083211188121723,0.018008332148495492,-0.5354616473876832,0.01743111916789541,0.17121633406433379,0.004804762548867881,-0.39153301837301946,0.004913106300189398,0.3711198741184516
brown,ck09,1024,0.1044776119402985,0.5124434897143433,0.026245614332061296,0.2454005911590449,-0.020064799169912773,0.13731771435849816,0.10188070325486587,0.05136719924953591,-0.17234392574310187,0.02610206781192875,-0.1482175611230354,0.01171449726295041,-0.21513083333030814,0.0014971545413406243,-1.571909815162556,0.008755666556582106,1.0851241692581253
brown,ck10,1024,0.3383084577114428,0.5195416807363723,0.04288084720706553,0.22472005835762926,-0.11344498020118698,0.1221995197689152,-0.01342225089928295,0.06634769707033993,0.08893018473887437,0.03751821140266447,0.19393467076392312,0.017764993231104986,0.1967709063502241,0.00220801017657762,-1.1272211963697227,0.0050568524955008996,0.541662895487323
brown,ck11,1024,0.31840796019900497,0.5302892027676265,0.05855373689063503,0.23626423091412557,-0.05421030495868351,0.10118563361052682,-0.20495208380357166,0.05467330876309602,-0.1159976450407445,0.029671341529119436,-0.015971957426787586,0.01655526159643749,0.12529763142344752,0.0100953850769889,0.4283700924521332,0.008720235027609269,1.0240541667622338
brown,ck12,1024,0.40298507462686567,0.5388915971695847,0.0781278555017011,0.2336394799984351,-0.07101734979395702,0.10404758792894397,-0.17442038386520453,0.06409584698426032,0.030568397494921573,0.0319939715755207,0.08775818187717066,0.013790602327142822,-0.06806049250510515,0.004169956010436524,-0.5188078965896779,0.0068910655439600125,0.870952324345553
brown,ck13,1024,0.4527363184079602,0.45757634277592535,-0.09115097038054853,0.2602832375882133,0.048053618242536844,0.1268041028899435,0.02625874150712626,0.06497865249632087,0.055224965334273346,0.030380728914678655,0.005132874094399664,0.02221020554568352,0.37685780508736677,0.007646518522612166,0.14236701889686199,0.008953382342730173,1.1393848637254527
brown,ck14,1024,0.3880597014925373,0.5235965752527225,0.045664624651297836,0.2349131557608752,-0.049142576397819715,0.13572589662604923,0.07720537928386673,0.052082102289001175,-0.1557103624160492,0.0261787551869297,-0.17366260446389203,0.008058328936216764,-0.6233535357934761,0.012261686728448512,0.6179136955972924,0.0013309720580923228,-0.8197894605517702
brown,ck15,1024,0.2537313432835821,0.5430720978195097,0.08366688957623936,0.2418983445537383,-0.030195306485207185,0.11663407242223964,-0.06621592552419653,0.041803003796067696,-0.3936017964246141,0.024699294529453332,-0.21844157681984377,0.017351733118484834,0.20379848422603342,0.005382195796020571,-0.1605172645601538,0.003944606699092283,0.30857318926246524
brown,ck16,1024,1.0,0.49954399108586417,-0.004170528719610211,0.2490217728104658,0.001687992704734631,0.1185438870949061,-0.046394253894977755,0.06261080719030192,0.026558171326923397,0.03695370407699471,0.2104931865808619,0.01377180324482582,-0.06357633133359197,0.008411809459707572,0.28816542244738397,0.0038352807745228213,0.1700080031396105
brown,ck17,1024,0.21890547263681592,0.5078430085845054,0.012602307564480997,0.23778821249838472,-0.042988860764654246,0.1004646892910391,-0.22180576684861641,0.053045663045643274,-0.12722722732524216,0.0393166056638109,0.28277243878299796,0.03080935513501412,0.729691965350241,0.010909270707202297,0.5131436020109836,0.002670553970387608,-0.12679146500157312
brown,ck18,1024,0.582089552238806,0.507114822649669,0.022783201540827913,0.2298672537287897,-0.08940331572158855,0.13350706328142076,0.06776687654188729,0.050985316227757774,-0.18835659273465621,0.039097976240559926,0.24733810140092638,0.01893148432591161,0.2521892849158589,0.012044031335600247,0.4876803836541308,0.005463354012910665,0.5244094158664625
brown,ck19,1024,0.32338308457711445,0.5184935344830583,0.039656608811822425,0.21383962010436314,-0.1652991431374895,0.12672511049925633,0.03333935631500751,0.07330460874270744,0.18421670256904266,0.04191256860722874,0.2897516144809842,0.01088067388339161,-0.2936732713750345,0.00580579189600845,-0.1635565593384838,0.0027047144134341077,-0.032930333597061434
brown,ck20,1024,0.14925373134328357,0.519519805468801,0.0394259396619302,0.26644828633507767,0.06605080448720813,0.11364280264681476,-0.08609552568161671,0.04173747941934011,-0.3809400873904547,0.022595132572567445,-0.32006868471936434,0.011296532579765248,-0.23452048271550385,0.010101677416099955,0.39851243163295713,0.012716587905870512,1.3654939090215352
brown,ck21,1024,0.014925373134328358,0.5593828649877267,0.1139732821133661,0.22405751937567092,-0.10513297014304746,0.08762669205178933,-0.3494002797915252,0.05854175377036866,-0.06856929856111726,0.022412790778849553,-0.2905305667115896,0.02875542284309102,0.6853936684004514,0.0064189709932543845,-0.10125201383098315,0.007162124007083093,0.7959030873484787
brown,ck22,1024,0.263681592039801,0.5512796092582299,0.09436929575693376,0.22853552234767183,-0.07993065401361243,0.11874749971430779,-0.047429053069217186,0.05074120457414469,-0.19247697932527874,0.030215773888572217,0.020374732379747407,0.013038875629363561,-0.11676043629850863,0.004961845258315479,-0.29538214449677724,0.0008120500527865082,-1.3127670728738918
brown,ck23,1024,0.23880597014925373,0.5306408156649689,0.05937487301837552,0.2382993949553892,-0.04084191356012479,0.10200231248916644,-0.20082339341410638,0.04759440015144627,-0.23291379965943237,0.03978045594742487,0.2698963061161148,0.013880790386771575,-0.0852160311548591,0.015271026520039453,0.7374938296851541,0.0025017129557200527,-0.22569104016137675
brown,ck24,1024,0.15422885572139303,0.47312693905245934,-0.0518350921642573,0.24387144907582703,-0.01674704620007117,0.12482939801651877,0.001969548552824385,0.06902596257506835,0.09393372766281738,0.021341652566336668,-0.33352836966661537,0.007812137159744034,-0.6897157183756155,0.01415052605553856,0.6425061587096002,0.012525064701256881,1.432419537476239
brown,ck25,1024,0.19900497512437812,0.533835539523061,0.07074880452474908,0.23382688796141615,-0.06499042777529929,0.11005887182746998,-0.12781104477861804,0.0503046247700017,-0.21479959704580054,0.029839455016681032,-0.021598388221484743,0.00998183679330222,-0.38299916534848144,0.005038937315005642,-0.3235710065016626,0.010480314416403996,1.285867235616334
brown,ck26,1024,0.014925373134328358,0.4759607692976171,-0.04182906965725608,0.2899010585451957,0.14252414183228934,0.10681038182045101,-0.15529273869496052,0.05422082206925029,-0.13919260946888423,0.019086279770822424,-0.4685641969174634,0.022850983752796466,0.46289989019925715,0.001832148265079176,-1.3278122106696202,0.016989862667781103,1.7384909253873184
brown,ck27,1024,0.8407960199004975,0.4747927220622878,-0.049318194321303244,0.24210082300967908,-0.023957895144244956,0.14247263514387776,0.13154907848306197,0.066774944585352,0.07153837389037898,0.03109749808624873,0.02866731879675566,0.016195758317398445,0.08160119987083991,0.010571949636098402,0.38407497430790105,0.006103653241780159,0.7127198291463204
brown,ck28,1024,0.38308457711442784,0.4711464794113249,-0.06132608559344088,0.24036316092526655,-0.02772686232517496,0.1342518829226665,0.07104655563232676,0.05828134822035375,-0.047885922591782926,0.04251766362169375,0.3342902495462221,0.015535628068715075,0.06986509489780701,0.011179148681125146,0.4943613604285435,0.013277631521820064,1.4675459276286764
brown,ck29,1024,0.7711442786069652,0.5044439841978119,0.009612382154600252,0.2618820081733428,0.04417609482012019,0.10880055823558603,-0.12953402586592544,0.05486435207123245,-0.10618633690948887,0.028177277116348022,-0.07738764740760651,0.01784270767560777,0.18224928767528947,0.011807559253883437,0.5468130996942682,0.00672710522814844,0.8521259969190655
brown,cl01,1024,0.5771144278606966,0.4954706535980784,-0.008433884634020061,0.2703430284001465,0.08921634926884359,0.0995576182523876,-0.22747508461054533,0.05219425135765842,-0.17394258455019473,0.03483379891868717,0.14473889281585972,0.01377949135456485,-0.08394736976933981,0.010968008556269629,0.4452691145367993,0.002858565795974547,-0.006647127073012626
brown,cl02,1024,0.373134328358209,0.4888828764940643,-0.019722691458006536,0.2528780313699436,0.018922551831278778,0.10707870047900528,-0.15901083344633093,0.062100107699898925,-0.019645459455337022,0.04033176632955143,0.31307591455529726,0.02189938674567291,0.4073639877675457,0.016371231609156888,0.8544031430915737,0.005076158705647826,0.5426463971726792
brown,cl03,1024,0.43781094527363185,0.47583068191193467,-0.04458315526462264,0.24869600945139395,-0.004468224730113768,0.13342665785593166,0.06487729675717002,0.05743934554753189,-0.08448053772499753,0.027685999135953418,-0.08614020483670437,0.028265770985368963,0.6694727101836255,0.01606820459960892,0.8590415643080638,0.004776222898196469,0.4421330077736467
brown,cl04,1024,0.4925373134328358,0.5098802000480872,0.023783731590495294,0.2520250343909305,0.010974266085875817,0.1266297896971471,0.01258017590537186,0.04778303367302814,-0.2670752492265063,0.019991142214067045,-0.41820121643954744,0.018087045615347686,0.1969196098026913,0.013064836252378637,0.6531285790719501,0.0040910656037754945,0.4094424454685459
brown,cl05,1024,0.373134328358209,0.49822505431063485,-0.0007510991163446334,0.2271338589042742,-0.10429053283047152,0.13165351972121284,0.06823224872375055,0.07515277896081546,0.20474704973907842,0.04431254729296838,0.3771469481151737,0.012206715324112237,-0.16709762344937928,0.0032239904632906857,-0.7607273611959187,0.0019939453512142127,-0.36530574120916093
brown,cl06,1024,0.6865671641791045,0.5005990720504458,-0.002256010821583443,0.23388532945627138,-0.04342187795650876,0.13058136938442916,0.04396652339620344,0.054393932791011276,-0.13856492917671126,0.03856085436033306,0.24188881654426053,0.013795783841733186,-0.12026736418757888,0.006762604668029394,-0.09406955781242221,0.01610598871934587,1.7497522039532107
brown,cl07,1024,0.18407960199004975,0.5027966682570093,0.004379426607034276,0.250180549614059,0.002249634515383958,0.11446942483139554,-0.07081621971370344,0.043539422388200986,-0.3494713976548227,0.0455496135528544,0.4046443184826183,0.00880233572302718,-0.5058135221851465,0.00525049468147778,-0.3034554616533658,0.008710584950960045,1.1771066777566013
brown,cl08,1024,0.27860696517412936,0.47931792541468304,-0.0466674912739824,0.23762972232500942,-0.038969744201263534,0.12799593528080971,0.03684170039210022,0.07608278453883174,0.2138442328115655,0.036426345995342245,0.1712307791536265,0.014017274990977689,-0.04443695575643858,0.021298409201761848,1.0655871723745296,0.0010924453343003286,-0.8917204103678626
brown,cl09,1024,0.6467661691542289,0.4847732881832326,-0.0281527907190936,0.2391528073574874,-0.05027134165167446,0.1324248975610689,0.06999927151602137,0.06017725724837975,-0.01810709070469052,0.036706135094423026,0.1872796515369255,0.014374957595005462,0.018826791760987227,0.011553804075784121,0.48819569218388015,0.013140326738943255,1.4266459401460718
brown,cl10,1024,0.5572139303482587,0.4793798531375988,-0.03938530452991518,0.23855912865882073,-0.03906000619025818,0.1332934670658252,0.06636095589702684,0.06154880000932535,-0.006790673475089548,0.03645784057901446,0.1568332148722429,0.029295763107883236,0.6888926268902282,0.008405669596364325,0.21579361616452175,0.0069725377995173725,0.7597020905416656
brown,cl11,1024,0.8557213930348259,0.5040792543702329,0.011269749886466118,0.2424388910452914,-0.028839680609915153,0.1102267942941215,-0.12157517792518924,0.05499803460220083,-0.12887079670004464,0.03272037728585618,0.11146749661794964,0.020642127345670915,0.33322382101489634,0.008799021052209217,0.18175334506457208,0.00485764499008009,0.4530131381492879
brown,cl12,1024,0.5671641791044776,0.518925300979892,0.036467264538945554,0.2204998605247735,-0.1234268557434699,0.133009322016577,0.06995150675111983,0.062058638739927514,0.008280457664113783,0.026690670324368865,-0.13294739260112642,0.024789773066007863,0.54663243495146,0.006827444514140831,0.02113792424638561,0.00378748339328407,0.2490929463204301
brown,cl13,1024,0.7064676616915423,0.5163260239904512,0.031693972113073676,0.22626642833919336,-0.09434295470522236,0.11508607907507955,-0.06535943556420953,0.06250565197212771,0.015442564860767227,0.025580793454295585,-0.17960245271423148,0.01636582691167856,0.0916507348898774,0.005069760140302949,-0.359474467488643,0.008331728040165198,0.9737487185586602
brown,cl14,1024,0.7313432835820896,0.48475198231931166,-0.035456896498529566,0.24753124134008928,0.002353558740847417,0.125218274518006,0.018465544365603215,0.06071326675676203,-0.03545904872426453,0.050128576049146445,0.5115725716205279,0.01723423754624474,0.18725534312413217,0.006490006340578204,-0.04961120967104282,0.004126468875509327,0.41817430256187205
brown,cl15,1024,0.12437810945273632,0.4618928068045803,-0.07741255081302234,0.24532313959504576,-0.02499407304050072,0.11075517967366738,-0.10086439443882877,0.07537551024749162,0.22751592298042578,0.04056806257909947,0.26724410211148975,0.018359482457079416,0.19586778090766854,0.02199027572568095,1.1164272268532325,0.009260879691442351,1.1483638870215502
brown,cl16,1024,0.2885572139303483,0.4771353805979037,-0.04161687147389548,0.267062439390858,0.06663984167768344,0.12742651565663005,0.01928672317630964,0.053623956319640634,-0.1290778915257742,0.0456115703163644,0.4081787969792465,0.007157351994839242,-0.7649455061687034,0.00914992237626418,0.25674195128136734,0.0024800084027957535,-0.17967748256226734
brown,cl17,1024,0.9850746268656716,0.5010125537344867,-0.001101280145386907,0.24549415367478367,-0.006204919749834836,0.12521627066030674,0.0022291620677985513,0.05439987397465319,-0.11727010555066064,0.033888711028037345,0.12409801416645783,0.01912830193462444,0.24982710323979163,0.005555766143185406,-0.19869468422816094,0.001900313660505356,-0.4494241380747743
brown,cl18,1024,0.4925373134328358,0.48176970093392324,-0.03407916707813097,0.23490915517417807,-0.06577878570491702,0.13725971972514062,0.09524637797613833,0.06732198851627867,0.11562128145354222,0.023863145175602927,-0.2328140709638249,0.02242493613094233,0.4085046878494114,0.014886485841066183,0.7471278106876049,0.001666162051239752,-0.5863972055772448
brown,cl19,1024,0.6119402985074627,0.4817236703526019,-0.034991075930951854,0.2405500692438983,-0.03786427633892431,0.1323909556756644,0.06229878822282675,0.074245025930335,0.19311978296159582,0.020144394396111747,-0.4187828608865183,0.015930186490889647,0.07208119810218339,0.0038302422785505144,-0.5040377754950667,0.003977287112216553,0.2239081243259804
brown,cl20,1024,0.05970149253731343,0.5114853741379072,0.025205828329148305,0.234206807094171,-0.06582586789607614,0.09077680024277582,-0.31706833300131,0.08423621068339643,0.31346182590740623,0.03227927943610448,0.08686641793442496,0.01114586432456428,-0.27045097511052774,0.005366013395301919,-0.20707469529904188,0.012935179366003191,1.429000717376291
brown,cl21,1024,0.18407960199004975,0.5206173083627178,0.03902372686384692,0.21381359776883735,-0.14918892957302976,0.10978359133753744,-0.12900454339521206,0.060656433797164955,-0.004094627006824503,0.035365252495029934,0.13259073789845388,0.015992408831021952,0.08511680877971806,0.019045768696137225,1.0439162092220613,0.008627463343583146,1.1558049075837422
brown,cl22,1024,0.5771144278606966,0.4807959019559531,-0.04023002610269133,0.25176520482535153,0.015089985499374237,0.1313846837131833,0.05314562264822387,0.0625221764113956,0.0280209391791586,0.02590631987431813,-0.1645237381738478,0.023082491630435128,0.45458968387075727,0.01668531056606153,0.9088373735608499,0.004999233470475211,0.4209588381177225
brown,cl23,1024,0.2885572139303483,0.4945446697067562,-0.007144518991423654,0.25882356533193335,0.03735229356550285,0.1360737439310705,0.09287278202779792,0.05927292878840022,-0.053772675545892934,0.021382373346590842,-0.3586704195308692,0.005654726779649427,-0.9668408287983867,0.007015778083009408,0.02439312099723967,0.0020858739002002145,-0.32507074139192227
brown,cl24,1024,0.11940298507462686,0.49729711464865356,-0.002776657594595777,0.22772395538776352,-0.08920578527021394,0.12087385722580624,-0.022496722806787606,0.059906792288070276,-0.04595357120072219,0.026600767998603354,-0.1403698166463525,0.024165848463996352,0.49819868060984174,0.03406839685172172,1.6246719322644272,0.006562580579196574,0.7523243291468686
brown,cm01,1024,0.1691542288557214,0.4723282037818434,-0.05189307340783056,0.2326837368674335,-0.07176131547677955,0.11920073846350428,-0.04356352453307277,0.055075449940378426,-0.11182222126246621,0.024440671706468395,-0.24632225216281656,0.02141821299461756,0.3448026255864538,0.018039059384249333,0.9916665659460682,0.01211838541726787,1.3450570281114524
brown,cm02,1024,0.6417910447761194,0.48007442799877376,-0.037035242598034035,0.2443285046760839,-0.020155049110127887,0.113776236955634,-0.0916538764077992,0.0750398737511779,0.2068988006097241,0.038268626852555686,0.23891487787702337,0.02618159017314748,0.5544008617272826,0.009334044673216668,0.26023668088365426,0.003604738216938107,0.145789578262983
brown,cm03,1024,0.7562189054726368,0.48897040863945834,-0.020548535339423912,0.27027732136236915,0.08631578366550241,0.10633329478844691,-0.1659779094347642,0.07191801449974625,0.15701321484042952,0.0260671029054361,-0.16692393859171473,0.014448507908306714,-0.014538189534464507,0.005658955398680712,-0.10991746141370484,0.004529139705317221,0.4825674119484251
brown,cm04,1024,0.4626865671641791,0.5209037533533363,0.04107862613746893,0.24876085217998803,-0.007420854680390443,0.11331758378793619,-0.08691253184281811,0.054909370975229174,-0.09883812059556485,0.02744121860904237,-0.09485172508224515,0.01378607152297837,-0.0668935412445828,0.007809784532991796,0.19129951064559858,0.00042850533523121337,-1.9116014451325247
brown,cm05,1024,0.01990049751243781,0.5538830380038677,0.10462111260458662,0.24053736655156266,-0.03456297557447341,0.08268965985129738,-0.40497001690860035,0.05164130246746074,-0.18343561637849737,0.03129391367666837,0.020132822686893093,0.021764931210105934,0.4145801118776058,0.004089277913765795,-0.5613167203405585,0.007021189678697847,0.8023856999809587
brown,cm06,1024,0.8955223880597015,0.5057587456991985,0.011979499709613761,0.2323948044898524,-0.07343334120098022,0.12418714214692377,0.009097490786682094,0.07534837809401235,0.1984112237738147,0.02796227010399234,-0.05350615818554383,0.018989718206752115,0.24646969417540987,0.01016552355078706,0.35655409164547347,0.003680938268684542,0.14383313323213365
brown,cn01,1024,0.9701492537313433,0.506627176917431,0.013433891759399685,0.24025209156689897,-0.033391694417690854,0.11719155245274422,-0.053035579569821856,0.061789251381787466,0.009633875277784032,0.033461603002958015,0.06645045230044566,0.021138529243688316,0.379385012294871,0.005873397791443955,-0.23055816509665394,0.004794991809333474,0.4577296906908783
brown,cn02,1024,0.736318407960199,0.4730550564659359,-0.05580171852869176,0.2644563144002099,0.06383591894983054,0.1204307250057892,-0.035537351680648754,0.05973101877555431,-0.02856264431227684,0.02401626262333416,-0.24762402973825282,0.012275516993392306,-0.17121956170413632,0.008643530540849107,0.25047064780931816,0.005129909028638571,0.6208791480911948
brown,cn03,1024,0.3880597014925373,0.49011029627637936,-0.015842727176711646,0.2735237807582868,0.09272578909845341,0.1352678864763077,0.07852869247450389,0.05330117380667264,-0.1499024721172071,0.01911100246366521,-0.47138470499164065,0.010016645657654921,-0.3794145402067368,0.007285218238140278,0.06816770966130381,0.0069209711586521346,0.8261314224068101
brown,cn04,1024,0.7960199004975125,0.49723429515996864,-0.0039770967790996314,0.23116532648762922,-0.07684256870405326,0.1206821083014826,-0.020771516793943956,0.058940517509396606,-0.04539694516329007,0.029739278510377214,-0.024287441749863525,0.028757464312773914,0.6713807456059695,0.008358210358226066,0.1921239039484819,0.005533007936114365,0.526950013563015
brown,cn05,1024,0.19900497512437812,0.5037830035673982,0.010071816636303743,0.237545612900855,-0.04882441628986256,0.12015075692757803,-0.03794632496854433,0.041893250654487305,-0.388048523704029,0.029943306030389624,-0.024154920325952567,0.0204262691156529,0.3512094445260261,0.0038644874141271768,-0.5504802365295207,0.01985454999963665,1.8612923166808755
brown,cn06,1024,0.8805970149253731,0.4895734700908867,-0.027466239532981662,0.26095336409125985,0.05649213101410955,0.13427809661802842,0.07467752850863496,0.06295985537769706,0.039380949559374656,0.027883659796871317,-0.08339340606922896,0.01301263970357099,-0.10102473347592955,0.0051355807966515085,-0.2657387810675145,0.0011723178930440393,-0.9778735171195763
brown,cn07,1024,0.9353233830845771,0.5190862510857146,0.03481653018907549,0.25401976333105325,0.028724822280516316,0.1110280358345199,-0.1171197098234491,0.05842145585134654,-0.047577782282566705,0.02306642490989297,-0.2699828995943392,0.015238010370240546,0.0654667067665411,0.0064124442272248,-0.10840504039774768,0.002477740195028755,-0.24655516733504523
brown,cn08,1024,0.1691542288557214,0.4785124964470356,-0.042572969879895006,0.2487921101905104,-0.002059062244948784,0.11601370189477654,-0.07408438698923403,0.06957182304958409,0.1205160063570605,0.06228409166897238,0.7310055900703789,0.01211553166638999,-0.1793129312575097,0.0044578451434833305,-0.4575583217749424,0.004022179945972474,0.3002792614481775
brown,cn09,1024,0.38308457711442784,0.5069132335756741,0.0125559014877904,0.22665706444962724,-0.0946104492330575,0.12907486785811711,0.049220307805019736,0.05219094578458606,-0.16272071982059577,0.03130975425000203,0.004204361567476056,0.02370763244682255,0.49335196228543765,0.010510746855185943,0.47850307845542517,0.013861243996817423,1.553944456192875
brown,cn10,1024,0.6716417910447762,0.5022892694856138,0.007373553659096532,0.2701463046155252,0.07764037638113286,0.11273556477297267,-0.09077404040519665,0.04897125388860715,-0.23567416387148832,0.022128330076204017,-0.2971675667550038,0.01922729519321989,0.25891704162405293,0.007986433155448187,0.14085456940254115,0.004055653328065247,0.24777546974622755
brown,cn11,1024,0.35323383084577115,0.4694553243181871,-0.06194449734637886,0.2628358081536697,0.04947293576681333,0.12331781126022057,-0.0005492648533764743,0.08009856493802345,0.2622356361774907,0.029667667769211477,-0.015629603516644774,0.00903183901621472,-0.48576142345355766,0.009129180539681949,0.2474280165170919,0.008834930142734385,1.0792261302415156
brown,cn12,1024,0.23880597014925373,0.47399497549468134,-0.055101585755207516,0.28726348000488133,0.14033911609131655,0.12392398411115868,0.014655740351344093,0.054854353353730956,-0.12217303881517605,0.019024735701658954,-0.458750512114654,0.01825224705381872,0.21545624894419113,0.013576494133761333,0.6799294648404048,0.006107123291658219,0.7035611063445311
brown,cn13,1024,0.1691542288557214,0.5177698501321543,0.034469914936701596,0.26008479547331165,0.044483316065702105,0.10387837279937875,-0.18114247115242899,0.04647304677069912,-0.2795680122794728,0.03345829133867707,0.11429794152857653,0.021371221339233207,0.4055320354273064,0.002536657711333543,-0.9958735009328628,0.002621164893213897,-0.30060563834317655
brown,cn14,1024,0.8955223880597015,0.49897169087000287,0.0017857513801037284,0.2486953202560079,0.004555515969439261,0.13213034282329392,0.04128119097066296,0.06035230879340709,-0.005130095532178469,0.024921333685190956,-0.226515058695834,0.009189288251632876,-0.47200554178434295,0.010284651793200636,0.4084327048842118,0.004063395545475793,0.2869853181018929
brown,cn15,1024,0.8706467661691543,0.4780110704503505,-0.042771121135776746,0.24350443184239534,-0.026409286278727073,0.13292242095404097,0.07727166177200573,0.06457899803259318,0.05443113677339717,0.03670322248494408,0.19850397191442637,0.02140849938549129,0.333000185403693,0.011456488054771046,0.476846561023593,0.00428268133853505,0.3144832394295003
brown,cn16,1024,0.0945273631840796,0.5381891265163006,0.07401287714597071,0.20329968253117894,-0.20437204960313782,0.1113511414801286,-0.10911067150585163,0.06467913882416435,0.03809328688806968,0.049432580954331534,0.5010325429819118,0.011508268316478144,-0.23642399684616677,0.006214327753045352,-0.11309031879474052,0.004505690774110643,0.5059420000935742
brown,cn17,1024,0.22885572139303484,0.46529387947650547,-0.06946681127194354,0.2942120239161571,0.16804919995352563,0.12462705026110434,0.008094165122078056,0.055097254507618695,-0.11709827459345235,0.023569439410206762,-0.2681875667432978,0.014600354294211736,-0.02714658052842278,0.016344050923364967,0.8318545869461902,0.002723481675075442,-0.1503746214542261
brown,cn18,1024,0.04477611940298507,0.5040417880872314,0.009444262813226856,0.2747690020148422,0.09114513038923344,0.1266284398650862,0.02679445745228115,0.04556734992895567,-0.29971013124463175,0.01417770449026633,-0.7598134106608114,0.012227030749199966,-0.1551582043181332,0.01026481161035533,0.41920123955150057,0.007631663411395191,0.8602517671324916
brown,cn19,1024,0.04975124378109453,0.5335600131712107,0.059470751829284296,0.2583497644732631,0.039762180754083554,0.10107551291398695,-0.20639360420104724,0.041365019268864545,-0.3832831588586245,0.019053476254411762,-0.42323004088819305,0.027498477998148085,0.6210891962464142,0.0042768979351600935,-0.44435000236836686,0.007979764007829735,0.9680001437904853
brown,cn20,1024,0.5870646766169154,0.5211343519790704,0.04542419913808249,0.2466405075247339,-0.009141933022847937,0.11768686404008231,-0.07045217173386042,0.050878514807098665,-0.17823075492904739,0.020357346617989124,-0.41577440585395475,0.014591950550546236,-0.015466949654247664,0.00852323079569153,0.19824071491313777,0.007068334564252916,0.8599818110078568
brown,cn21,1024,0.8308457711442786,0.4931854519399781,-0.015243464405334417,0.25824896492935323,0.04012038991335509,0.12762504615405856,0.03179548604967497,0.04715462840329562,-0.2680377053737302,0.029507331675647494,-0.025522901507223583,0.017752139242200333,0.1824998732309755,0.012352925190588507,0.5490023495988456,0.0037570583040065445,0.28701966261923406
brown,cn22,1024,0.014925373134328358,0.49319631583968515,-0.011875318619275599,0.22892330842103983,-0.08822200397973678,0.14795367385591365,0.17910109959425946,0.03691522136346628,-0.5156091175603486,0.026725466413268614,-0.1325554078489799,0.04345393202741969,1.0718328241180224,0.00860299023481517,0.18405514437332204,0.005060528911386837,0.5675717338180908
brown,cn23,1024,0.8606965174129353,0.49038660667104805,-0.01780314218377632,0.24441818713244165,-0.009704549168384702,0.11919204834634686,-0.04624296620687307,0.062409393670186136,-0.0015462325624948647,0.02719019257686351,-0.10575389612253172,0.018707621760066673,0.22521723583285125,0.0070826539062051365,-0.04361880129980911,0.014049164774014952,1.6060851557077935
brown,cn24,1024,0.11940298507462686,0.5119325655831848,0.026961375881279004,0.2223626345678032,-0.11778799890494662,0.13935935223089163,0.11919122922956782,0.04188914355943828,-0.3854012434939045,0.031209455277527845,0.024040285179740106,0.01377131756834173,-0.07670397320886035,0.01911395974801214,1.0166931841878681,0.003066054200970088,-0.04320268647201786
brown,cn25,1024,0.44776119402985076,0.49631012403907676,-0.007518203864301465,0.25472891425084565,0.028642215996282694,0.14198517477361974,0.13195952784715836,0.04690245296466394,-0.2887402255547751,0.020618856994234994,-0.36890760235456455,0.021084624797505246,0.34247327941218986,0.010125489684056571,0.39098978523011496,0.003043695480410992,-0.08045728726985502
brown,cn26,1024,0.208955223880597,0.4735276851927624,-0.05671189725821102,0.26391948715085223,0.05918739260308281,0.14343082717253042,0.149760270463569,0.0614091053910994,0.0011083741219315435,0.017889359816962304,-0.5237307979982337,0.021672266425279946,0.40777155344232785,0.0030169974544729922,-0.8028493544192585,0.004796576967432909,0.44364885374358654
brown,cn27,1024,0.024875621890547265,0.4450884899665592,-0.12212778335100927,0.23479847539251386,-0.04555644343423304,0.17339960270027527,0.32964767250077487,0.07392918124284839,0.18451283732455748,0.037345323229277375,0.21170905294543774,0.011244265625055358,-0.26574585820286867,0.006118993506908116,-0.15442040537802715,0.008367838180190918,1.0846026230388421
brown,cn28,1024,0.527363184079602,0.5064441715927478,0.013892347915167247,0.2775438418134634,0.106616589683725,0.10146311428010929,-0.19703523963739134,0.053749489009236345,-0.13411493856353562,0.021991244647004145,-0.3428350677241485,0.013550765723806436,-0.0858288755070653,0.006971324301226959,0.0486340800429792,0.002550428354797949,-0.16841567004555724
brown,cn29,1024,0.5771144278606966,0.4797003527151289,-0.044983275689820634,0.25308664835768635,0.014775876525845444,0.12496839457632133,0.008809013446337222,0.06218051091472129,0.02160019808921332,0.02999811610171502,-0.0025964812477052845,0.020179748199594165,0.3721164165902904,0.017555682569086854,0.9720300650190374,0.0073290462854046275,0.9841310026602441
brown,cp01,1024,0.945273631840796,0.4853337183338119,-0.026212456461821798,0.2667426267155106,0.07325952689699355,0.12654439220022523,0.01161454995778044,0.055147163200715194,-0.12661365463653773,0.03187149221107949,0.027123534192406318,0.02051891749404829,0.34791092799567647,0.006902659610115932,-0.027345646166907933,0.0025076543415354963,-0.08466762514008863
brown,cp02,1024,0.24378109452736318,0.4541888233350546,-0.09442492839044025,0.27972174150828577,0.1115383922819071,0.1164516259217046,-0.056905758616212054,0.0607023605706237,-0.019819704744132416,0.04286795334435534,0.3340507887962967,0.015605272902644907,0.03209719755490603,0.004092028381345537,-0.5016938966988542,0.00522748981930142,0.6724932085471353
brown,cp03,1024,0.1890547263681592,0.45796531982726363,-0.09087601857605232,0.24054013485326547,-0.0358490444393611,0.14790517438723683,0.1891695516027898,0.06504365862307727,0.05032480829272368,0.031409759983720975,0.03657152371543848,0.027497318115606205,0.6335983823593181,0.01157350257820454,0.5709887418797779,0.004703626562171036,0.5038755445781131
brown,cp04,1024,0.19900497512437812,0.5527715846436275,0.10759612985272327,0.2350701711116781,-0.06380318041563315,0.10512438252459161,-0.16180319461073722,0.05821502136580198,-0.06783129075879346,0.023184870972467037,-0.2870976687274216,0.011070642852149577,-0.3217297149772671,0.009771106013978216,0.32533379395346174,0.001136702789542227,-0.8906873976058414
brown,cp05,1024,0.8308457711442786,0.47359501587483643,-0.053809841388759216,0.27195942399850764,0.08956700261567119,0.1207610337020984,-0.023053271579497547,0.06723464198201685,0.08653544457074913,0.03393586404910514,0.11209911914672555,0.017963665876355117,0.15444281949203642,0.006108291781277071,-0.12359711603343104,0.0017383053979682743,-0.574908888989274
brown,cp06,1024,0.48756218905472637,0.47292522155463623,-0.05445681620281739,0.2539973104601262,0.0180462138443358,0.1304379106947513,0.053937946710404194,0.05793517258093431,-0.06989667682633627,0.033613272267061775,0.10739701210904906,0.009972736382808125,-0.33864139137334703,0.015088692535749775,0.7534749287238789,0.013678100267851503,1.5051056365243118
brown,cp07,1024,0.373134328358209,0.49851094757983083,-0.00042944011601886434,0.25680016723449667,0.026366584414291072,0.11453934191320886,-0.07879270644508374,0.05861966776594378,-0.04375541956567286,0.03328190573218529,0.0908770087689792,0.021063888271832955,0.35440370316213743,0.01383710026111832,0.7124072773735728,0.0005161387059255409,-1.7857991654199905
brown,cp08,1024,0.05472636815920398,0.4798609036161069,-0.04199556178980135,0.2904909197985738,0.15452665491322337,0.12326881479490046,0.0015962747433997393,0.04005278596050106,-0.4479746270357823,0.022398803120746782,-0.310717914619945,0.012379575644881402,-0.1404857763020786,0.017940950274600045,0.9244713143080396,0.004539083087535935,0.49644089225555454
brown,cp09,1024,0.5572139303482587,0.4836531269847365,-0.031151417010046423,0.24555767070551698,-0.014596841419532325,0.12752525784646768,0.017644333854382577,0.05139040158532457,-0.1784411643444801,0.04017320115276184,0.27832568792146395,0.028434927470187745,0.6811569385022969,0.009167959504120131,0.27902941819980587,0.004003670869694837,0.38629399474816584
brown,cp10,1024,0.7512437810945274,0.4766428519039002,-0.05020683449139751,0.23405052655673264,-0.0628976564003545,0.136295067360723,0.10946122062332053,0.06884970946500903,0.10077066905680665,0.03846466395575464,0.2389065316240817,0.017106659775692066,0.14238790721007444,0.00913710762026073,0.28099323256553976,0.0017096522971971465,-0.4619127048728302
brown,cp11,1024,0.29850746268656714,0.5185927590689448,0.04217181272200532,0.2408077101532022,-0.03652885848144649,0.11935769740629863,-0.040434253723605984,0.0633018700623336,0.021339693894764977,0.01844864592890442,-0.5373647657132881,0.022893882810173356,0.4087039813424691,0.006316474216897993,-0.09676484624891746,0.006894804793872432,0.8841739369519752
brown,cp12,1024,0.8258706467661692,0.4855940196714713,-0.02312817128225142,0.2751566496490692,0.09175727332545991,0.11110394660754358,-0.11394326815548883,0.056200497149202534,-0.08743323367181066,0.032163011848182474,0.04779176590637091,0.019075384950114266,0.24512725538075086,0.005805900602085675,-0.14184287856716438,0.004685901217999973,0.44289992022154223
brown,cp13,1024,0.38308457711442784,0.514920130325915,0.0337107101202182,0.24074082847758,-0.028004378359930415,0.10199730515836278,-0.2063159091363711,0.05756904755732927,-0.0757230350559106,0.024248625007684675,-0.228346102146046,0.020948133301154394,0.29914898783647104,0.016129599852884282,0.7503804375938605,0.005575352858944669,0.6896941454201491
brown,cp14,1024,0.48756218905472637,0.5057602347049005,0.013750991044726879,0.2570476688519273,0.027618340388871454,0.11683951622509357,-0.06316027567585847,0.04326057354909022,-0.34303825221573536,0.030465546700610153,0.0014667616896879565,0.02764526333728523,0.6559951303864495,0.008887474361830546,0.2605663216004164,0.0041863459050525366,0.39887322053903507
brown,cp15,1024,0.31840796019900497,0.49882499868907976,-0.005502271758953015,0.21912619211759962,-0.1285314595103877,0.10534560432040661,-0.14071390246913262,0.07668166678193236,0.21118869486704828,0.033185317906773704,0.09423852810763611,0.017186940718512064,0.1409011836835159,0.011556202239722441,0.47880347247106414,0.009933112953052287,1.1718752507619854
brown,cp16,1024,0.5621890547263682,0.5242254795585517,0.04618439847042377,0.23766350528358837,-0.049457259370517814,0.13635431966004813,0.09576134635950795,0.04867256573542769,-0.2314694725252222,0.023772305325857453,-0.24026578171132362,0.009779255506026648,-0.3821477426905666,0.006756636562797961,-0.01886555015607616,0.004479872998917403,0.4373839534435593
brown,cp17,1024,0.9651741293532339,0.4930001896755042,-0.011677493235513925,0.269963148327227,0.07263486722712553,0.11856094205014388,-0.04625874164209298,0.054122978509117,-0.11558694372492617,0.02669218120870801,-0.12176238466809952,0.015942008754247936,0.09432488633237224,0.007637020113580458,0.1529190429290601,0.006092873545738478,0.7532495781558994
brown,cp18,1024,0.0945273631840796,0.474401205624979,-0.0479626421591558,0.24620130791978925,-0.017057802027603985,0.1190651704620794,-0.036580796136617355,0.05688301156938583,-0.07894325875825192,0.01996926895106138,-0.42914270493581697,0.03524859827828185,0.8722519819639256,0.01783390429884047,0.9217185599558393,0.007167440303788996,0.7209375390190216
brown,cp19,1024,0.24875621890547264,0.47615068313204445,-0.04734387667418105,0.249227544556954,-0.009055691795692766,0.12679174521447037,0.028307714883319512,0.09224188556745966,0.4155831374178449,0.027961540532696984,-0.09810914912460467,0.008305175369812307,-0.5308170439894688,0.011402027235303602,0.4988533585710391,0.0048351207627492735,0.6230379338719549
brown,cp20,1024,0.2736318407960199,0.4798297164897513,-0.035531952730688765,0.2407770503928035,-0.04293327570899241,0.129551414761903,0.04710602150553678,0.06627859358098406,0.0550550812168491,0.020810403197227968,-0.3733306373320655,0.017885571085826356,0.20596213215155146,0.020436879930294763,1.0485325565021464,0.007528952490216173,1.0354912415973851
brown,cp21,1024,0.01990049751243781,0.46219300304195055,-0.07481022840282092,0.2150973628389959,-0.14729320296689186,0.16205503760742443,0.25628029685562725,0.07910566370232816,0.22959795595743726,0.02491406166446797,-0.1842034411644562,0.03192548957394904,0.7835512049739743,0.009633816991761652,0.38387520909787654,0.011731474528437823,1.2801084486830954
brown,cp22,1024,0.7263681592039801,0.4894154677149933,-0.020246248372388087,0.2607655958594187,0.054647405430492624,0.1296831851767226,0.03986621561596282,0.04856123982584092,-0.2375374781033237,0.029174805797013044,-0.07767399829905308,0.02254188977279247,0.42419072367541766,0.008233691895552031,0.17042510231434882,0.0072503287881420875,0.8838836834688024
brown,cp23,1024,0.7412935323383084,0.48217403883737064,-0.03203609158488652,0.26788744121438235,0.06946471631484097,0.12807052145802494,0.029831360025858622,0.058459791064020196,-0.06090805450288572,0.02706531804881593,-0.12026025394577688,0.01896319242163013,0.25145749532335593,0.007424200107169056,0.09158111609079356,0.0009428705742884039,-1.1914088993074055
brown,cp24,1024,0.4925373134328358,0.4803324219514709,-0.03608956244142536,0.24856441568467397,-3.530048184940959e-05,0.10062763807022129,-0.21811747476685328,0.07957737453202848,0.25280157784344315,0.029978510325162903,-0.03432314592146435,0.021299783708815783,0.3660974083990056,0.0059985419723263865,-0.1223368721795195,0.003942119441805218,0.23649220609369337
brown,cp25,1024,0.1890547263681592,0.45790415895668823,-0.08910256685198159,0.24272765488954684,-0.017777406990070244,0.13809304545759388,0.10131292443341722,0.067419971602781,0.08045929648790384,0.04115205120462998,0.30489727046793913,0.026786592455871845,0.6284255922705624,0.009363732901343035,0.28883900398165796,0.007487510777961826,0.9304151241640612
brown,cp26,1024,0.1791044776119403,0.5563923791058745,0.10322317589049268,0.231325454780002,-0.06204724324484978,0.10819043216729156,-0.1301612173100768,0.05255501010458294,-0.16455726388369563,0.021542043253677694,-0.37498972465110425,0.010485064967395945,-0.376036178499751,0.007104958428989503,0.062275381898880156,0.006895792539400957,0.7872337892748957
brown,cp27,1024,0.014925373134328358,0.5396088945844012,0.07179675779180206,0.24113379258578405,-0.024399170564321615,0.09142521305041468,-0.3038925648447961,0.04067475766321348,-0.4181825563464976,0.026763328825466212,-0.10760118351729009,0.018513629737723573,0.23337377303994655,0.009501699877809902,0.29948908939888774,0.016991627771947973,1.6947944050335702
brown,cp28,1024,0.6467661691542289,0.5098041620823406,0.0203612903852588,0.2473525289091944,-0.009237805849552139,0.12082536724015226,-0.033868479100774174,0.05734577059666604,-0.06767187558334697,0.023516932179479522,-0.23434430897193215,0.010361106180095673,-0.3427586324755749,0.01735325767285445,0.9600596919097883,0.0030031179807653956,0.018269273961688093
brown,cp29,1024,0.8308457711442786,0.5044974581927498,0.008571619130196217,0.25494038067519237,0.0171799801705117,0.11396917662806645,-0.07038212217078144,0.046193214271832705,-0.28316250717044644,0.03622312504278469,0.17442879326125427,0.015098681251106109,0.0021879943356895026,0.008511978423590257,0.18386873464223807,0.003018452460263243,0.07137446433080807
brown,cr01,1024,0.024875621890547265,0.4786706729042451,-0.04453821680045689,0.24211677566359419,-0.025392595378769922,0.13564867089870958,0.0905170606499146,0.03631236152741095,-0.5397133184553153,0.04795113124820109,0.4883209113352356,0.0155668715134301,0.05628069644133671,0.01580140332346616,0.7806760577986811,0.010107621151547966,1.1131554324626958
brown,cr02,1024,0.029850746268656716,0.5256368546490409,0.05143073649569563,0.2472624462135854,-0.005309191817151282,0.1274623766462077,0.013889783740987482,0.044726129344304894,-0.3137134816135356,0.0192488431145895,-0.44791603208782327,0.004557940827298599,-1.1939827555950355,0.010873228750848658,0.42453917918683004,0.00936579047624975,1.2059297898047685
brown,cr03,1024,0.9751243781094527,0.4966643374501075,-0.005530391894574382,0.2591841822445875,0.03799506821314158,0.11607026427857522,-0.04578648244747896,0.05639628333430243,-0.11289879318112828,0.02773760085562707,-0.09649521514162807,0.01628065575500017,0.0989300991819464,0.01038262857601389,0.42856866423356177,0.0023927370599098486,-0.28324151131046715
brown,cr04,1024,0.19402985074626866,0.5560920498032931,0.10875637059856569,0.21965907577222574,-0.12785538528761475,0.10431129460478075,-0.16773646620122884,0.05956722027566059,-0.050777910731526266,0.031679004341640886,0.0513313761158809,0.009445519658759217,-0.4409706565977638,0.00612067650229004,-0.16756900666961183,0.0029189479715240503,0.04374119084223427
brown,cr05,1024,0.5920398009950248,0.5028365570060777,0.004146534154246373,0.22763875298262382,-0.09653882925367041,0.12431111642562959,0.014266881588214098,0.057682407170425214,-0.0444194658338084,0.04650289304071003,0.44870467164479066,0.022770830363647,0.44580603501958516,0.007414154843783748,0.03451963563392013,0.0018511622386558836,-0.4686733964729939
brown,cr06,1024,0.4925373134328358,0.4966168881608569,-0.013049488439016876,0.25045994490812173,0.018329002905213665,0.10882553714057955,-0.12801386826759087,0.06704600391995988,0.08200878543230283,0.03846092207012533,0.25254563872505775,0.01059883254535674,-0.32188726990252814,0.0058895203984005145,-0.2730281638613361,0.013390050192991703,1.5745474313018173
brown,cr07,1024,0.11442786069651742,0.47389859267058554,-0.05658451888764149,0.25445288688476847,0.021733425963099018,0.11072910939268138,-0.09483738213148252,0.08191748378045807,0.28984076778049683,0.025083452551727677,-0.21272931473994294,0.024430250122889824,0.4985519728665828,0.0035685371190831644,-0.624715591911607,0.015978260360998937,1.6578983579471336
brown,cr08,1024,0.03482587064676617,0.4562087108987509,-0.08916807764916057,0.22077471798776807,-0.12424226408643069,0.12676102083265534,0.029322071170069464,0.07609784426751592,0.20504804289466083,0.026800434840571055,-0.11121302989363269,0.04154455569216085,1.0247316165998361,0.01798576323192369,0.9413811574925868,0.004916009750811861,0.4155508387706366
brown,cr09,1024,0.04477611940298507,0.5244407976637382,0.047424466568369184,0.2845218557058756,0.1301504046947699,0.10161721695012546,-0.20531780587601922,0.03971793431959876,-0.40556814476157044,0.02354275169592887,-0.28459573932156523,0.007644808595469652,-0.6498874045310465,0.004472421226010891,-0.4165136866855699,0.006946244660437762,0.8979552086513785
wsj,wsj_0018,1024,0.21890547263681592,0.49460524639679115,-0.009107368109974034,0.21201607123511942,-0.16153480424657185,0.15121207680914728,0.18985844465280666,0.07727685379121577,0.24001057634325784,0.02574827997151897,-0.15702864254198845,0.01833845314478376,0.2201624855759876,0.004074161781540866,-0.5553178907365464,0.005142471453133798,0.4828286097919703
wsj,wsj_0036,1024,0.746268656716418,0.48134195136898206,-0.035576163096614155,0.2521978797941139,0.012731880961344366,0.12048617831335479,-0.041361875315641505,0.06048780381494463,-0.00918469324432758,0.03229811612399457,0.04729970544436046,0.013405403999001485,-0.0873103729005642,0.01600250963313617,0.8203613184935898,0.007161529804413996,1.0085148615061676
wsj,wsj_0037,1024,0.6119402985074627,0.49494503525154787,-0.016574910714715174,0.2535261552783559,0.025132667982592505,0.11943052324150258,-0.03367924779182285,0.056452874145347914,-0.07891744465252204,0.03600305781661853,0.17173617540503017,0.022484616595745383,0.4415901437989955,0.004460707241341829,-0.4051591525567737,0.011044493455564568,1.3747452356781427
wsj,wsj_0039,1024,0.3383084577114428,0.5112750763576507,0.02075928802005922,0.26116631332641316,0.05263147887185937,0.1058398979838959,-0.1698971070110007,0.061944867750546015,0.01670903914918087,0.025194901512222916,-0.17417501577472994,0.008586681131876226,-0.5214500760468823,0.02069159996236072,1.1046068781099425,0.0037246634804480017,0.19844048196272368
wsj,wsj_0041,1024,0.7263681592039801,0.4740771078901529,-0.04972144652276145,0.24639534933230153,-0.0065015420811824765,0.1336762948572458,0.07001731133924993,0.0741736192818789,0.17310651745076155,0.02836038488749956,-0.10038700843761683,0.014309571118521507,-0.03604855621401715,0.014909813805463999,0.7875139102135345,0.0032645521577460085,0.02098621871331119
wsj,wsj_0043,1024,0.472636815920398,0.49786508336695356,-0.002305888844731374,0.2162827115118896,-0.13966179603412132,0.1453431045620409,0.15651535664272131,0.06475563407292223,0.04711651068761835,0.022306174245835746,-0.31222472576735605,0.019588196475663688,0.2766199464998982,0.009907706412506798,0.36596624286599333,0.00504416701727995,0.5040606010363575
wsj,wsj_0044,1024,0.5771144278606966,0.4765045624417973,-0.043522449727453116,0.23791837479389247,-0.05223254288082213,0.1429961672141511,0.13361451023198745,0.06293562732785707,0.032345781049353484,0.04209947770167103,0.32209229946563456,0.014096338556971597,-0.03458384918909907,0.006667837281360374,-0.05436503842785445,0.010431541161447917,1.1723241626304945
wsj,wsj_0045,1024,0.01990049751243781,0.4353592528701673,-0.13479512128287396,0.2535996662868604,0.0087620330934568,0.12482125476675004,0.0033139068085281664,0.0674529987242053,0.09470643092346132,0.06487614086410753,0.7757820944063276,0.016145441606077206,0.13433280951427395,0.007595615419838712,0.14513499280832765,0.014531552273171678,1.6220721689509707
wsj,wsj_0048,1024,0.004975124378109453,0.4461220534824154,-0.11323224065263449,0.23618391427518431,-0.05362095368567843,0.1092776224174761,-0.11774057794969828,0.1003040229449603,0.46057071122592097,0.0572549049614544,0.6368862725301221,0.032426487654398276,0.804721285661143,0.009048551042267981,0.2720296521678325,0.0055787689661527355,0.6349435906339176
wsj,wsj_0049,1024,0.3333333333333333,0.47819551002445393,-0.040067768835607254,0.25620005623703934,0.025316630197690815,0.11082384629396382,-0.12390233021922148,0.0628277440793409,0.025623331637230518,0.04331055344858428,0.35386947707226657,0.01725588721088672,0.17027350106662364,0.022408460422642464,1.1629939932114541,0.0030181452943499566,0.0018635667624273822
wsj,wsj_0062,1024,0.09950248756218906,0.4865788087462382,-0.02665996487766298,0.2324923912579699,-0.06424175336848226,0.1355392429751883,0.07541949277689874,0.04735417703274769,-0.2670822148225236,0.04214189731767065,0.337180236754135,0.015167191831139008,0.06804907339799815,0.030098898825763543,1.4692007689774447,0.004417921692661153,0.36981978011722827
wsj,wsj_0071,1024,0.14925373134328357,0.4467488912498897,-0.1122346908681342,0.25711972239248215,0.03353678244032454,0.1463743690395679,0.16659354130130288,0.07252349731447519,0.15105275034427024,0.0323215668084621,0.06667390978097965,0.018659967835619247,0.2224414244668127,0.01685710682536702,0.8978412626641719,0.0035131896115731327,0.22578632297015133
wsj,wsj_0083,1024,0.48756218905472637,0.4752264470834807,-0.050129777085253346,0.26524777884214235,0.0611288372719323,0.11172182571160827,-0.09187331710002633,0.05988530917186115,-0.042642832502898464,0.029217842826311343,-0.058056897056756096,0.021133637877527388,0.37809717187064606,0.0140668399981685,0.7540349483842075,0.008950667645366502,1.0511447764572992
wsj,wsj_0085,1024,0.1044776119402985,0.4631966356118242,-0.07633207078561544,0.2405988687089559,-0.03542666015723306,0.13349398464210036,0.08090849343835504,0.07543164711703446,0.20520191336617444,0.05531060158033564,0.5912900065633835,0.008760822125815625,-0.5299550213532553,0.006048543929925163,-0.14605412763384162,0.0049919834462800634,0.40555447616702445
wsj,wsj_0088,1024,0.5074626865671642,0.4920083109420692,-0.014196514889563527,0.24674397629187017,-0.006743422382271103,0.13250551711695652,0.06119439699985518,0.06089246378225396,-0.021069599506395864,0.03698802770297492,0.20690155943472854,0.008558593051653194,-0.5502939478074378,0.008071463091445819,0.15940988416431612,0.013156774782837336,1.379167495963852
wsj,wsj_0089,1024,0.7313432835820896,0.4811499451260917,-0.03233281002001687,0.26371030701937853,0.04807441783446165,0.13432384035815087,0.08078562535365563,0.06111349004073388,-0.012981735735353439,0.03801475922718296,0.20826610295360837,0.012889734984325395,-0.13347948416115418,0.003247115776799365,-0.725625472730278,0.0014052856955801493,-0.7786839766112745
wsj,wsj_0090,1024,0.24378109452736318,0.4745747172093103,-0.04630866276991952,0.22317035900188487,-0.11624948783629363,0.1437390953712887,0.1442567710665672,0.06759047543751331,0.09461654928934893,0.040501712788646185,0.28733139229907767,0.018946497819128594,0.2226472985712209,0.017994741182466124,0.9129117544850143,0.0018549289715311195,-0.49789304427959546
wsj,wsj_0096,1024,0.004975124378109453,0.3793772292923209,-0.27159527884428103,0.24031471442114882,-0.03473234780039691,0.14151194971136957,0.11971475068883741,0.13938940216406862,0.808689808084694,0.03760828278473548,0.19196564028268126,0.030424815305387883,0.709586421453273,0.016471626937636617,0.8905334693819569,0.001622792168926212,-0.47950938629501483
wsj,wsj_0097,1024,0.22388059701492538,0.46856354132969646,-0.06302236771168557,0.2474149806201678,-0.007277974096184581,0.14549786542118306,0.15395489628885928,0.07490965887717685,0.20755622738139623,0.026763127184271547,-0.12489451142819075,0.015667193561722078,0.05454660180178017,0.003453121959254585,-0.7166506014674514,0.01322285695172296,1.452900154830714
wsj,wsj_0100,1024,0.48756218905472637,0.4699894126216656,-0.06087629262437089,0.26533388678770353,0.056004188835111934,0.1272331435310758,0.03561783262499363,0.05516724238833678,-0.11078321874845365,0.03943699960925087,0.2768431809893821,0.013532181033969626,-0.09491543159637139,0.013083470772652577,0.6084940755736632,0.006672084955459293,0.7446777548947816
wsj,wsj_0108,1024,0.5920398009950248,0.4916182720798713,-0.014082581122725313,0.24765108149956241,-0.0038199606257072194,0.13216671091180987,0.05359541612587426,0.051066885404701994,-0.2065427742735677,0.0451235078611099,0.40952003132287285,0.019878258976565623,0.3356472405967992,0.004310956143692464,-0.4694858083564224,0.003032486706236317,0.09649512425145712
wsj,wsj_0109,1024,0.03482587064676617,0.4586499612898007,-0.08305588898483407,0.232488420147748,-0.08264181103028712,0.1284823023409412,0.0394141254062359,0.07666152870268683,0.20228532221731088,0.04925072081232777,0.5220099412959316,0.0194522750501299,0.30521545935948735,0.0031117593551391737,-0.7928079353522097,0.015591905060824831,1.6712213195245829
wsj,wsj_0112,1024,0.04477611940298507,0.44352634190735746,-0.12268500893780365,0.24692687560470877,-0.007062809451019003,0.12805899595350517,0.033787306725402644,0.07339012975156461,0.18084112340999203,0.03151870173000175,0.036128127907103735,0.013916183077874893,-0.04232366491470696,0.024394831595998832,1.3221684115130783,0.01633080528970552,1.7140958368642476
wsj,wsj_0118,1024,0.7263681592039801,0.5140070688338545,0.027144948876499875,0.25217393268529137,0.016936568377502903,0.11641400129651217,-0.07291655026059063,0.05393466254418304,-0.12702943649009946,0.0427590704411711,0.3469967679220356,0.012144382200908166,-0.2011789809074358,0.0049240545320485135,-0.30127728911209317,0.001563833001269664,-0.7172724669753103
wsj,wsj_0120,1024,0.9303482587064676,0.48595396341933006,-0.03016085982122918,0.26178105795807605,0.049408470150015704,0.13229944224447887,0.0718569237727742,0.05571134727895259,-0.10396493787947492,0.031346097630430975,0.04544858268248175,0.01253248773473159,-0.16975505347462327,0.0053995009314714015,-0.27051679551725094,0.006331501788682635,0.8546647126600204
wsj,wsj_0121,1024,0.572139303482587,0.4895618307728986,-0.016370586061721815,0.23980616644547437,-0.0442112559973693,0.15569810665910733,0.2176661200486989,0.052605410325230126,-0.1443645525101207,0.02950637057832883,-0.026646330570062826,0.013038853152252367,-0.13457244961854542,0.009896962172720292,0.3288914233794422,0.006466428713642606,0.8627414013219878
wsj,wsj_0125,1024,0.04477611940298507,0.4430677238312659,-0.12023668717450053,0.23071817567020814,-0.08340748839314682,0.1195045001833591,-0.03975082418695264,0.06533149140023083,0.08006679846904374,0.03969505299579959,0.27985123782954346,0.025325692309333694,0.5172220957578744,0.004446767333463959,-0.391129602356278,0.01790083269974854,1.8411084029905025
wsj,wsj_0128,1024,0.5024875621890548,0.4880483268206207,-0.02211643666946228,0.2556566892132586,0.023951396803119085,0.11846740741094994,-0.03680671455955764,0.056344062395055586,-0.10414098162549523,0.038026449780847696,0.2130154178908148,0.014833350934563512,-0.019250335845534927,0.011554602363346081,0.5413927482713818,0.014948865484122153,1.5737506733346311
wsj,wsj_0137,1024,0.0845771144278607,0.49337602503101896,-0.01347059503332837,0.2298895365551889,-0.07426326614521406,0.10359651285699226,-0.18070635188922424,0.06307771594277617,0.00934789570215866,0.04392396983840932,0.3472217480888782,0.02112243965527261,0.40107071353091106,0.02492253043117712,1.2906417819502747,0.013330191253370717,1.460671298248708
wsj,wsj_0142,1024,0.25870646766169153,0.5040634795177306,0.009908709427276952,0.23851041134308415,-0.04200151135375996,0.11241494800243668,-0.10135083130987033,0.06527405398248168,0.03722522198106004,0.021833193727670494,-0.28879104736388417,0.017789477375445322,0.17110315936544396,0.020459837337137046,1.0667258486124922,0.013768581463315836,1.5117527759981533
wsj,wsj_0155,1024,0.11442786069651742,0.4548739198558318,-0.09219337281455076,0.23006077177275025,-0.08389442920281298,0.1452160108646048,0.15537056071192068,0.09139080546587627,0.4030476193196275,0.04051213312356344,0.31542965097025233,0.01677251358227924,0.11324200305914012,0.007979956716766778,0.1344153775337924,0.007684937760340475,0.9063794006595476
wsj,wsj_0162,1024,0.009950248756218905,0.5110238487740433,0.028211696264239583,0.2073661326694927,-0.19045033433005987,0.10572711512406568,-0.1704580865969172,0.09097843435115663,0.3963417475152533,0.02432291617272997,-0.20601526264881276,0.03256650083155102,0.7749130101896617,0.005392136690591461,-0.1975949307716629,0.011400877010033056,1.298727578668669
wsj,wsj_0179,1024,0.31840796019900497,0.48155524057332205,-0.03152439495441883,0.2860654439845004,0.13149963100594042,0.12402307138438023,-0.010658158696407405,0.06316801683303395,0.011168163275392384,0.01725168319140521,-0.5422676118411847,0.012094745162312261,-0.17311042719850267,0.00384051820943043,-0.5481180830903192,0.004226744662319651,0.2765391814637974
wsj,wsj_0186,1024,0.44776119402985076,0.5218003981594789,0.04570685262167551,0.22555291553440904,-0.09509089578491459,0.11244273395890966,-0.11683007862757577,0.06040318150961666,-0.01423512857998066,0.0417745932378294,0.3263828306872911,0.014546431474031719,-0.014764533013316594,0.006339472633224854,-0.1327279012033511,0.010453029278869933,1.2684088016166388
wsj,wsj_0192,1024,0.5124378109452736,0.4966434486439135,-0.009842845279866008,0.2375548360007395,-0.04248871255363884,0.14355509050220427,0.1377376062075888,0.05507292312791794,-0.09590439606169188,0.02048386927357445,-0.3851336968114518,0.025465603162770852,0.5479651118960369,0.007637726057202093,0.11438943394028112,0.0024347607752918535,-0.17713605178772962
wsj,wsj_0207,1024,0.9651741293532339,0.5002300614139769,-0.0012918294885196913,0.23770519709437046,-0.03969329234556884,0.12492011288866756,-0.00188935418649816,0.06860181848408273,0.09983869613665952,0.038581289495280766,0.24862137135727247,0.01155192043604273,-0.23398499178532006,0.006342622646130319,-0.05782994176832723,0.0034230769814658406,0.1739326343964951
wsj,wsj_0209,1024,0.22388059701492538,0.466235457829179,-0.06973333724140485,0.2812531896169732,0.12269714608983984,0.10042159496779102,-0.19998160639571294,0.07458032228327588,0.18193304746221584,0.029367034606078143,-0.0360794625420815,0.02254067726605761,0.3986111807824737,0.011258835043357965,0.48526163744726514,0.004922304343101991,0.40564635878633837
wsj,wsj_0214,1024,0.11442786069651742,0.4552913288578881,-0.0906011573264831,0.24719268415310813,-0.008912022040802992,0.13741617149682273,0.09597536420658681,0.09055249344936879,0.3843119160164452,0.026556978391631392,-0.14354523454184154,0.01955981077442449,0.2964119131057261,0.016705899078912442,0.8609050114381969,0.0037558638839771037,0.20591663082938805
wsj,wsj_0224,1024,0.7611940298507462,0.48557414100115043,-0.028094809425940004,0.2656153291316534,0.05547850547206101,0.11197865378480688,-0.09200364091335755,0.05978160601012901,-0.019924806952166918,0.04303993788319743,0.3476510304822531,0.011099730078969996,-0.2805610618279779,0.005852349985757878,-0.20612714133923493,0.0046140054568787284,0.3955652558921674
wsj,wsj_0231,1024,0.05472636815920398,0.5073732618172858,0.015600116306832557,0.2004661400345573,-0.22825417236136425,0.1319660149229397,0.0701848093854478,0.0689496882258879,0.13144444717388115,0.04657797613248012,0.4550713378756033,0.014050680952077454,-0.042677480613646956,0.01522715383716685,0.7726526488131391,0.01121306264204827,1.2824399807576352
wsj,wsj_0239,1024,0.39303482587064675,0.4833911456848896,-0.03615399762102567,0.26749064553485385,0.08429078306309745,0.10836012188495404,-0.14647867785198443,0.0575137105797824,-0.060604793875763896,0.035167107768040634,0.13619183849531336,0.016759687210675042,0.12083379873639188,0.019549756353432778,1.0177076301265977,0.005685318413121059,0.6265131958500403
wsj,wsj_0257,1024,0.04477611940298507,0.4400303907956701,-0.1254144208011403,0.30152820983381556,0.19139600201751872,0.12753136148926164,0.015597355731020723,0.06579025860774865,0.07522805570791302,0.031151255401821832,0.01741419427434021,0.016955354478206695,0.14740405608106855,0.006859980965269682,0.009146151978739248,0.007792937608160064,1.072721480536761
wsj,wsj_0267,1024,0.1691542288557214,0.47999475151360455,-0.04014067888680095,0.2847022926570537,0.13486931348616293,0.10053503197606253,-0.22493173525336418,0.049272047582744546,-0.20458238789905359,0.041791558465737594,0.3191513534830279,0.012380394751823917,-0.1748704295581076,0.012837954310039815,0.719507722441084,0.006394104025060294,0.7547670362710921
wsj,wsj_0271,1024,0.004975124378109453,0.4704680763696494,-0.06242315663905107,0.21531098330984486,-0.14004340768394608,0.09902166642589882,-0.23059658560056695,0.06584903686695759,0.06793152177652262,0.05851291003603446,0.6594808673199481,0.02844647521272546,0.6651852208191018,0.035768179754300904,1.6940244657012684,0.017588978120337856,1.7172848203674809
wsj,wsj_0277,1024,0.13432835820895522,0.5271013487618826,0.054983461564169445,0.22375645544299555,-0.1067427551844693,0.09431339039675088,-0.2718059128975434,0.08031833142506442,0.2379007729724485,0.03316503482756089,0.08944959209058734,0.012171718336481525,-0.1736796099076896,0.00679442645663226,0.07310075747508193,0.005726769969891254,0.6436652902288449
wsj,wsj_0278,1024,0.004975124378109453,0.435024102961887,-0.14212583634449172,0.26124689867963924,0.05094123823228336,0.16328260910598172,0.27671546422172666,0.07263324672436304,0.15860632691793564,0.01966100992611986,-0.4286763097219777,0.031042141682494223,0.7981216053662492,0.003496257867489795,-0.6609804747539272,0.013097207078028087,1.4160283558548423
wsj,wsj_0280,1024,0.5024875621890548,0.487545646400544,-0.026080353501401254,0.26608590154341555,0.063182893345197,0.11667002531269846,-0.057138912791331986,0.053221594706365796,-0.13154467344531628,0.029365942188596582,-0.043558248758966744,0.03084563523303752,0.7259861081511354,0.004828177540574587,-0.3374655129952,0.0031987390052430524,0.07920093811806073
wsj,wsj_0282,1024,0.04975124378109453,0.49718911678284394,-0.008432029765193083,0.20159184588360685,-0.2149482300829597,0.14595671853369585,0.17533996527409146,0.06283243997519078,0.03977085157607174,0.041481367220255326,0.3047105601110851,0.029734536709304295,0.7187406107148799,0.007173887042157953,0.037915331768767935,0.005033403535278903,0.5030350048504637
wsj,wsj_0283,1024,0.208955223880597,0.492078138539503,-0.016314440651792328,0.23305689059747717,-0.06449572778431412,0.11090589941275393,-0.1199156316626313,0.057185267754211636,-0.059045446452192785,0.052472411005893324,0.5533325129271911,0.020225766710759464,0.32842360707600093,0.012617624778204415,0.5909875829493227,0.011532467768388682,1.328851557995261
wsj,wsj_0284,1024,0.5621890547263682,0.49314161310711735,-0.015494230996400238,0.2293835920389669,-0.08140752747049129,0.12937423453958458,0.04556806409899261,0.07263197705693139,0.1764465081164075,0.04741155377849887,0.4606362962628552,0.01368909212600945,-0.12171251076657175,0.005369099376167393,-0.21509370008404893,0.006374485897756107,0.7916209004027195
wsj,wsj_0286,1024,0.48258706467661694,0.523910733048185,0.04719722603489429,0.24425775364518085,-0.019670247233842808,0.09835515974755733,-0.2241383397022556,0.06669892363315885,0.09437545234889733,0.024473095612622085,-0.24386542893153784,0.014877228630196176,0.0025793524630062237,0.011512539593286714,0.48519307725228433,0.004830771057386012,0.5111547872288131
wsj,wsj_0288,1024,0.5970149253731343,0.5070624069680846,0.011489431958725427,0.24068573384731007,-0.02882178678852476,0.11591776515559349,-0.053574418153614634,0.0510005179393727,-0.18541694385064922,0.04615128544259013,0.39984042673849185,0.019303091968812698,0.22056015610458335,0.011494230411087287,0.4466767472491693,0.0017149639905765087,-0.5492863283634906
wsj,wsj_0290,1024,0.03482587064676617,0.5360442113493147,0.068081696004753,0.20140297826290987,-0.2225156209279886,0.1142024152262309,-0.07135050113189134,0.05820592037364723,-0.04256088848114814,0.03829581083172934,0.28791451009362934,0.013944760555720496,-0.07328747882119035,0.01582696772594814,0.8588115662205364,0.00938709856023449,1.0333000947702935
wsj,wsj_0293,1024,0.32338308457711445,0.4647576145952392,-0.06337832065135751,0.24820007202570962,-0.012243984055692936,0.1377694397729234,0.09331585261669684,0.06442442905395879,0.05234455455345355,0.025856785923684643,-0.1733314193227682,0.034050395763817104,0.8371988345583392,0.010292550300044289,0.35840324637490184,0.005491622456736492,0.5844991310224348
wsj,wsj_0295,1024,0.014925373134328358,0.43352739385190797,-0.14849448360395578,0.25677956427433646,0.04145192039900758,0.13097448123399422,0.05350024357589245,0.0760020919013153,0.21194525984827006,0.05128636944197093,0.5258771236919233,0.01494983853223571,0.06477327941975464,0.022473105783251627,1.2277359079251666,0.005359562033210924,0.5473186732430948
wsj,wsj_0296,1024,0.01990049751243781,0.47484787989479255,-0.04785474888485741,0.26361131390468096,0.054123379483148826,0.12814788331530858,0.027215367412827263,0.0347904052904174,-0.5674648864707383,0.056836003298590815,0.6155748934469623,0.01938172905540798,0.2748862116010806,0.013063139222312226,0.6927037517159063,0.006137840034036332,0.71816721713056
wsj,wsj_0297,1024,0.39303482587064675,0.4582589105721303,-0.08720731073179777,0.2665888817933154,0.06660330406543569,0.1351832098993399,0.09183248740104588,0.06957430404623854,0.11447676471100854,0.030904476424798787,0.009843776059995868,0.01347786131246558,-0.0959497871639785,0.008937824170554469,0.2718322138275635,0.009282500673156738,1.1467054653563835
wsj,wsj_0300,1024,0.17412935323383086,0.47810306439980615,-0.038741328946211406,0.23402369598975403,-0.07103561658295177,0.12954807719109107,0.048941121139374655,0.05568864607878452,-0.1283030048153977,0.04200636657773454,0.32040359848647704,0.03413773614350768,0.8741001985434447,0.015051398690667133,0.7982806121760131,0.005324425553197752,0.5708843203060017
wsj,wsj_0301,1024,0.5124378109452736,0.47935366486261366,-0.04242545235024997,0.23934195196813823,-0.035055850539385425,0.11884739244890376,-0.04747434062578337,0.07593340702454926,0.20469139615204268,0.03674437412020578,0.178733176789037,0.010114813886932094,-0.3412061128998536,0.01160351900742777,0.5339601827879967,0.009592595056134424,1.1623834363883843
wsj,wsj_0305,1024,0.06467661691542288,0.4602102269459974,-0.08469066554408433,0.27146804378782097,0.08985275132972026,0.1038628798547706,-0.17360282746402866,0.09073511211710963,0.3855180126432365,0.03431247254693886,0.12078498598313114,0.019362104546067467,0.2939163044598243,0.01439298916006164,0.7386238891533639,0.0023365102366593444,-0.25243493582735255
wsj,wsj_0314,1024,0.08955223880597014,0.45099720329801474,-0.1009758405540232,0.2720752349057614,0.0889119281997317,0.12488138764532145,0.0065241635618566995,0.06228142246692363,-0.0011027500545739422,0.06020090956821478,0.6867277165475887,0.012375814602062123,-0.18351633496389397,0.004376137722946815,-0.44230973580434174,0.004798647308527943,0.5119523113648796
wsj,wsj_0317,1024,0.48258706467661694,0.4847983906906441,-0.031294348367905234,0.2397306567719118,-0.03129988559437913,0.13744244484940027,0.08078152344144751,0.06502350534384393,0.0685143280496252,0.025138024925999036,-0.18030480389994352,0.015355186294980842,0.06103928558079996,0.020951785915811896,1.1003075354890437,0.004887777703393528,0.4340339628775851
wsj,wsj_0327,1024,0.06965174129353234,0.517449708580783,0.036639234098090334,0.23790242122102437,-0.04978114387169219,0.08854641216797507,-0.3402666828864387,0.08296645774554272,0.30809574272659157,0.028160359066291434,-0.06731636293062726,0.01963938061290267,0.2591109915337735,0.016479959427481154,0.9018099663304007,0.0047717847544997,0.5304503853585336
wsj,wsj_0328,1024,0.30845771144278605,0.4810757131504937,-0.04394925520525561,0.23580362971314106,-0.0474434094481504,0.12140494097620988,-0.014232822054856875,0.06512550807943457,0.06005771132820703,0.030156429301142883,0.009576861543199033,0.01490391253822897,0.005294902488563125,0.019915311456354542,1.0227851097460658,0.016718492676165184,1.694643180939015
wsj,wsj_0331,1024,0.7860696517412935,0.48087312072634564,-0.038329491369559765,0.26758461394975197,0.06345996300285117,0.1314006360075542,0.060231617013391414,0.054406738988048695,-0.12168795717665848,0.03609938228059345,0.18990475395090511,0.011382840815015758,-0.23320821469851705,0.006785474535893041,-0.003293861221654204,0.005427282397605093,0.6858971886870391
wsj,wsj_0335,1024,0.6019900497512438,0.4761181912089145,-0.04671763018672204,0.24268492532413932,-0.03174053965936641,0.14159080063250018,0.1380691780926253,0.07207211854643192,0.14542156394117667,0.03352532931314173,0.07842982101528673,0.01568904627749188,0.06885003068319318,0.00997624805028215,0.4269165792555114,0.007066960151871979,0.8630888944957427
wsj,wsj_0345,1024,0.014925373134328358,0.5207679736834876,0.03774969519553428,0.19938370283054258,-0.21521130474964667,0.09490807813842322,-0.273518312191523,0.05930502781982988,-0.0185260938902001,0.05261019180746289,0.5534495269814244,0.02358914645583321,0.46042932605688014,0.014451456716130205,0.6950127207632555,0.001690717256177021,-0.623933702632641
wsj,wsj_0349,1024,0.48756218905472637,0.466981356589619,-0.06510165583354155,0.24711316596360033,-0.011363988368580324,0.12870227159365052,0.03314273001419821,0.06798198531919811,0.09990611055525989,0.03857823213731114,0.20891853633361235,0.0218006682453998,0.43963475883377656,0.007876901667615564,0.16337774012324235,0.010489382371545805,1.2903052555156709
wsj,wsj_0351,1024,0.06965174129353234,0.49575725133163917,-0.006942000359665634,0.21807545987043053,-0.13895457436819614,0.11181850054154789,-0.10609371339806684,0.06688490489085991,0.08737494112471955,0.04198983098451753,0.3554591498262738,0.03694084336114571,0.9105510378981623,0.009823415977606973,0.34351512081417557,0.0065086972763940005,0.8353699804626391
wsj,wsj_0359,1024,0.25870646766169153,0.4755220377076374,-0.05376460575860931,0.25460023764073003,0.027382830666013325,0.13644296706722234,0.08956847908514476,0.04715885531619009,-0.25499467692330047,0.03569823762715854,0.1806510608223042,0.026315313574897078,0.5879847657120245,0.014763860938601409,0.7548828780831078,0.005234693571856455,0.5425366885504674
wsj,wsj_0360,1024,0.1044776119402985,0.46544542279803514,-0.06930246678093333,0.2620732899392225,0.049715618927898,0.11386429888179064,-0.09522279645137433,0.05305905943293811,-0.14928135856949476,0.04872965810086263,0.47837110739791555,0.02394313608524628,0.4979323328872276,0.014785575168133391,0.790635997128514,0.00704806026698171,0.9030935477533841
wsj,wsj_0367,1024,0.34328358208955223,0.46539236267827,-0.0699435662814869,0.24818499990775106,0.0008652753101019428,0.1283356559296422,0.03160336547946585,0.09332431591250329,0.41102675533632604,0.03366451898815384,0.08301151385135652,0.014604563247767178,-0.049662390235714504,0.011630325493352151,0.5956306866459586,0.0037700688780312663,0.20315352855505253
wsj,wsj_0374,1024,0.42786069651741293,0.5203023121031133,0.036012501391268104,0.24025389132368014,-0.04200248840965304,0.1067333863367267,-0.1371533638308331,0.05671027167034059,-0.06962677227706537,0.026356540701585104,-0.12069272251721719,0.015205438022541262,0.07393958788471267,0.023049322809882127,1.1815432477998478,0.005225645504160622,0.5998745432077177
wsj,wsj_0400,1024,0.8009950248756219,0.516549753889889,0.035405473455465075,0.2209450649247306,-0.11834574911268114,0.12917715445791456,0.03183331386304733,0.06076560006555609,-0.01822364013312283,0.0329413871655629,0.07498642308313164,0.014895321540234763,0.016729624092770123,0.007420498716492445,0.08944801478942299,0.00469048861719905,0.43935405816544293
wsj,wsj_0405,1024,0.3383084577114428,0.46701649775065174,-0.07354305664678351,0.263405333665263,0.06286992443304218,0.1289787235028899,0.03688327184381146,0.05421763783140661,-0.11710993690078153,0.041537319014383525,0.3278300384432691,0.018675913365065258,0.24547176180238495,0.007474130332582088,0.1410028481745158,0.011446546012364566,1.4165764877887463
wsj,wsj_0409,1024,0.029850746268656716,0.47181976012706217,-0.05779516449873712,0.2161481551823197,-0.1469345272074425,0.1237067639920488,-0.0016446900138435971,0.07018313663540807,0.1341764173174158,0.04460914481783808,0.3996872392576738,0.032305039904498956,0.8117047278687584,0.00641282367932545,-0.09492206801804315,0.015935853919144746,1.7650169395403896
wsj,wsj_0413,1024,0.1044776119402985,0.4637936849611489,-0.07174048207666384,0.2598416216167063,0.03587611238025623,0.10726642807075158,-0.15004375025534777,0.09234094306798449,0.41469887991099075,0.040280883058793446,0.27730054881992494,0.016014794905325595,0.10318193663191089,0.013133180005921051,0.5729358200772721,0.001995436029988146,-0.31135254571835347
wsj,wsj_0414,1024,0.1890547263681592,0.5268545742028898,0.04861392178778112,0.2452572361498997,-0.0110614267348077,0.11692639990717582,-0.06282315511476266,0.04249551188588424,-0.3660395154765408,0.04473055617791092,0.4100786294412382,0.00893524603214126,-0.4681135941753354,0.009591956299790897,0.3703019390190141,0.0033441746931308744,0.07871664145897928
wsj,wsj_0415,1024,0.6965174129353234,0.5089127405256106,0.020946210943714072,0.25498554721110145,0.017661494581909354,0.1187809942379791,-0.04035904776171151,0.05270586506217715,-0.1525343330180382,0.024991502670678303,-0.18833680300811118,0.014360691994019797,-0.041188066671046464,0.01600728140642048,0.8320000516208674,0.006109784305495112,0.7755858676164529
wsj,wsj_0416,1024,0.07462686567164178,0.47958719405193617,-0.039136174678539914,0.20682008901355747,-0.192938097885051,0.15804311367908125,0.24914620284385358,0.0702290816036655,0.12602231593874125,0.03803564024941594,0.23003717829270265,0.024551859754638628,0.5431730800067851,0.011197098795339193,0.4981293934588633,0.005577530815228711,0.6178355099375716
wsj,wsj_0426,1024,0.25870646766169153,0.4709962159466137,-0.05715842981432939,0.24822073758260665,-0.004449882069770483,0.1397440256331006,0.11472940784284336,0.054123997504534276,-0.1309692822631714,0.04381470651327811,0.3715794017441407,0.014888476120285507,-0.023959949885981047,0.01826194941857394,0.9995923996700062,0.0015456282234865277,-0.751707234415246
wsj,wsj_0437,1024,0.746268656716418,0.5103276568485013,0.01892293650720467,0.23044972726530405,-0.07258425561018211,0.11035369745869268,-0.12129116133119178,0.06224922248065291,0.007784178472469705,0.027071456443165783,-0.08776797585338958,0.020211237383060035,0.33399042367947507,0.013577927998767426,0.689792575546762,0.0037801591582938745,0.19778745540011666
wsj,wsj_0439,1024,0.6766169154228856,0.4818995810542023,-0.033327289974302676,0.242039176707958,-0.029519398450436274,0.12117059513581416,-0.03650673537057214,0.07281173687534137,0.17834479748985688,0.0428323008434086,0.3331424601444408,0.013284091987269538,-0.0993392135615796,0.014063563934424152,0.6897793055948815,0.004684960395323919,0.3491055193107728
wsj,wsj_0445,1024,0.004975124378109453,0.45245236086342244,-0.0956076938012852,0.21652773491107133,-0.14444800699890536,0.17173386975091903,0.3169384174351546,0.06938819692407745,0.125457575773245,0.027742536852111588,-0.08304169030208586,0.029705876900466513,0.6860709962409484,0.012772817921965773,0.6120766264080002,0.015728497863765338,1.6527374178205871
wsj,wsj_0446,1024,0.31343283582089554,0.5207973349649372,0.04403760821994174,0.2088373102522143,-0.18154752386101514,0.1289332958893323,0.030184054067780686,0.06066073463616598,-0.007377419123329343,0.04177401992543713,0.3453306744808584,0.017986444022370582,0.21437693616592046,0.007645503241421516,0.1524961561120488,0.006685076447340184,0.7755557378607802
wsj,wsj_0449,1024,0.2835820895522388,0.5060355987529481,0.01179076314438865,0.21819325521012442,-0.1255646811000879,0.12102534741024094,-0.041905268718435806,0.07162203978489542,0.15442655678389228,0.034711351850402944,0.14106746706019058,0.03226911466835931,0.7728978867091074,0.008336033896321418,0.25683291340813863,0.00339291797797333,0.1501923790097619
wsj,wsj_0450,1024,0.5373134328358209,0.4847090626415995,-0.032705207415995585,0.2644025746868295,0.06906100218920264,0.10442481694790826,-0.17147636964150914,0.08054238438493376,0.256567281085073,0.04249959032018928,0.34022454044728256,0.014267322615114863,-0.05886762882236507,0.005907975424928907,-0.12311171438454682,0.001787840689503746,-0.4160413108830161
wsj,wsj_0453,1024,0.8606965174129353,0.48438521723083894,-0.030030466598593097,0.24186681161261125,-0.029638469069656947,0.1474731464155256,0.1717715929561392,0.06356532140396845,0.026796637170302784,0.02766206827221445,-0.1043758476014065,0.013714224727403655,-0.06050099620241589,0.010543220320207535,0.449733537540304,0.005481701921787958,0.6268777684969846
wsj,wsj_0455,1024,0.2835820895522388,0.47999859419695784,-0.04562683714454774,0.2457584613335061,-0.012850505608126062,0.14599603584730517,0.17977075581320112,0.06553509502927164,0.05919607927665993,0.02625809064736821,-0.1679927434824635,0.009042466670175896,-0.4788427171346381,0.014647561505505974,0.8131682428471958,0.0030663621033869314,0.051115776940841684
wsj,wsj_0464,1024,0.5621890547263682,0.5065784437312948,0.008381742811349957,0.2139474024465246,-0.14257269348145996,0.1354075179217781,0.086618111259672,0.06704037449152911,0.09763734530785184,0.038298717140704444,0.23294881767422382,0.019878240333793543,0.3199948073161121,0.0100741330446461,0.32079385547307826,0.0041600430745691586,0.2789798248424846
wsj,wsj_0465,1024,0.8905472636815921,0.502241039565355,0.0052760360609259704,0.23061402598875191,-0.07582012900528423,0.1347411154707423,0.08609919095630802,0.05725643941647898,-0.09277698086708552,0.030224876394268702,0.008708061230911834,0.01923769099120367,0.27270314985659505,0.007272455791089637,0.0585527102033101,0.0066381488992348515,0.7566518886860853
wsj,wsj_0467,1024,0.21890547263681592,0.4564170361804524,-0.09070358647010168,0.2555190870964806,0.030695902626931337,0.14908287752468488,0.18025289636275477,0.06862411244648622,0.09055962069953116,0.0364175992921769,0.16584736768721697,0.012296979548663286,-0.16073247258712353,0.0068211739138381465,0.02691636087231153,0.011054715397732734,1.3414425191562005
wsj,wsj_0469,1024,0.582089552238806,0.46788328329324463,-0.06444586070559544,0.26002180766905414,0.047292321945181515,0.12178900493215895,-0.0354564049952395,0.065960057560122,0.05603971214982817,0.04734265066800496,0.48009163605830807,0.015249631958782404,0.052545947254952985,0.004515722921300985,-0.4040838863431544,0.0046110964623010875,0.5063817718671988
wsj,wsj_0472,1024,0.11442786069651742,0.4929790500047109,-0.014074184859464989,0.22737738999292578,-0.09060316368697663,0.10298268671877046,-0.18770800555363598,0.07034235963515575,0.1440482242755463,0.03675341098444658,0.17497898748432839,0.02094906044821067,0.3362460693123439,0.01886057914631911,1.002829654467368,0.016758279272308635,1.8230811976479782
wsj,wsj_0473,1024,0.04975124378109453,0.4540163604978196,-0.0914765648338639,0.24805235156392916,-0.006402507189565254,0.1638001245306153,0.25257942796885935,0.07972351057073129,0.29406806199511104,0.0183429552255751,-0.4989874202601663,0.015072531612954857,0.02681197265257662,0.013951717652529968,0.6388316460021999,0.0032615953030139654,0.0719549022854098
wsj,wsj_0515,1024,0.39800995024875624,0.5158349091837303,0.025679478394679878,0.22915484530081007,-0.07992774448470086,0.1160676457848063,-0.04998058777629533,0.05290138374067321,-0.1368359136766153,0.044486437265495234,0.35673833523349385,0.013558443656295289,-0.055743569559132844,0.006509783372916234,-0.09920546296917454,0.0006818804956158155,-1.4888266778275252
wsj,wsj_0518,1024,0.05970149253731343,0.46404370920017707,-0.0759900781488363,0.30112499892620637,0.19033810634567572,0.10883386041270016,-0.1282569121544488,0.07176169988209587,0.15542688068140453,0.027738207280211296,-0.08700038349780526,0.012962060102708457,-0.10741969301780063,0.0025678214582502204,-0.9946335254939118,0.005796802166896848,0.7172108609286116
wsj,wsj_0524,1024,0.26865671641791045,0.4595534190272206,-0.08457478552398445,0.26960324082509696,0.07611730772453451,0.1448594822412056,0.15326585822499728,0.0575149781328123,-0.06725827817734675,0.021245348833574807,-0.3395041245269783,0.020627449571209735,0.374828408209289,0.005627565408981,-0.21849853289889243,0.007149975367828354,0.9008903096340513
wsj,wsj_0525,1024,0.1890547263681592,0.4569701204054924,-0.08648275339184808,0.23967626102936423,-0.047748355261823416,0.1544212977959249,0.22681392524062804,0.07088290466108459,0.13437688034256334,0.04051000385171862,0.27681033481174966,0.01963391823493846,0.31191027810248073,0.010642998587334463,0.45994736184148977,0.006206734095181523,0.6935834584571907
wsj,wsj_0526,1024,0.5223880597014925,0.49958038854259945,-0.0032028432028955445,0.26676525553481784,0.06809080526281153,0.10839061472697523,-0.13208859714444365,0.0559616547234864,-0.07681965717898853,0.025069255636308452,-0.16663517158466323,0.017317961542104274,0.13476820455090976,0.018863274119649876,0.9979358208757181,0.006627670999335153,0.7346548648236775
wsj,wsj_0530,1024,0.7164179104477612,0.5125661967901707,0.022795416743180863,0.2565608186412478,0.037895374581766506,0.11042274308931403,-0.1226796835493209,0.06206059955643751,0.0231687546543613,0.021739857781391415,-0.35135565712755135,0.01928407087789438,0.2677813863582963,0.010814791294787535,0.45369681851681243,0.002300861151968788,-0.2575736720675579
wsj,wsj_0550,1024,0.03980099502487562,0.4923339933753029,-0.024415787259978616,0.21483921780477555,-0.14344361490549962,0.11384067418165066,-0.06810807604218061,0.06998709754416893,0.13905165955865684,0.03450036630730116,0.12064413799711504,0.031400777471912306,0.8043528769533608,0.0246270350179211,1.2610508825936697,0.011681265484024293,1.4463583725044815
wsj,wsj_0552,1024,0.5920398009950248,0.4751607993058691,-0.05049332863469935,0.25728364558591915,0.03435593713431029,0.13010346557684058,0.04731975568476976,0.07947906327079879,0.24672768256118882,0.024626926653308193,-0.1864982555344623,0.011341169116259738,-0.270466898207224,0.012232356625703232,0.5774279917280225,0.0042611252234484075,0.28421552001149397
wsj,wsj_0553,1024,0.4577114427860697,0.4893820376574902,-0.01835431054229264,0.26619322890759645,0.06476825526688867,0.1121261894828159,-0.10466934703120057,0.06724351403437315,0.09080908207101945,0.018173548840577904,-0.5280469744362888,0.02294393639604139,0.4395638610615533,0.007287286538675455,0.09841337604914369,0.0031583522820828533,0.014057741261380485
wsj,wsj_0554,1024,0.1890547263681592,0.4701971761410568,-0.062147035773025494,0.275311170719745,0.1013694638219862,0.1146643319387769,-0.0783227659920871,0.07673539015678287,0.22453048418960053,0.024619284523740674,-0.19931249956616792,0.021303849798383845,0.3725551289177851,0.012004776945732572,0.5374128685240871,0.0007181833734095753,-1.4460553867901451
wsj,wsj_0561,1024,0.14427860696517414,0.45188291868330854,-0.10346458777961853,0.2562023874960419,0.030591724826715794,0.1528339896560725,0.2097040389960667,0.06175402326764834,0.014406183615697898,0.03482549835378213,0.12619940274694352,0.020345255852817976,0.33232589027282566,0.015602064639660839,0.8679875959489589,0.001954782229207859,-0.4524394977479149
wsj,wsj_0562,1024,0.9601990049751243,0.5103991695697296,0.017451153504329575,0.2392968868920449,-0.039674539009231014,0.11714907120961862,-0.05357737660832029,0.06868502511895591,0.11572273397566457,0.03244944501628181,0.08090197632949803,0.019615895056152785,0.31015411083509736,0.0062277546898992465,-0.0952957041433633,0.0034611110269088577,0.18448301613795248
wsj,wsj_0564,1024,0.14427860696517414,0.4795796866031993,-0.04761465412047938,0.2294179894757322,-0.08084970989842111,0.14417994553936156,0.1742157963524369,0.052646782154016,-0.1770258863196572,0.04542602906930497,0.41893457233371123,0.024565064731434053,0.555544866239019,0.015553342213173336,0.8091356010513797,0.003027809865367775,0.1373452497649401
wsj,wsj_0568,1024,0.1044776119402985,0.4792731427883871,-0.04132290168673447,0.2725107540741902,0.08875445234297463,0.125139794778135,0.009009790873025558,0.05542028135866333,-0.10949635184699336,0.017468314975362144,-0.5652437816990474,0.024379452774563267,0.5433440351254282,0.008889457287099504,0.2844713390614402,0.008891294733347913,1.0603583340006004
wsj,wsj_0569,1024,0.1890547263681592,0.47508705375572413,-0.05565906966574574,0.21817833068603623,-0.12940593845308346,0.150330285273356,0.19300221881566393,0.08249582443145867,0.29470992073346913,0.027027973300992703,-0.07779006334958316,0.018451334310755914,0.2435133326775647,0.005584891485316145,-0.18421072858741105,0.007935053670063868,0.938562500724827
wsj,wsj_0571,1024,0.3582089552238806,0.496103288694474,-0.00826184633842586,0.2242639620532786,-0.10677584333912149,0.1299272874220277,0.0464472556789719,0.060480777881966,-0.0018525874495138872,0.04587273433221392,0.4132785951408975,0.02443171384548358,0.5140875193070857,0.014447428751339026,0.7646823578627684,0.002642590492489107,-0.1256413812145034
wsj,wsj_0576,1024,0.7910447761194029,0.5130478503945632,0.02278436694167818,0.22189304727732273,-0.10590341030522299,0.12788959500534333,0.01981821094246561,0.05252491051654474,-0.14759961903681695,0.03525539656324299,0.1537834579604085,0.020521195916479336,0.32151796368528895,0.006591000909436718,0.028986364981169466,0.003291796266855294,0.06975951723735019
wsj,wsj_0578,1024,0.7661691542288557,0.49078358384533527,-0.016985849086079252,0.24591474344058808,-0.01660676028367769,0.1320697811064612,0.06338028073288982,0.07044090991214202,0.13498948517347653,0.02086255057966494,-0.36777710802677,0.02005884685776778,0.29239080902394,0.006088065297937494,-0.12407711891283757,0.00598974456105947,0.6638790312194862
wsj,wsj_0583,1024,0.06965174129353234,0.44445097933350036,-0.11721904948533235,0.2905133581039364,0.15605315474059522,0.1295322227060286,0.033644595252075415,0.05987994256336425,-0.014589770102152233,0.045762748464183337,0.40915545500035444,0.009013570335022859,-0.5056793702120439,0.010819797014713368,0.4658841863826755,0.003803464953350461,0.3042167998864507
wsj,wsj_0584,1024,0.23880597014925373,0.4729598743601978,-0.05942806962552971,0.2569957347189151,0.03807745332821999,0.11751275801149273,-0.0530460516440896,0.06984105156263602,0.11286588119866936,0.026806057104016394,-0.12068203914452802,0.021915140894022307,0.39791226519639045,0.020953892259110755,1.1765577620862588,0.0042511192093514765,0.3666576798510004
wsj,wsj_0585,1024,0.1691542288557214,0.45794803304487536,-0.08840531310189992,0.2506124447128604,0.001148552149537574,0.14709106831858149,0.1707131131252726,0.06839634915225762,0.12244418987021,0.02777622943380262,-0.06087555171752079,0.030617517125098453,0.7767025102522727,0.010772205682854325,0.415896677312519,0.0019649095176290333,-0.5066478667369827
wsj,wsj_0586,1024,0.014925373134328358,0.5686644951638574,0.13332746828922282,0.21055527171999097,-0.16574326011367768,0.1044374156472232,-0.19135985401178335,0.04462057597967628,-0.3227079320997732,0.033155272298350455,0.08132198262676926,0.012154087391529613,-0.18314654329659774,0.016202561061570725,0.8324741032617915,0.008195209747623904,1.0814490123758382
wsj,wsj_0589,1024,0.7611940298507462,0.49125171825471586,-0.017108977315810625,0.25942217897411046,0.048243278324917815,0.11737425746192771,-0.06958523774203096,0.05912870971519971,-0.053261199197600195,0.03409312130874632,0.11751084937308587,0.020684255880854378,0.3388457257908857,0.004973755179646672,-0.28982092581428365,0.011233396688392735,1.347071519370191
wsj,wsj_0591,1024,0.26865671641791045,0.5085956255367521,0.014638484399001062,0.20814907999812976,-0.1782782337903126,0.13423646737601205,0.0830217212881319,0.07511851755833908,0.20282483065683055,0.029366293905485938,-0.0031964845553811294,0.026577993018109744,0.625444810440769,0.005682257907929448,-0.2996612711555269,0.004363588235978589,0.34830862996097256
wsj,wsj_0592,1024,0.7412935323383084,0.4938709651335136,-0.007376258597704521,0.26060746940179963,0.03725621428455517,0.1230220883245102,-0.0038574849883161733,0.05058576747976763,-0.2026759531279243,0.0380220289102373,0.20516684353823011,0.011396505898611867,-0.2580066408590156,0.013837500941045161,0.6688999141520533,0.0025136192884244275,-0.131687332084506
wsj,wsj_0595,1024,0.527363184079602,0.4796799820630746,-0.0441200901162917,0.22943157640008716,-0.07355017897518534,0.11934952536632983,-0.03636026444613494,0.07734126887643843,0.2280327811138032,0.02733502044589904,-0.10156541305589784,0.023453854291944534,0.4625696631368563,0.01167812105019014,0.49080109975287023,0.004562695381503159,0.33681105788898424
wsj,wsj_0604,1024,0.3582089552238806,0.49685770223182346,-0.004900642093613294,0.23373223048140362,-0.05920772452949574,0.14788012831011596,0.15589339985600903,0.05254736543782633,-0.15133983182211086,0.04138081573039536,0.2895226941221125,0.008085502402610946,-0.5649691836993966,0.004000902690831198,-0.49392337524237284,0.004866221659927641,0.504298430018272
wsj,wsj_0609,1024,0.06467661691542288,0.4683720128127681,-0.06131820688004319,0.24312639068179173,-0.031875906665208564,0.14123468613168158,0.14139938422769704,0.048852802691289804,-0.24762486428798125,0.04366522181940005,0.3624295112566305,0.015929356468945267,0.09793671172455731,0.022614013243293325,1.2134265110512872,0.0010571821984731442,-1.1485894459459622
wsj,wsj_0610,1024,0.024875621890547265,0.45471558353324837,-0.0944240874395792,0.24237648976502385,-0.030434825223431883,0.12235432329077059,-0.007950684942547692,0.07014826175932765,0.12860372028326372,0.02848661651856734,-0.04187114938988623,0.03413606840868021,0.8540897152638487,0.025833669553592342,1.259328881667963,0.01729002970343001,1.7075221682398025
wsj,wsj_0617,1024,0.04975124378109453,0.4363432377542894,-0.1342802232134559,0.2637588520789343,0.04285057987730401,0.1574161885801111,0.2381235674688833,0.05842957998636285,-0.02013522487195951,0.03310446928265472,0.10211861247048581,0.024632276557934492,0.5587423910302896,0.013938910841663812,0.6803928992016646,0.002138572751041861,-0.3241840003499501
wsj,wsj_0629,1024,0.48756218905472637,0.4738927593648993,-0.055859139535119784,0.24385675823138242,-0.019968037732472688,0.13283365680926942,0.05664653223794902,0.07446759334670411,0.22140766461383476,0.036650477299251985,0.17909987125124172,0.01643961086124437,0.09725796825575017,0.00699958545751813,0.04015167327429037,0.0007322501398469912,-1.3344629225747298
wsj,wsj_0633,1024,0.08955223880597014,0.46916693764109,-0.06384192860996984,0.2732391743889018,0.09025424271230942,0.11223298827888023,-0.1044750095089011,0.06551179346924303,0.056824037733092414,0.03484015943995416,0.1550763334313574,0.005847918634787185,-0.8760225306805518,0.010191176142207126,0.41054745542436244,0.01013435392052508,1.2417688155334234
wsj,wsj_0664,1024,0.8059701492537313,0.5092201836779554,0.02123266323591999,0.2380596160186465,-0.04272428694366259,0.12215581859154935,-0.02844109694559327,0.07000788470627961,0.11472120923045548,0.024262688843745203,-0.23000571872222908,0.01782241514740763,0.23139549272581572,0.013191461655542807,0.6700150503774891,0.003908791978225912,0.2584900136135069
wsj,wsj_0671,1024,0.4228855721393035,0.5146391042989347,0.02630389313183301,0.22197594870683884,-0.12330302456683029,0.14675839414294525,0.17676321035959797,0.06041329592563603,0.0019329651578332552,0.022698670147693396,-0.29596565502765326,0.02067227154870887,0.413038551085795,0.005141408853454687,-0.2530247827328802,0.005009644327071225,0.5276242363054386
wsj,wsj_0681,1024,0.373134328358209,0.4828098574790147,-0.03993354412842731,0.2345629982649071,-0.051809403893609884,0.15498279954512523,0.2269380315225309,0.05770478737332353,-0.04774080173070194,0.03540430184932068,0.14331621995276933,0.017117339170611236,0.0773023199126337,0.013472565524233223,0.7197774411121047,0.001007770217354651,-1.0361243819740356
wsj,wsj_0689,1024,0.3383084577114428,0.4748153988081063,-0.05048869775772291,0.24316639947144308,-0.02127980878911795,0.13934938064947455,0.10984406457633056,0.08339296578467745,0.2915027951309894,0.02929864925081353,-0.03044279603270983,0.014153976483410845,-0.025221502666666673,0.010563450835438033,0.41761431801988014,0.000566136763840438,-1.5900769345277235
wsj,wsj_0692,1024,0.05472636815920398,0.4459586079635696,-0.11224709319239978,0.2573946897607724,0.028739111540954987,0.12717107732096838,0.02235996432262688,0.05915677447180221,-0.05272526608218531,0.05102990407907253,0.5251479955636236,0.026431828208580362,0.5772264506279465,0.015583094753933302,0.9101550948025379,0.0026262789387911465,-0.011215918497852861
wsj,wsj_0693,1024,0.373134328358209,0.49157885952230307,-0.021530148477936994,0.2291221923634521,-0.08173843498196409,0.13662508233208434,0.10437867681314072,0.0696271357302568,0.12872273088637076,0.025132843797179553,-0.1723477837369396,0.015724976781255378,0.07843339865403998,0.01570907561640837,0.7980741820680644,0.010904183834415233,1.2914379537144933
wsj,wsj_0700,1024,0.5522388059701493,0.520735306236297,0.0442488084868744,0.21501629278571832,-0.1430662171275503,0.11946116423689337,-0.049860456785276064,0.06685038206932076,0.0812291799371554,0.04081484218527206,0.27642817618086113,0.011145914366571537,-0.3022849318519265,0.0066476713175920655,-0.06785989005378035,0.0024669968755035142,-0.22437936976960504
wsj,wsj_0704,1024,0.06467661691542288,0.44570868564243693,-0.1123975933925484,0.2464631521046485,-0.006124157766890015,0.1404256415564924,0.12384291092429667,0.0682300695461501,0.09109494496438453,0.056205597066738014,0.6064765235847438,0.01595360016905495,0.05757556456551338,0.014194778499487314,0.6617861366138547,0.004876522132081734,0.41151406497519005
wsj,wsj_0719,1024,0.2835820895522388,0.5018464651549657,0.0036559035225994796,0.2221353416649151,-0.11511450698987913,0.14961960695130816,0.19151871943100685,0.07350702836999576,0.1743295212788949,0.02158445852221577,-0.3391769440628192,0.014063966482282527,-0.059021085214619795,0.005952018061079971,-0.157328690155218,0.007507948128896148,0.9512097715456882
wsj,wsj_0725,1024,0.5970149253731343,0.494336941371889,-0.008376157892265423,0.2618275706659935,0.041250003027015314,0.11036361939706738,-0.1264495784431907,0.07056206964965564,0.14905739094942616,0.026300869433505427,-0.1065081419483378,0.009159349800593419,-0.44396059675617927,0.013341077744016517,0.6918527180975698,0.001526658415511343,-0.6620884764432384
wsj,wsj_0730,1024,0.009950248756218905,0.46472657899226344,-0.06872245694348122,0.2513609763054541,0.011681811993316193,0.09611381330410093,-0.26785441137566135,0.06902752660531163,0.08265991479891177,0.0647073309279543,0.7704013761923623,0.033171074925780274,0.8540457049213024,0.005800453702618353,-0.14971919832420877,0.0104881384866662,1.1749542399335748
wsj,wsj_0741,1024,0.6218905472636815,0.4887414658617765,-0.01715671992678469,0.24268751903057112,-0.03666754503831804,0.11276829398711698,-0.08451032275555148,0.07018344067183775,0.1111942711748708,0.052006918358816004,0.5365647278336212,0.01536336884593313,0.0528920750153814,0.007112172550303896,0.06805467871982618,0.004182681698023078,0.4164180775900137
wsj,wsj_0742,1024,0.23383084577114427,0.46346251027231267,-0.07311500142741467,0.28897218305414607,0.14315888432680324,0.12702259851368702,0.038382462262260386,0.07256219585370696,0.16343299114096643,0.020433924051392764,-0.4265123978157126,0.015282582291336158,-0.0037929206304117002,0.005667064100235265,-0.2260815744915261,0.002145356127316075,-0.24308344984393138
wsj,wsj_0749,1024,0.10945273631840796,0.4657520540527522,-0.06586893180273867,0.2492436067604541,7.694910412636702e-05,0.14815806125314562,0.1831111672385699,0.053879811900519436,-0.13971501594368796,0.05061773988527176,0.4707230454223801,0.016966473517771016,0.14351459200932037,0.0024903488434269675,-1.1266198213010137,0.0028979168906439682,-0.0790761392088637
wsj,wsj_0756,1024,0.6716417910447762,0.5170798214805796,0.03710112273369803,0.2467213384218919,-0.005972516167969344,0.10479416809489939,-0.17881069185477694,0.06905789825227296,0.10729009558786684,0.03041846497846938,-0.018412232958668895,0.010251962915262234,-0.3773583327443921,0.009105687651219663,0.2865050665761002,0.005925273170412111,0.7587972296822265
wsj,wsj_0758,1024,0.06467661691542288,0.4565199221431201,-0.08874929733226034,0.2625430130260733,0.047513710267328424,0.10973289248972709,-0.12940039292104188,0.07054265617512215,0.14975511154371546,0.05586647467105691,0.6431720547165809,0.023158480068500697,0.4115275789262349,0.00820951213853539,0.16502142754510274,0.0032804326919517067,0.14405678233395403
wsj,wsj_0761,1024,0.42786069651741293,0.539300258091187,0.06969294545434868,0.2467017445744376,-0.0028729669388296575,0.12044833849602202,-0.02425644707591834,0.04596010595536317,-0.29205982681190923,0.02228923067692669,-0.28548594651799997,0.014759961923935761,-0.003686780119533495,0.005123336848794116,-0.3545745880285551,0.0034733988211559223,0.25067573919028074
wsj,wsj_0765,1024,0.1890547263681592,0.4588417292624415,-0.08443057067064652,0.27230819693754094,0.08547291346197294,0.12682377671377681,0.019997540883032183,0.07624216674025698,0.22524172093482875,0.04363423224739581,0.3606789922642526,0.009121765941765177,-0.49955249895822806,0.007443855332440341,0.07122137270389572,0.0014596186524777105,-0.6078502976738802
wsj,wsj_0766,1024,0.7562189054726368,0.4772030387118599,-0.04613817372898199,0.242735674319909,-0.022203209953916225,0.13820947123883692,0.09090538030381823,0.07501739671281682,0.22247260818160353,0.03293123059610667,0.09221442818199233,0.01975149033949896,0.29032986424127394,0.0065373452130605735,-0.14298671766178028,0.004360655518032588,0.42708657917188564
wsj,wsj_0768,1024,0.6616915422885572,0.48263976262512426,-0.02811769260055197,0.24632389509375166,-0.017945949122437854,0.12634218817838763,0.00398039238917125,0.05919942820054806,-0.04559709588376348,0.04426522563609127,0.37812329767950903,0.017569001723623037,0.21416965717029335,0.009782265607048314,0.3049028351309859,0.010617715503928222,1.2096590747783704
wsj,wsj_0771,1024,0.5671641791044776,0.490140589531795,-0.020314798684368474,0.2540165398750676,0.01768275410148279,0.1267621932074594,0.018439675495287133,0.06891888072776103,0.1482021217350291,0.03460389624982614,0.10430431150032904,0.007218481611858077,-0.6992652539101814,0.007622539306659333,0.062100382472550564,0.001720596960617069,-0.5611868045535067
wsj,wsj_0776,1024,0.582089552238806,0.4769415119565199,-0.04635843258674466,0.2520926524618594,0.015316132554105577,0.12673382544515394,0.022390435079782556,0.08149803953555207,0.25611619659160434,0.026571966995559804,-0.11730283047692103,0.018182991681219778,0.1925675729544487,0.004894153734077282,-0.34237852912850286,0.007161221235298651,0.8377442613885693
wsj,wsj_0779,1024,0.38308457711442784,0.4994540693552913,-0.0018414802058628332,0.23481649195591647,-0.05698452154580447,0.13951319780213658,0.12186808213693023,0.051125829045294634,-0.18721611425088147,0.03769042124105358,0.20617475390625684,0.009821625400349865,-0.4184828295982008,0.017122365810550336,0.9383240949320255,0.0022098408544382313,-0.37830621356168415
wsj,wsj_0781,1024,0.07462686567164178,0.48831768661365765,-0.02334363020262542,0.2890707907295761,0.14999111677306232,0.10665012152800166,-0.14635111172987392,0.06285305819958234,0.01508680649837535,0.01385652896521004,-0.8036164981016243,0.01587308585951928,0.05434250370650062,0.008646814567644589,0.2793857099995112,0.005352200704598643,0.6748288255987145
wsj,wsj_0788,1024,0.8855721393034826,0.48698017545270605,-0.02498636228231743,0.2680455129086886,0.07247837251180611,0.12485990747397163,-0.0006577455136507204,0.059462387328533636,-0.04625453468983354,0.026364971073525728,-0.12770024211648456,0.021727288796744196,0.4248770141309679,0.005768295177362009,-0.1319612425385186,0.005278839163907544,0.5593351121469938
wsj,wsj_0790,1024,0.2885572139303483,0.48756251669699113,-0.022006942675808494,0.24226760023445887,-0.03333104843781709,0.12312367031746506,-0.021361932285289154,0.040056109445350506,-0.4098084607629864,0.03631292338213665,0.19656299448027958,0.01596484962433883,0.10776858610128315,0.01142767936796912,0.4848079249733006,0.012760555983481608,1.3248864817572015
wsj,wsj_0799,1024,0.6716417910447762,0.5037114432226194,0.010226570170001392,0.2685884953441908,0.07490085988137385,0.11667667887698949,-0.06887733782978511,0.05636310011464283,-0.09181215702685774,0.01909104885280886,-0.44997692728450334,0.019943428879188152,0.29141882754753556,0.010552359889365861,0.4275263874145754,0.0020387135112568578,-0.3089490826989394
wsj,wsj_0800,1024,0.38308457711442784,0.46529224113457845,-0.06624786132030036,0.2515655788294673,0.009092903926557705,0.14206227327559345,0.12950596483362098,0.08396177479578171,0.28556631577652514,0.028309235818482804,-0.057232191241872954,0.019914484617198615,0.2620602280633211,0.0035741563943853215,-0.639813957510385,0.00357085801975967,0.22998226612092232
wsj,wsj_0814,1024,0.13432835820895522,0.5423406669902875,0.08457367831933726,0.22231735814451165,-0.11165833348901755,0.10917475278301628,-0.14292586161292808,0.07075430785410017,0.13885797748360318,0.026404890789490536,-0.13124715656703678,0.007552821066201608,-0.6760908542443991,0.008640508828264885,0.22421222616317582,0.007078202227801188,0.8983304638814591
wsj,wsj_0818,1024,0.04477611940298507,0.5207766326737089,0.03810560644885541,0.19606861442646756,-0.23366416068592666,0.1339265745294846,0.07563944685518864,0.05823540056031475,-0.07823657760525826,0.029716713963970597,-0.00017087722976816266,0.027294465650417984,0.6539468177376806,0.010944973587362057,0.5020362372127298,0.012500870596010016,1.417786877735435
wsj,wsj_0819,1024,0.08955223880597014,0.5268825640519248,0.05321994695899046,0.2461219559601024,-0.016072525391506387,0.09134880990443184,-0.30601036830967354,0.06461300916862632,0.0606632499191857,0.025054860271833724,-0.19861639208942927,0.013020239941115421,-0.08941758324322091,0.008168372100558702,0.17764737381750084,0.01885183366931842,1.8314444791379878
wsj,wsj_0909,1024,0.3283582089552239,0.503707421742141,0.006544775150587379,0.2711769162394402,0.08267079809462818,0.10296234904213401,-0.18169106421971204,0.05621612239891732,-0.09381262678671876,0.022943116223099684,-0.2643367414195521,0.024478861866194537,0.5353616223537325,0.011277666803151412,0.5064147433361237,0.0010993584513365865,-1.0361809098770394
wsj,wsj_0922,1024,0.024875621890547265,0.4384909841170754,-0.12949270179590722,0.25322915658250067,0.013751134947826316,0.13588268684485177,0.09671195930627152,0.06795724044274537,0.08867601281033766,0.04027970379399334,0.29965227982197096,0.03706032178717195,0.8704415031407349,0.011966242296626682,0.5492130477731747,0.01053590975021235,1.3407131255915505
wsj,wsj_0936,1024,0.35323383084577115,0.4783519419642246,-0.04370856813061397,0.24063901743314117,-0.033699588227787514,0.11918389082120798,-0.044873497257837514,0.07996766563385414,0.26354472827307474,0.03627887164928352,0.15429956826027347,0.023479119041412914,0.5109239476880472,0.01204155514791198,0.577667478618098,0.0015126324282357794,-0.7086180825106414
wsj,wsj_0937,1024,0.48756218905472637,0.49742982312633155,-0.005373419091841081,0.2254671604287411,-0.09928978525948429,0.13768656026328865,0.11457307034328434,0.0626922254272862,0.020476485433634117,0.03890055991644946,0.25219786473205863,0.012190597668456723,-0.20916589483547732,0.0035462951358782094,-0.6690333092233889,0.010341744839674873,1.1222696963106022
wsj,wsj_0944,1024,0.22388059701492538,0.48337570197852586,-0.02803521949768939,0.2534712091604028,0.0010585547598012113,0.11665757358593162,-0.06151044542766204,0.049307987607776764,-0.20872461894429772,0.035406747449199215,0.1568855964231597,0.020409257493981085,0.3529145164895331,0.018190021190983185,0.9778979521314382,0.01453158734917671,1.5578971865194164
wsj,wsj_0955,1024,0.19402985074626866,0.47727881696442376,-0.04740818478097175,0.23535719553349727,-0.05080720520658111,0.12882010459911214,0.03113245393998021,0.060577005766851315,-0.015478644497020078,0.05248239727392594,0.5615878074142175,0.031103034356401472,0.7230576048889774,0.010529965448521507,0.41342732881630173,0.0027599490013178922,-0.10150140633840987
wsj,wsj_0956,1024,0.2835820895522388,0.5202477200633738,0.03296095101745533,0.23075300065544357,-0.06881661737708966,0.0978768754551574,-0.2260923818591154,0.07326078931923866,0.1729590240632537,0.031064509591428563,0.023587725369223822,0.022221861808448637,0.4059282843696961,0.0156684395867101,0.8184970584211992,0.0019061172136964003,-0.5051549801066457
wsj,wsj_0966,1024,0.2935323383084577,0.46316118152409025,-0.07447826192483042,0.27180649017379177,0.08545192871218843,0.13706255265930986,0.10066317960296423,0.04750684834335576,-0.2723633191419079,0.028659663980731487,-0.04131252416830167,0.016883555350916367,0.12854441212463374,0.01213516827583045,0.5667589736909244,0.0063612738605806265,0.7039162896804134
wsj,wsj_0972,1024,0.845771144278607,0.5097127796745439,0.01665225465297082,0.24235370924223187,-0.028458936927454825,0.11648299921999257,-0.0572129324848234,0.06575789886102539,0.07498892573510751,0.0290004959540163,-0.03684033201622805,0.01411324730505841,-0.044124946713856694,0.01583591357419743,0.8722126342653986,0.005685255844133596,0.6045489416203296
wsj,wsj_0975,1024,0.14427860696517414,0.46818774123932044,-0.06591014806943885,0.23591365063902042,-0.04935523467766778,0.14087213053374487,0.11981767365406681,0.054787128787780574,-0.12042458007648049,0.03847431546570712,0.2578955885077181,0.025894039732339755,0.5640148182093068,0.018783988040407904,0.9343852296636808,0.000840758304943197,-1.21228981408278
wsj,wsj_0976,1024,0.004975124378109453,0.4635264092281559,-0.07759452922996346,0.19967316136544344,-0.22042768193551643,0.09334634300178217,-0.2840958184089124,0.07385467799956735,0.19519722232675374,0.10869696419190165,1.293998819047962,0.03598593723024402,0.8625436575025383,0.017777851144710376,0.9409945255287502,0.00417270990234188,0.33934394827010106
wsj,wsj_0983,1024,0.07960199004975124,0.47650686697691347,-0.04950570903249807,0.2425994421395959,-0.02768421328886128,0.1407432739324082,0.1273763182922767,0.0884643095070012,0.3559067711370938,0.022967418278598863,-0.2508145325250344,0.01977513248516482,0.2969498713548693,0.0014092819299055593,-1.4547934118632915,0.004845428048101321,0.4912781870385752
wsj,wsj_0984,1024,0.43781094527363185,0.5076032349467609,0.01802772046130785,0.233496845094254,-0.07176293357050656,0.12570165647178172,0.004510600920072605,0.059198934012236484,-0.0351454057828704,0.02667835209734403,-0.11050997238943205,0.015626174508599905,0.10779609622594588,0.021423955440865203,1.1317678100245234,0.0018030395324782297,-0.5402389470711517
wsj,wsj_0989,1024,0.6467661691542289,0.49450460567077115,-0.00858074874357484,0.252627415385255,0.013025114847764252,0.12148988532085457,-0.030617463264368983,0.06602085511016581,0.07010279782851558,0.025965619644520304,-0.14624633536090803,0.010245861752672236,-0.32098454074206106,0.018235142163189253,0.9003135677643321,0.007274678134426853,0.8920627959580774
wsj,wsj_0990,1024,0.1791044776119403,0.45060176968163856,-0.10663322003845088,0.2633277840908562,0.062007145723557366,0.12824421144350395,0.027854333488439575,0.08209184561122856,0.29218710182727525,0.028736453186856376,-0.06017876421978885,0.02216596367446373,0.39574200510104607,0.01203161622099777,0.6168325154039218,0.0028703556786017726,-0.05173846112668645
wsj,wsj_0994,1024,0.07462686567164178,0.5380117101924384,0.07888410723077943,0.1985933908171238,-0.23486374187372516,0.13427830218998643,0.08469411512383251,0.07099075818856511,0.13338134871126162,0.025432567170947256,-0.1979354118259642,0.009511900425694851,-0.409520383646373,0.01070235328305869,0.429124541706873,0.002416626126857743,-0.21263152272292984
wsj,wsj_0996,1024,0.004975124378109453,0.3920403569912434,-0.24492066482286945,0.23372730675231454,-0.062372492782683864,0.11281007211059048,-0.09782358731160823,0.05020129515892856,-0.20886958443729764,0.028675491079292424,-0.017939577777148497,0.02663098129981946,0.5987230194912918,0.02667036107752106,1.3723728470126617,0.014460062551220672,1.5575650342969656
wsj,wsj_0998,1024,0.32338308457711445,0.46755958220048643,-0.06692474957314853,0.2591624795878218,0.04287933469028338,0.12731174064728173,0.028485696942099903,0.09256750471338251,0.39680112216662566,0.02974712441711218,-0.01512082208234089,0.00982227491117237,-0.41755394556867653,0.005023090558880608,-0.29703983053477767,0.0023136981080749052,-0.25102797445354685
wsj,wsj_0999,1024,0.0945273631840796,0.4674166195265309,-0.06158033544758157,0.22741956261381568,-0.10153316278832025,0.14575905156654717,0.16167281422071134,0.0581421434559975,-0.06376659827840747,0.0455686151026469,0.42847377655453966,0.019143678262838075,0.24102749675471635,0.019304747459802277,1.0465154344944256,0.006342731782762057,0.8193270849302925
wsj,wsj_1001,1024,0.004975124378109453,0.44559607286187763,-0.11580064118588851,0.19956222393700546,-0.22261260228879465,0.13172018147858697,0.06653856379180789,0.06575443624377653,0.06426242988614339,0.051691885320219004,0.528225192985817,0.030682059728320773,0.7585785411876582,0.014086504165747662,0.7131245847039613,0.011525599918972255,1.3441786632692514
wsj,wsj_1002,1024,0.582089552238806,0.5027127417234852,0.004757241019976655,0.21625799165365217,-0.13814020421488826,0.13880446705996238,0.1182817566466321,0.06145104732634784,0.0012739176072305014,0.037911962017698725,0.18190808270172054,0.020004126012968002,0.31413778373605705,0.005177991151600333,-0.2742457504248712,0.005614900371553074,0.628749206875507
wsj,wsj_1003,1024,0.05472636815920398,0.4485367259408673,-0.1057208848435025,0.2597326533829501,0.0404306573162152,0.11590866731695018,-0.06968997868430504,0.06036629961389079,-0.03160959265689289,0.043128655846213185,0.3715888084364747,0.02651153501765962,0.6007490517729321,0.019949069650822587,1.0118379839987348,0.012376618129946153,1.3649039381578385
wsj,wsj_1010,1024,0.15920398009950248,0.487291681711279,-0.025246856638078796,0.25051996888070505,0.009127375366979384,0.09337830295055441,-0.2884217749155482,0.0852946368345941,0.3126007755788467,0.04202532721541304,0.34144656946949237,0.018158581939217388,0.2418400780449872,0.007171993003949285,0.02937659884915611,0.004069103954330055,0.2989372421477654
wsj,wsj_1015,1024,0.12437810945273632,0.5521586165514697,0.09872286416024179,0.22235278512186468,-0.11657702166325734,0.10675816954582937,-0.15497628074124625,0.04633283453447638,-0.2713898170700375,0.028713430840458923,-0.04716337681867744,0.01623731265765991,0.09978557358824336,0.01772868327006514,1.00674110966244,0.002864415238965653,-0.005542162284133845
wsj,wsj_1017,1024,0.39303482587064675,0.5210384060984747,0.038441929381639595,0.22663367303990797,-0.09202587778730753,0.11020019559065902,-0.11069945208020249,0.06250241840301608,0.03016856188074435,0.04733603727991415,0.41983043069095105,0.021254005506541246,0.4001571544294116,0.004536024539396254,-0.4326303792306101,0.002926268363245653,-0.09441781283250883
wsj,wsj_1022,1024,0.009950248756218905,0.45544889408819267,-0.0967865339267191,0.2174434212076068,-0.13526999499746095,0.128463485469425,0.03620636698465596,0.0704380760659459,0.13170789165369712,0.06358315251952676,0.7960118581701123,0.02308649740226517,0.46415266786366294,0.02829396958228442,1.3945814535287795,0.007465635542133109,0.9395457394431661
wsj,wsj_1026,1024,0.30845771144278605,0.4720657110808601,-0.05219993857629002,0.23465356619339428,-0.05705548217732348,0.13071050252635064,0.03796040327540329,0.06692139043324932,0.073513128635188,0.024539503431434108,-0.19948303888797758,0.03411009356726272,0.8159042193908292,0.013528433560103248,0.6392708530469351,0.005744289759374466,0.6345510058241501
wsj,wsj_1036,1024,0.0845771144278607,0.48947829445054514,-0.01834337549941445,0.22240581839457713,-0.13065322651169575,0.12434293910281766,0.021680108511872298,0.04602532266484148,-0.3000780060034298,0.03518664971105194,0.18023249748812953,0.022340641853546582,0.4692400083166759,0.018366691827295646,0.9638309133199696,0.015077484151706072,1.634002270569006
wsj,wsj_1037,1024,0.20398009950248755,0.49864297304753413,-0.005831704605325783,0.21853024756483325,-0.13648461024268443,0.1599941398382966,0.2584315797626342,0.06617910448148825,0.08937234976154818,0.0310901700964016,0.03218624746161236,0.016062541075523833,0.15026783635337182,0.004507216082178567,-0.417136055278867,0.0013548877227655288,-0.7614089497299981
wsj,wsj_1052,1024,0.746268656716418,0.5126936385842544,0.02579623212643467,0.2537812165284972,0.01620743134518743,0.11336590010979658,-0.08787976408805376,0.061234356779293606,-0.007054159429890738,0.033950728140921524,0.11800092025171116,0.015047155164636578,0.028372785794505972,0.003218265683961601,-0.7793022333735449,0.005692018064323765,0.7207228958257819
wsj,wsj_1057,1024,0.3034825870646766,0.5036956238135571,0.0055516705344060835,0.23078165975557957,-0.06810286466236515,0.14211328576307267,0.14031541224699495,0.05455566585404012,-0.1421685566235582,0.034123100805284294,0.13306654552606956,0.02677591172512757,0.5882542612713482,0.0026839314947941194,-0.9839300796875268,0.004334382395613252,0.37524544215169797
wsj,wsj_1058,1024,0.29850746268656714,0.46248095079058044,-0.08098059068730501,0.2806372884561746,0.11884513633525495,0.13520602774613344,0.09768142508067701,0.05446403041016893,-0.1321847412839814,0.031171985788642054,0.0329091583693879,0.014198317331584932,0.007325084780058333,0.012590077294039713,0.627769498951273,0.007852151512787812,0.8805534975634517
wsj,wsj_1059,1024,0.1791044776119403,0.447753602735545,-0.11217557560142488,0.2795800765111868,0.11701396262378139,0.12850217297345043,0.028022660513391084,0.058521300114371115,-0.023798955737346805,0.04519375709175269,0.3905438913531176,0.019817389862918575,0.30169120117442505,0.004854564001884126,-0.3494880146007002,0.006344224921529916,0.9276058920358592
wsj,wsj_1065,1024,0.014925373134328358,0.4438222533513156,-0.11604210926869585,0.22085319761279473,-0.11164031741020075,0.1320611661723183,0.0403628187013938,0.07108221278170365,0.13947245337478176,0.03472666769174512,0.12276130072233604,0.025865451948503586,0.5595564235933956,0.031944288593106274,1.553579938219075,0.006630351888135672,0.6674438897440567
wsj,wsj_1094,1024,0.23880597014925373,0.499974577444715,0.00459996629319992,0.2630374375377683,0.049824687833484926,0.12463028741662907,-0.003301177497865293,0.0363249876890044,-0.5331482685555109,0.03695324646335391,0.22706828030436066,0.016500085925697357,0.1067948091195916,0.006889508409020424,-0.04106408733906797,0.003845887752755287,0.27933303830952383
wsj,wsj_1099,1024,0.014925373134328358,0.4860999998104084,-0.022453000960380054,0.24586777002909047,-0.023976247988982013,0.1631767703649662,0.27004324309869543,0.06825287293579252,0.1171708720485043,0.013371723799335225,-0.8238083126290965,0.00957778502651889,-0.46194007341658416,0.006035723466781508,-0.10891126039804266,0.004558248218337672,0.4264987872038901
wsj,wsj_1105,1024,0.32338308457711445,0.4635097835704507,-0.07430359329860436,0.2682620583998665,0.08220043521451137,0.12978457190782583,0.01956788096531792,0.0729540333126075,0.16815776145938477,0.03449812802510343,0.11515136520345148,0.007410741764452882,-0.6245864372191292,0.007304025830392483,0.07813624830050703,0.004540062319732159,0.4034093024478995
wsj,wsj_1120,1024,0.21393034825870647,0.4907290915696391,-0.013243228229711135,0.22573473563436375,-0.10472130601290774,0.1551025508055637,0.21212292041598046,0.06497661895950389,0.04446743582890322,0.03217328279307304,0.07750893631853062,0.008037953298996165,-0.628463739748196,0.00907412436031832,0.30460980047109487,0.007090514689787329,0.8839794325451615
wsj,wsj_1121,1024,0.5671641791044776,0.4801297132116906,-0.037074834700207004,0.2878296252340908,0.1437922816883288,0.11702096438216285,-0.06040763179932229,0.058163820365984886,-0.06277248083012577,0.02715899843240299,-0.1422742225622624,0.014177869055181525,-0.020121191635436908,0.003222246550750563,-0.708171352066695,0.003487632074494582,0.18641529028284864
wsj,wsj_1122,1024,0.06467661691542288,0.4413758528683538,-0.12325192059150991,0.26181427585173883,0.052128931757126074,0.13241958014244293,0.06473389230244786,0.06677114025277711,0.07379314549013438,0.045598334980155954,0.38015227800784057,0.021566278774126892,0.3932944501660529,0.013390913912894462,0.6551386519502822,0.014957102881348048,1.6053603451252103
wsj,wsj_1128,1024,0.9552238805970149,0.4957105555963154,-0.004392372383703491,0.2562397778642662,0.024467267615382537,0.1227887541801512,-0.022237721321225035,0.07514325936076473,0.19282356665765388,0.028897760712869775,-0.02910665916797406,0.011074753899817453,-0.28675339882724504,0.006748213118169915,0.00949808584672418,0.0015579014723572722,-0.539773964922027
wsj,wsj_1131,1024,0.10945273631840796,0.54779149970961,0.09264221410349527,0.21277241745840236,-0.15464431381770094,0.1251517917853937,-0.004845758656994548,0.0552681084036631,-0.10317222390804082,0.029689876648973282,-0.03023124427964019,0.010325659406681661,-0.3530139892138795,0.0022244123672905233,-1.1157777775706519,0.006180074101598097,0.7442887268433669
wsj,wsj_1137,1024,0.08955223880597014,0.4561220831598296,-0.09372579337246456,0.2899722703160895,0.15736421262941502,0.1406622510311455,0.12489833928054672,0.07360133900595749,0.18757450818818677,0.020436786437781584,-0.3996112117255546,0.0107691853877949,-0.321730849417178,0.005210738156264972,-0.25948257030563937,0.0012614343832834114,-0.8931112844735196
wsj,wsj_1142,1024,0.1791044776119403,0.5217105675887808,0.03699859062631072,0.22787552536192357,-0.07573630789339858,0.1079565281103288,-0.13875410807879707,0.05651117998850025,-0.10263655166408547,0.049220265307383555,0.5085261798808323,0.011462883539450013,-0.24423819649072076,0.014850419581657616,0.7459183891030277,0.008800251600922192,1.0308769815271663
wsj,wsj_1143,1024,0.04975124378109453,0.4789956259860107,-0.04317096514936447,0.212874944595019,-0.15817588783709358,0.12856540138822684,0.041260988850190916,0.07370375400545237,0.1899088352044962,0.05801816944630189,0.6557181037115098,0.019691401382309175,0.2456743575633773,0.011831070567808714,0.5163641300731143,0.01327490734652682,1.5379571258883216
wsj,wsj_1146,1024,0.16417910447761194,0.5380703048280333,0.07082604385277536,0.2111345390530993,-0.16350937455085734,0.11428500563810118,-0.07078243336271894,0.06240020843594815,0.0032265025737330255,0.024476101771551864,-0.19982304791174288,0.031068270381249288,0.7574033625474117,0.004615724429645481,-0.37198179565930367,0.005992317271522341,0.6860623718223353
wsj,wsj_1147,1024,0.417910447761194,0.5051462048717944,0.006734624117732069,0.2398804569078214,-0.034260251929630225,0.10392480235792244,-0.1769815431096493,0.08592847844275413,0.35823244319582237,0.0239272012101037,-0.2364569155454106,0.016618089561211642,0.09854318825945985,0.00652220730679347,-0.011225953068185746,0.0068603560829237995,0.7195859179427444
wsj,wsj_1154,1024,0.43283582089552236,0.4673872391022903,-0.0677439264052081,0.24494668367076214,-0.010675441054144086,0.1360447584506584,0.08527686313905924,0.07178194610572575,0.15116845393990364,0.0372230970541118,0.19160952188395797,0.027274256772101324,0.6024555823413595,0.005823010591622638,-0.12869710578136306,0.006726018110768154,0.905545905529757
wsj,wsj_1157,1024,0.03980099502487562,0.45523399759514444,-0.09452338177423814,0.2784986635680357,0.12237191333696673,0.10759512111201822,-0.16206243505040696,0.06740880919002484,0.08647188441470233,0.04000717086989987,0.29052204266686665,0.034508119254413924,0.8680997639089392,0.0067138858938470556,-0.028122321036293307,0.0040391997483749855,0.3504540831157321
wsj,wsj_1158,1024,0.01990049751243781,0.44343280447116995,-0.12069075788381922,0.2691725110538131,0.07593369938902872,0.15919940442741032,0.2697736595143341,0.05324481485732348,-0.17095644662076115,0.021843095714131275,-0.33164625433501715,0.028565536076540915,0.6971788344398644,0.012849205401352214,0.6408910443470894,0.0009938923508101033,-1.1716418757097102
wsj,wsj_1161,1024,0.004975124378109453,0.4372578376997396,-0.13756374292350304,0.23025602693702227,-0.07523952720629423,0.14378690909573633,0.146659830293961,0.06764247804917982,0.10893319663192402,0.03118021826906263,0.027130517617956595,0.045072533892935016,1.104962010850274,0.011771176141783584,0.5599815317052368,0.006610301077871256,0.778650997197067
wsj,wsj_1162,1024,0.1890547263681592,0.4761965230313341,-0.050073659968171924,0.2904165019659275,0.15755609771737022,0.12681419132600055,0.027253136209802076,0.05869786638108469,-0.06941397605844868,0.027823118421801962,-0.09670105751784863,0.009922871182654964,-0.3679745003001189,0.005338571373836371,-0.2203459724048651,0.0006207799320456788,-1.4817643075589473
wsj,wsj_1163,1024,0.38308457711442784,0.5052374717688977,0.010488271714093833,0.22932493011567978,-0.08663547150028483,0.10911847600758032,-0.12103907980354256,0.07888031952000786,0.24091078509670494,0.033568723795711,0.13226845470680226,0.02591172883872574,0.5409384854495829,0.009789291096007905,0.37252219850338086,0.007086416657941614,0.8440299939069531
wsj,wsj_1171,1024,0.8756218905472637,0.48287427343946765,-0.037355661734315704,0.2695914009478374,0.08714892359253956,0.11695236538647974,-0.0633232197330531,0.07025364199961166,0.11982379451726022,0.03217380325200683,0.08524049781761533,0.015818825209674207,0.09528357130851184,0.0064928907658993555,-0.07814261315939941,0.0014621437778805368,-0.7363054394583113
wsj,wsj_1187,1024,0.2537313432835821,0.5450938266864278,0.08508962004837706,0.22955504929153642,-0.0866450394575966,0.09840651309797599,-0.22759779644724443,0.06362639542690338,0.05134308746303651,0.02589200036439237,-0.1337016941846203,0.0161617813359628,0.10426515720561902,0.004523921263434291,-0.46674210218280887,0.005622614545758192,0.6030798217503044
wsj,wsj_1192,1024,0.4577114427860697,0.47133886934620195,-0.05951682821704307,0.2548055291646789,0.023616784056021523,0.10401083613317255,-0.17983759784284414,0.07295783772991792,0.16049980277317966,0.032590529563364,0.08429892353286839,0.020694191227372004,0.34237192298378893,0.008308088927680061,0.22638355204052285,0.007303625912707766,0.9395224849057611
wsj,wsj_1201,1024,0.43781094527363185,0.46067789522344005,-0.07998483607199014,0.2478045756145723,-0.011382443359433836,0.14635303352918055,0.1617555760338365,0.07152986921855936,0.1633390183531609,0.038326867211725874,0.26031033216241406,0.0206541904912576,0.32915191893265305,0.0052298498052493845,-0.2527876455959941,0.0036379333814512502,0.22639901391972295
wsj,wsj_1203,1024,0.7263681592039801,0.48906284988996684,-0.018661489900611672,0.24252175581085014,-0.027627412475771163,0.1269711816021331,0.015054080403233971,0.07100488675040886,0.1373755221618742,0.032567056497418284,0.09286063256921873,0.01218085211881993,-0.21492337208875334,0.009833268024944403,0.28487328966069647,0.0006490457887115212,-1.4601368844114555
wsj,wsj_1206,1024,0.6318407960199005,0.5064961890208065,0.009669191743789995,0.2622824384114101,0.05487049074782324,0.11281911252448891,-0.0887396255788504,0.04849818507997015,-0.24600724354830605,0.038261456292056184,0.24810671458509814,0.018344634764808167,0.1968305356022837,0.009775533347418288,0.3269385917452796,0.001655991530897418,-0.5377786015950567
wsj,wsj_1208,1024,0.2537313432835821,0.505528390828924,0.012790550983559856,0.23811323031107676,-0.050996727507182094,0.11076128697412127,-0.10640677906109808,0.06043961199248517,-0.018220732546831542,0.04282668263811054,0.36241070270829834,0.007835767279422728,-0.6438242525883506,0.021012362403482022,1.1232760750109696,0.0026239871780792167,-0.08219750935436121
wsj,wsj_1213,1024,0.6467661691542289,0.47418923875901225,-0.054236058275742516,0.252777258725673,0.014771728497078973,0.14049363197750728,0.12649996915321582,0.05061303526948091,-0.18065474762704836,0.03945673615226532,0.2590380966050656,0.01987578529130246,0.29773009451288646,0.009928474796168974,0.35556737432400176,0.004475009812882056,0.3905641210069595
wsj,wsj_1218,1024,0.6965174129353234,0.5277335150601195,0.054718752339452115,0.22433180823173637,-0.10191173929292696,0.12815496322915532,0.02867054257224222,0.06569185800925471,0.0639394117647174,0.022203601676684823,-0.3166807036539665,0.013442615797864852,-0.09881652707576283,0.00820478894661997,0.17959771718178796,0.003010782143658366,0.022725445434141456
wsj,wsj_1249,1024,0.681592039800995,0.49061634898320183,-0.019870446129781616,0.24460771519060176,-0.01580431292781581,0.12012709699004394,-0.03780054665817012,0.05418390232233587,-0.12598672445514358,0.03304233182276939,0.1075054822495689,0.02714880957832557,0.6530103107624678,0.010977745100326236,0.5002859653015514,0.006119411171643421,0.7666507332784427
wsj,wsj_1250,1024,0.5223880597014925,0.47589510173521743,-0.049801105704079585,0.2646906393719238,0.057888133309964784,0.10554304331280964,-0.1700287988174627,0.061153271903516306,0.017791988533298664,0.0460797242824514,0.4299344008222161,0.016595855928498805,0.14604686306492898,0.0061176750894105965,-0.12067803687701772,0.004620253981525237,0.5457855499063582
wsj,wsj_1267,1024,0.24875621890547264,0.46715646221800144,-0.06176544690734198,0.24383421760297191,-0.0309384839008382,0.14007740085236017,0.1115335832056672,0.05595273894154889,-0.08994954333247263,0.028750857266968567,-0.0521655375646537,0.029645213962922728,0.7216527826872081,0.01642363606833175,0.9087094800887936,0.0049797921615936415,0.5224611701666069
wsj,wsj_1269,1024,0.5422885572139303,0.47151286840557527,-0.05848839855265531,0.25346016306650754,0.017976865524000463,0.13909048492953008,0.11346550432508762,0.06624930421089983,0.0761941513920541,0.03613083593251049,0.1613787200290666,0.015531538450930665,0.028227879680349233,0.012589059195975045,0.620239186815934,0.000986544173693258,-1.0548635515197837
wsj,wsj_1270,1024,0.9203980099502488,0.497191846263499,0.0007466087647578501,0.24641604352406316,-0.016266589815888688,0.11230106663621262,-0.10453826434976943,0.06847722546590512,0.08552356350898371,0.03249402599373488,0.06590594758298973,0.02045217711157655,0.3477340026429898,0.009693642272441775,0.3875149357761929,0.005387949161424783,0.5913728474664426
wsj,wsj_1272,1024,0.1691542288557214,0.4693689990667626,-0.06357821185868273,0.255774603829746,0.02799432349532882,0.12318447012164797,-0.008397380501933505,0.07512336827999863,0.21006881196851745,0.04600253047396734,0.41166610556909067,0.007188177669542492,-0.7477250873405028,0.011069802366150282,0.48849669528813067,0.006691441652971139,0.8020291862838054
wsj,wsj_1273,1024,0.07462686567164178,0.4850963929805261,-0.03404876335386908,0.22533347148780025,-0.09178043521326584,0.14616544231253048,0.15889409809400634,0.06475907591774015,0.06584780231265164,0.05131446525926537,0.5141644085908759,0.0061585884309338975,-0.8848577643717235,0.004363730727896376,-0.40589079655059734,0.001939132727140799,-0.4188035146940079
wsj,wsj_1274,1024,0.7114427860696517,0.49104971884051685,-0.015597027184983792,0.2386650279730394,-0.04766567203591454,0.12589691924608254,0.014127483393666651,0.05304235330954026,-0.13209440583957166,0.040441796531520566,0.27149676673387013,0.021458337966524837,0.37746960233499083,0.014772241148738777,0.7468378613857638,0.0027823243952678853,-0.11242731646650128
wsj,wsj_1284,1024,0.6119402985074627,0.4949251514425542,-0.008798016191676306,0.2385574804579007,-0.04304290666247801,0.1240995831062413,0.009350937058546283,0.061086981345361155,-0.014797670347892034,0.03309342596201076,0.080401750707213,0.015989200923755654,0.0411304718696055,0.023926516919597518,1.2311011172048856,0.0015627268723676442,-0.5575163918416015
wsj,wsj_1285,1024,0.48756218905472637,0.519623982921392,0.041671687779519684,0.24469994824567573,-0.0241898805026175,0.1000005757645456,-0.2157127452922718,0.07067462218214629,0.14580173715830247,0.03287533556563485,0.07215475198769417,0.008815605480882609,-0.5013426367941944,0.011188939425482335,0.5093447235906643,0.003086769839528229,0.09455430773475637
wsj,wsj_1286,1024,0.6417910447761194,0.4688549655371403,-0.06388167416181767,0.25834914787030516,0.04216358758850003,0.14005237658807482,0.11411293612224926,0.059980452867963566,-0.029851911144981536,0.027771273814343345,-0.10520819981432217,0.020545200960845264,0.36183473617011463,0.010749997944728282,0.4092964366861205,0.004684240547934024,0.45750864740270103
wsj,wsj_1296,1024,0.25870646766169153,0.467849652836961,-0.0666920178319057,0.24275404484173693,-0.02752776489458464,0.1472393496254629,0.18204544232718178,0.06121525591896671,-0.007137477204743448,0.03498160611647944,0.15651690347870684,0.021514069592510152,0.31739813879593815,0.015644823580525106,0.8503199725862309,0.0007489326607585068,-1.3691050648814773
wsj,wsj_1302,1024,0.06965174129353234,0.4996373436183975,-0.0028020872099909777,0.24050474909463318,-0.040266786248837505,0.13400415483300365,0.07455482019705073,0.06751497607701772,0.12154147190107967,0.027491166585880824,-0.06546272216212534,0.0037663509977268633,-1.3450837596568768,0.012666278896345435,0.6137017667343088,0.005252451497582654,0.590318056305164
wsj,wsj_1303,1024,0.024875621890547265,0.43927486863188836,-0.12823959898714143,0.2547685405332295,0.023207548821510438,0.11537433744600106,-0.07091913157193641,0.09049717202252103,0.3956887836567975,0.04791669621156985,0.4218267768501889,0.02585211018479397,0.5229775782472132,0.005796349678472283,-0.10287256840950754,0.0050954676582224655,0.5879563091882183
wsj,wsj_1305,1024,0.9651741293532339,0.5048309701227187,0.010336147087935288,0.24540813456895616,-0.01747944842638871,0.1137631464229858,-0.08571610185299194,0.06948699756755303,0.12213092267634051,0.026594566998838717,-0.11906068668849246,0.01694898116243589,0.14384540241724686,0.006170972980155622,-0.10509542567530517,0.005297279058115442,0.5440093823418986
wsj,wsj_1311,1024,0.009950248756218905,0.48462574599138464,-0.027561061943596088,0.2335607669961801,-0.06555109289569172,0.09696692279466254,-0.2507708241468931,0.060254479220887364,-0.03447628309608364,0.025737536222284967,-0.15812116245937036,0.05112266074788818,1.2025339451484705,0.026160007586101167,1.3397973976292272,0.005238250924868774,0.5676038735029962
wsj,wsj_1312,1024,0.004975124378109453,0.4296971047052327,-0.143765896601164,0.20140397557926915,-0.2189687960556519,0.12224052026206342,-0.027140277757672138,0.05960452677313955,-0.03605391133704883,0.06567261038189848,0.7552258362810602,0.036829211365238854,0.9457326441202216,0.03477225652472477,1.6688314024312878,0.026035968971745344,2.098016860870058
wsj,wsj_1314,1024,0.009950248756218905,0.4820085753553348,-0.03778519171836203,0.2654182746996856,0.06454230470043121,0.08852582231401503,-0.3450803669144711,0.053418944216785766,-0.12813984345731777,0.03627534690554379,0.17570922734053918,0.02695875807008903,0.6525144093224404,0.026406450607616642,1.3147183477781574,0.01431137430792339,1.6065819319617063
wsj,wsj_1317,1024,0.08955223880597014,0.4461332434708759,-0.1137437104077389,0.25724777683736477,0.02226822747401669,0.1593238989423421,0.2638291654333458,0.0715753422953825,0.16012280660440936,0.026630337943316103,-0.11514719319507938,0.027438148489304964,0.5879797733218588,0.006130682548977357,-0.1280067294144427,0.0032421963207245282,0.14784044342315728
wsj,wsj_1320,1024,0.13432835820895522,0.48898260005303207,-0.020558968752172557,0.21559970988621685,-0.14970337371968845,0.12386402880107704,-0.009616571557983011,0.07681776362365256,0.2420574475046955,0.04029764783199077,0.306417811838434,0.028631696578259515,0.6429021130315178,0.016607737702730847,0.9588428432664085,0.004046629859170204,0.2714006370920039
wsj,wsj_1322,1024,0.19900497512437812,0.5003938881696789,0.003844001875126457,0.20964169063732424,-0.1738050977432224,0.13759270343247348,0.09415008887167975,0.06154285184548039,-0.002550906280606835,0.028167740813750588,-0.07340017169547997,0.02255570772286747,0.4328707551523574,0.01499662109021018,0.7852386174651116,0.010499329245161157,1.2098606971623393
wsj,wsj_1327,1024,0.845771144278607,0.4932555247343928,-0.013660782797544235,0.26091236782993776,0.051421774052506475,0.12372740355892471,-0.00285647324585403,0.07596555340913941,0.19974242444026213,0.02373969146242553,-0.2636623266743836,0.01186144184858505,-0.22632860613852213,0.005172576927475222,-0.27682492820289895,0.0029275523942976505,-0.03906918361445211
wsj,wsj_1328,1024,0.27860696517412936,0.45721456921172826,-0.08566546836425881,0.2547328429035751,0.020237468008133197,0.13945114074603443,0.11458074597272616,0.06829038929034029,0.09512058743669982,0.026191098734563812,-0.12835282408438964,0.028521912203587726,0.6488524466213215,0.01302163336452111,0.6721166862448769,0.0033773199058833,0.08932583413496342
wsj,wsj_1330,1024,0.16417910447761194,0.4561271409575085,-0.0883976228153297,0.26231866806232323,0.05034642199653416,0.13258619251083148,0.0593099739670353,0.06299456351425455,0.020150195540934224,0.030904692915603247,0.018234055950665518,0.023337293207946978,0.45804744006535625,0.014375791067163359,0.7482911775454255,0.016264208086827152,1.6767698016988577
wsj,wsj_1331,1024,0.10945273631840796,0.47884044682247107,-0.042420220954449084,0.24084000677481995,-0.028359999374370393,0.14663162257697843,0.15905041137629405,0.04362304369309323,-0.3613592186737882,0.052720074461114985,0.5452819459663942,0.017460571711707173,0.1999244320914606,0.009731209749921272,0.4060446729641045,0.003012311651611842,0.007001564899952406
wsj,wsj_1337,1024,0.08955223880597014,0.5411873827275903,0.08110369546303375,0.19334506203551938,-0.2514194015516349,0.11922868956706939,-0.04799341849148231,0.0700888726616435,0.12390579390516265,0.03420045902253778,0.14280092102291375,0.016712949364059725,0.1359275407575895,0.008077924152325307,0.08069304193967586,0.00811118349594559,1.007375675415311
wsj,wsj_1366,1024,0.25870646766169153,0.4420260417941996,-0.11640032899009412,0.2858343987076313,0.12779472071638054,0.12980962397186654,0.029941187690577298,0.06332507296443343,0.04077698031926147,0.03847037060172404,0.23625247981194608,0.013607985875709171,-0.0700577908992317,0.00702447154146688,0.0320338351213838,0.004062558365792286,0.32616144431347305
wsj,wsj_1367,1024,0.19402985074626866,0.47115642695068705,-0.059572697990012746,0.25942529730628927,0.03213967016678443,0.13933150253593515,0.12924238266231547,0.06604107891526603,0.0728422054735014,0.03810724981560304,0.2426816168940249,0.007187379293917466,-0.727545324934888,0.012840845256348932,0.6486050791054545,0.0012410404594108632,-0.8796855591901345
wsj,wsj_1368,1024,0.5472636815920398,0.4938021310394938,-0.010997474311252864,0.2702646828075299,0.0813120628924251,0.10626762633703796,-0.15146859653624434,0.06449368323778062,0.04158353037273743,0.03265856010588293,0.09161869515356091,0.021273471061563208,0.31427958203481277,0.0033520601470104884,-0.7522766123127722,0.001482962933931235,-0.6601959756843128
wsj,wsj_1375,1024,0.09950248756218906,0.4868051078190978,-0.026088255944548888,0.21914950048877863,-0.1273022063159377,0.10887343814362464,-0.13890844414714998,0.08612802094208782,0.3450091860226534,0.04411567759501908,0.37822667786401176,0.01791801613815458,0.18474667417162927,0.01968042056967064,1.0695988868991653,0.004016455408655023,0.32978190604874946
wsj,wsj_1376,1024,0.6915422885572139,0.480812861133837,-0.03678403506858918,0.24193861223293195,-0.03202237275927766,0.13529650964268217,0.07261121571543505,0.06411446686497327,0.039537751038305036,0.03625644526711738,0.21639231300226713,0.0193380109072036,0.2587593469334508,0.004360919172782425,-0.42727899523268853,0.00774342863946129,0.9473492382149447
wsj,wsj_1377,1024,0.34328358208955223,0.49460022994466435,-0.010330938320057492,0.244408436973217,-0.02371174634374751,0.10930322500330619,-0.12916628489862036,0.06226201977263976,0.008628295414720544,0.033789836487282135,0.11398432392353186,0.025048318654148312,0.6066976086958813,0.011988144155828188,0.5480567246531027,0.013507644313322211,1.5422656772258616
wsj,wsj_1387,1024,0.5223880597014925,0.4788170417756713,-0.04691859091989725,0.2806769553559395,0.12618668395466548,0.12007292796471364,-0.038222691275648035,0.05360523562535654,-0.12943713724809047,0.02973585661046091,-0.01947756926635691,0.013257434315732999,-0.08021314665198354,0.00983368378428232,0.37282360523004243,0.007924331196476867,0.9358199982777986
wsj,wsj_1388,1024,0.029850746268656716,0.4272618218721165,-0.15581634130923272,0.26444877898553354,0.05959463625314765,0.15347602413340483,0.21868084149178646,0.07653933778623438,0.20565753838558143,0.03448954028312959,0.11683198291808639,0.02014592779078439,0.31992030091438384,0.008825141765274734,0.20176188814641716,0.002271587418129648,-0.2943423434353498
wsj,wsj_1390,1024,0.04975124378109453,0.4292360665406403,-0.150715247352331,0.28262498927689916,0.11945565569031324,0.14544096417265165,0.17139325698103525,0.07896895697843814,0.23495034626694933,0.032619737013862796,0.06474174368648322,0.013722083289406297,-0.06731406847562305,0.00894495653380329,0.29910530537862723,0.0073097159693261225,0.9761314300166797
wsj,wsj_1394,1024,0.9353233830845771,0.5039853936825613,0.00831832521113729,0.26854239186031337,0.07412477330343448,0.10667798049753052,-0.1473418676637981,0.058742491000511335,-0.05866923815426173,0.03215451919995155,0.07506554408516308,0.015688134703545294,0.09435509082568228,0.009830417183011999,0.2776150876430945,0.0024530740825171485,-0.12152990688869902
wsj,wsj_1397,1024,0.48258706467661694,0.5002834044057256,-0.0023700693929276095,0.2234583553185906,-0.10476266697767644,0.1211936325787338,-0.026710109451761888,0.0692301595067438,0.12225321138605327,0.036124149622501156,0.18175211277621806,0.012414921787422964,-0.17222230913358683,0.0023325620759422844,-1.0423262022736797,0.004132017952535035,0.38641017850623705
wsj,wsj_1411,1024,0.13432835820895522,0.46767348436223266,-0.0657639509887622,0.2415490706729606,-0.031592275558693705,0.12256797893656458,-0.020973694142786936,0.08080016843643606,0.273408614291494,0.03072829615473925,0.02065805956742439,0.0224418111174468,0.4061913356210698,0.010012318104733218,0.38581860200747364,0.02103801902075836,2.0862603917943856
wsj,wsj_1424,1024,0.7114427860696517,0.5128955186281066,0.02765179444610355,0.24022805153649263,-0.03994060966939528,0.11681104031833678,-0.05262402839242064,0.057313501357356716,-0.08811938331677815,0.0228373469279434,-0.27960003964100943,0.028895321686715394,0.6739409790116317,0.007768518426330853,0.1573981354667353,0.002831266804852565,-0.058007573721394756
wsj,wsj_1432,1024,0.014925373134328358,0.4291592858511108,-0.15360724946936521,0.2576391755099722,0.043415239672143,0.17184432487971174,0.32376918276595434,0.0733999128445928,0.17578654031965213,0.03212247540357275,0.05064190892398335,0.017948485965013757,0.1399578374602335,0.007334489108677809,0.07034730041780879,0.003501934502314185,0.1322783323748098
wsj,wsj_1436,1024,0.18407960199004975,0.5280632177570073,0.05231875449562795,0.21719686758054757,-0.1325204288312245,0.14054784885541793,0.11926771432546479,0.049749344034365386,-0.20876244925013765,0.028778351222670973,-0.03351252750355371,0.010291783422007084,-0.33068650082134265,0.005971558558837213,-0.1595672545542648,0.01501460176580249,1.4665646633149487
wsj,wsj_1440,1024,0.5323383084577115,0.4882578390422515,-0.0267884333682058,0.2364626278178324,-0.050749507043013065,0.12562332921736635,0.022963104508558096,0.07164933967024081,0.1526218788973681,0.029586266884824748,-0.02348620556918446,0.021830848930992963,0.4168489527546386,0.00892710316453868,0.2624335601451051,0.014007915328054354,1.6301405626543541
wsj,wsj_1442,1024,0.6666666666666666,0.5380879612233507,0.07058347335483339,0.22629048698173912,-0.09377828974012159,0.10992740916098123,-0.12918079750355682,0.06033545528890727,0.004472825590057905,0.03276309176427197,0.0763097849139065,0.016181830624092466,0.10837273344219511,0.006936681412506443,0.03591941851170244,0.0032135400251157016,0.15978790875351034
wsj,wsj_1446,1024,0.6616915422885572,0.47284976240803256,-0.05326123937125471,0.2708622651833447,0.08126255952578054,0.1172117708377428,-0.06656935088002491,0.06103357139396234,-0.013036866710564698,0.0341970114740454,0.12176311966529019,0.01327549104872563,-0.042179068712510315,0.011585214287336967,0.5007457428803388,0.006477403516919002,0.8121623830755578
wsj,wsj_1450,1024,0.6218905472636815,0.49968224438670106,0.003281044904925312,0.2507727151425863,0.003006909030489835,0.1273115700157176,0.023275115554727055,0.06563317664292223,0.05003917169873073,0.0229162452422493,-0.27955475265067875,0.010540694072038236,-0.2941325898922882,0.017913110434517977,0.949420795511684,0.0036088566222252745,0.07619978356545509
wsj,wsj_1453,1024,0.3781094527363184,0.4891142379504086,-0.01933866352735203,0.27110586780095397,0.07681962251319185,0.11890891437405328,-0.041166741412975494,0.06403040876326577,0.03926739955730074,0.029701666833720546,-0.026939082475841758,0.008354049503818992,-0.5442664173928566,0.003758150419145053,-0.6278718958642884,0.01116051953422546,1.3250805016058447
wsj,wsj_1455,1024,0.3283582089552239,0.4864284769910262,-0.03280112726884943,0.28056257866848555,0.12379700358174639,0.12172856554858721,-0.022398276108020365,0.06001460047230968,-0.016201061096009273,0.025000721865182624,-0.1738191423809443,0.008496567814638405,-0.5546773872825375,0.013390996847100774,0.7273465654467657,0.0019060044904709893,-0.4311200549415144
wsj,wsj_1457,1024,0.009950248756218905,0.4272954622950626,-0.15852011467844251,0.27418090434430753,0.09315604612653505,0.134802355973545,0.08680381465022746,0.07656294825445219,0.22587636964783897,0.04363641524365959,0.3788470228949721,0.027493804140904333,0.643446612403165,0.01058703935883037,0.41024142956762955,0.0024017306934097787,-0.2258033249762983
wsj,wsj_1464,1024,0.11940298507462686,0.5281421699922275,0.061320366180583674,0.20643007410873498,-0.1967758329638507,0.13422796081756289,0.0709665703337623,0.06201153884190421,-0.011551105970495357,0.040559414484742005,0.30696015213337624,0.01111080515489119,-0.27135505850974617,0.003372122685291471,-0.6723262308634235,0.005752934764490853,0.760772076769177
wsj,wsj_1467,1024,0.5970149253731343,0.5146567413985352,0.03122381567719379,0.2291689120094976,-0.08718303973991381,0.12196089709250343,-0.017923375834518307,0.07254142406535187,0.16764001067439338,0.03383850007794514,0.10946389521275446,0.009278482290092087,-0.49444974261942676,0.00963245691662509,0.3458517472072806,0.005616000144822948,0.7176920935325688
wsj,wsj_1469,1024,0.3034825870646766,0.5007892876996847,0.0050745268250129705,0.2440195177945069,-0.02216348697602144,0.10320895441807479,-0.18847510387356037,0.05724496320521598,-0.0787131555110685,0.03953267393057025,0.24944431699579672,0.015865938467960028,0.060210910270448004,0.0032841097442842834,-0.7372048042087522,0.014852549682080446,1.5608093861840038
wsj,wsj_1470,1024,0.6965174129353234,0.5085427854157496,0.02191863014672668,0.2426408525630725,-0.024887495751630073,0.11169000618977497,-0.12395727152602243,0.05878459618399618,-0.05293525179381042,0.03547254270342043,0.1546787587317402,0.023688954420345652,0.5199077245305381,0.012725930726250882,0.6573941919517834,0.003037768938723782,-0.032296507954538534
wsj,wsj_1473,1024,0.004975124378109453,0.5272766617752882,0.051802891200742884,0.21387411192875808,-0.15875948535834938,0.10619553244735674,-0.14754457625486816,0.0899260826259746,0.3953641528135692,0.0350948615805149,0.1454675602534703,0.022136416747660002,0.41286933284123783,0.0010323990092622724,-1.8971526296826609,0.003477102951523811,0.16406968829534474
wsj,wsj_1474,1024,0.5124378109452736,0.49196990231065874,-0.02054900201090959,0.2719874837718005,0.09050036197488809,0.09602888525506648,-0.2450781523694281,0.06657154525420532,0.0793210837470486,0.03603208525903362,0.17558724047301322,0.01409176356424733,-0.047336084559812974,0.012588580051001488,0.5978208738156283,0.0029434620666906877,0.0763303258870982
wsj,wsj_1480,1024,0.09950248756218906,0.45723337414826704,-0.08764414872748372,0.28544115119469093,0.13773072926173358,0.1321653968706432,0.05548752506797383,0.04475250930041797,-0.3134268108413827,0.04701782974104128,0.44115825658346486,0.01581677940572757,0.056325364918250465,0.00865738798838693,0.22124453327730276,0.0022562424233388907,-0.3155153622231195
wsj,wsj_1490,1024,0.7412935323383084,0.5205545170719679,0.04229191469216009,0.23521369139582196,-0.055884225257502695,0.1334895820278609,0.06970523622341007,0.048358078657599834,-0.2590214937736883,0.029571482245901868,-0.036981844691612586,0.01870769991473338,0.2653567701792725,0.006033696260445655,-0.0979677384340949,0.004259180433859664,0.41619907263330447
wsj,wsj_1493,1024,0.004975124378109453,0.4279739642219915,-0.15817940287783694,0.2797036814219978,0.11863769684359715,0.16073928238664123,0.26020737400357374,0.05772166008932221,-0.05804858099795407,0.03343072043336014,0.09894565120177612,0.026171843757753648,0.5606904549098468,0.01218300534944172,0.5638111729145647,0.0009204484611448193,-1.1671768651636016
wsj,wsj_1500,1024,0.15920398009950248,0.4900524935035228,-0.023160584593794442,0.22871857289323366,-0.07933578212482018,0.11206528710904134,-0.10222621260840992,0.08162971627818723,0.2716298781736488,0.032855284181965094,0.10356013118097263,0.028997081310053352,0.662834487680545,0.02021761178238916,1.0916270999550068,0.003313559358830029,0.1714064991809776
wsj,wsj_1502,1024,1.0,0.49094229243352183,-0.01976535610163388,0.258914404753357,0.04303836520227966,0.1243711435666498,0.011819289837676994,0.06439446547539483,0.03126185830777706,0.03326809805958831,0.07129434766719323,0.012767394984116871,-0.14171697809054074,0.007111534078157786,0.022978848976309862,0.0029954815939048324,-0.018289568841623804
wsj,wsj_1504,1024,0.9154228855721394,0.4965949197274435,-0.010300617661986866,0.2535351248896627,0.017808893633361134,0.1289222119022884,0.04699719171120442,0.060645455722679195,0.0006138399315251952,0.02494313834928106,-0.17892330050414218,0.025763827316677146,0.5176097501327317,0.006326631069448457,-0.11532798921118825,0.002701115629860074,-0.045431999196799744
wsj,wsj_1505,1024,0.029850746268656716,0.5295530286532739,0.058681049876980085,0.21795283956714312,-0.1393214086962118,0.11668216422717473,-0.06476092533280076,0.0485366143887001,-0.2254776328664243,0.04344239421493683,0.34837088749776957,0.009646922584668266,-0.388121110158548,0.02195112783927452,1.1719781139575227,0.0006690134983720068,-1.4844703683168827
wsj,wsj_1506,1024,0.8308457711442786,0.5068550507029506,0.011853500207305356,0.2610175745321015,0.054980231756461384,0.11824890772071753,-0.05282852168743091,0.047723190530513604,-0.2556665390933719,0.032990335464144274,0.0822183519923354,0.017290841391219645,0.153306549279824,0.009716783189940263,0.3405518558895668,0.002658567069556386,-0.14579851201123883
wsj,wsj_1515,1024,0.26865671641791045,0.4588295003901526,-0.07919744664424855,0.26928215193255556,0.07833463464687807,0.14019525847910785,0.11267482992232236,0.0710751019801352,0.1453653649741078,0.03888127361593831,0.20754585143535076,0.011001141666563921,-0.30462023930388415,0.0032885489480243535,-0.7656129405676673,0.0025508167840032443,-0.2688295656081632
wsj,wsj_1525,1024,0.5621890547263682,0.5223509965699187,0.04447323690999805,0.23100681732391085,-0.08163014819987446,0.12074947640262772,-0.03862913589110306,0.052844801961379424,-0.1335215104311369,0.02354802472440158,-0.24083732740430452,0.014605732835095643,0.03845114356305679,0.012601190907714376,0.6095051891337215,0.007189039315294046,0.9234873465824176
wsj,wsj_1531,1024,0.7512437810945274,0.49893313581753773,-0.005473562813954058,0.27463212893020555,0.09872242098457429,0.12152372805107417,-0.004894367167407765,0.047810188659334084,-0.2528842350024614,0.033101762204368966,0.08872463860787505,0.014518571060761374,-0.011975640848869595,0.004637600249934757,-0.4490536715728135,0.0025194124369157917,-0.18198087075646274
wsj,wsj_1549,1024,0.05970149253731343,0.437571864959076,-0.13113353863540667,0.2895067224723364,0.1512472689716573,0.12766485030359062,0.016190562327150104,0.0768461822921204,0.22335246840190992,0.03687891351948968,0.19530815239210364,0.012732601468289913,-0.1183737746497302,0.01232702643331782,0.5696355259721999,0.0027676671340057537,-0.058756707966105104
wsj,wsj_1550,1024,0.18407960199004975,0.47526862676317905,-0.05329112206441755,0.2185930738389534,-0.12784044354113333,0.15515442666320256,0.22441011177702963,0.06778964476267299,0.1220805992604177,0.04527592048923607,0.39073011694336834,0.02075757504905355,0.34719189133124173,0.005007267324551543,-0.30873086261975136,0.0020197685412339517,-0.3880573285648401
wsj,wsj_1554,1024,0.22388059701492538,0.47458408663169843,-0.05439879144897397,0.24758367893138908,-0.006717449676512777,0.11305099182888478,-0.08840037702743153,0.08562760780652573,0.34235974134161173,0.045061044050342905,0.3759182709344451,0.019115479062317503,0.2859087929487587,0.010074744906640325,0.43967168546532154,0.0015595541842804653,-0.6408341016877372
wsj,wsj_1556,1024,0.9552238805970149,0.5101364377934192,0.019281105923616537,0.2346176853596288,-0.06229658603781574,0.12984530651159282,0.05131752370200138,0.054088475995477656,-0.14105628078419885,0.035509977532019406,0.18956504841094013,0.01264847794547325,-0.12688714024398973,0.005968677776938512,-0.18883336588434663,0.0023432142227951696,-0.23124940205006883
wsj,wsj_1562,1024,0.009950248756218905,0.4459940919966085,-0.11771586284406199,0.22268866215489724,-0.1027872576111899,0.12375010479463028,-0.010238622560645894,0.0675726903129815,0.09366247003656802,0.04141216364647261,0.3097075659770905,0.04152064755484966,1.0697541116401834,0.0320234273370276,1.5558105679882694,0.009933627335254809,1.1565486599513477
wsj,wsj_1564,1024,0.13432835820895522,0.46565703021720517,-0.07144801528570455,0.24784498451661777,-0.008345492768515594,0.166751841071369,0.2988939873828458,0.056249294291933795,-0.09092575657445368,0.04132923770779891,0.3221447108190656,0.01106410488741226,-0.280394356462522,0.0037711865783499826,-0.5653918231181763,0.0020211517423055626,-0.34822946838513147
wsj,wsj_1566,1024,0.6865671641791045,0.5099875156162076,0.026918241795651388,0.2254720316712798,-0.10520660147278593,0.1262304358522617,0.0012237288598959672,0.05816835071070986,-0.05838092733922551,0.041557692357635886,0.3452611992440424,0.019214430907304375,0.24230748272156166,0.009832455266427358,0.3310966140521261,0.0022844398985452734,-0.39676562801971826
wsj,wsj_1567,1024,0.1691542288557214,0.4545031808070613,-0.09456886112104335,0.24815235285548148,-0.007912739157684534,0.1399483103981156,0.12523124930805252,0.07632831235179197,0.212576182415535,0.032699267062266286,0.0695446653031433,0.019056777069834406,0.28610029468370746,0.020471913042574428,1.093602018447425,0.002069589431025069,-0.32034879005364303
wsj,wsj_1568,1024,0.2935323383084577,0.510080946159895,0.022030814443796065,0.24196121370732102,-0.0393245865597327,0.11229046097734627,-0.09820426905765967,0.05822196822540984,-0.05317376625465986,0.02097966991308972,-0.3431070593653147,0.030922979246268942,0.7623625187780054,0.008947777394611651,0.26682386702498384,0.007798855829822433,1.0103073988202143
wsj,wsj_1569,1024,0.5223880597014925,0.495378950492459,-0.005276435671843549,0.2243582945341703,-0.10932432156358773,0.13412935854325492,0.06725179365057521,0.06231523005634404,0.011859402857992585,0.048746959380916964,0.4735922375667263,0.019571069615443783,0.29825916215918014,0.006581804723678857,0.01769439818310925,0.005025461513307037,0.6340802177309257
wsj,wsj_1570,1024,0.24378109452736318,0.5176866249224191,0.034521967102471796,0.22632180164000565,-0.09103613040725422,0.1209831950032861,-0.03751480147253217,0.06085591505819249,-0.011979367895323723,0.021945327713120584,-0.32198925490991304,0.018603867273075086,0.2707019777255093,0.006120583997770067,-0.12285471690601835,0.020312403410279886,1.8735380277959734
wsj,wsj_1572,1024,0.9651741293532339,0.49377161322322427,-0.012637393583424417,0.24840490564368786,0.0003778749405378701,0.14016798033974437,0.12122988316859429,0.06228164151469538,0.025725028995691623,0.025489013114935878,-0.20054829855229617,0.0193621405751752,0.27523430806975613,0.007396671238346876,0.10007932741305403,0.002575014402382588,-0.14419213540397902
wsj,wsj_1574,1024,0.5174129353233831,0.48975907721158307,-0.017716180319042207,0.25659795472188424,0.025421321828150267,0.100101946944332,-0.2109742523462712,0.07742533491479238,0.24517014082293231,0.02798204182105478,-0.10153401276275753,0.021683625938922542,0.3352641584083291,0.008680912795953453,0.24072583594244534,0.003346350614185712,0.11543559107468315
wsj,wsj_1578,1024,0.3781094527363184,0.5180484121970538,0.036018683873204504,0.2561814541015258,0.023678736448916382,0.10081592911808725,-0.20937387780289196,0.06298652409286061,0.03263642297695002,0.024714222047293455,-0.1963385047163726,0.014174152751969834,0.0014368786149718815,0.013917330045676107,0.7512535328454524,0.0009845774007116413,-1.1525605625245392
wsj,wsj_1583,1024,0.04975124378109453,0.45351922364642017,-0.09323152242996668,0.2922229031389796,0.15594497638012794,0.13119041727716263,0.05558770782747491,0.046527794142183464,-0.28532309364508857,0.03337759743297677,0.06923273456481116,0.020636040654424252,0.3510018159342314,0.01375916880831808,0.7169798733724244,0.007925820999100271,0.9631180350560591
wsj,wsj_1586,1024,0.04477611940298507,0.48977124366850483,-0.021720582734437444,0.2070181692633209,-0.1878951322551199,0.12570390564719147,0.014410049289432347,0.0765247943884997,0.23081087260115396,0.04454919455435845,0.39068403372920235,0.0247277979420079,0.5042466890535144,0.0080290057991858,0.21077037811742905,0.01177646491551641,1.2971855031022512
wsj,wsj_1600,1024,0.7810945273631841,0.4812712995335986,-0.03672885598267661,0.2548312607927116,0.01667648611929251,0.12308309433005957,-0.003696673941775419,0.061620433258657376,-0.00529040940109482,0.027268185404509607,-0.08706653322181834,0.026803444556969078,0.6226684979980757,0.0068039757435874254,-0.0061370559230837785,0.008661549717907653,0.9788765309582441
wsj,wsj_1603,1024,0.3582089552238806,0.49137111334568145,-0.016218271906085602,0.22031138497281005,-0.12420032658030244,0.15224120004151676,0.19862924095445345,0.06297920017516857,0.03510279305118669,0.03169412521939964,0.047748260725817726,0.016133688466987935,0.09245881946998669,0.008600473544441167,0.2726549031329464,0.011217342070600326,1.2906305423769497
wsj,wsj_1615,1024,0.1691542288557214,0.5072031603638985,0.011829804742866101,0.2119817828981433,-0.15703911261313408,0.12071252867504383,-0.010774299247036545,0.07536644021532156,0.19018906060381457,0.04839490862130426,0.44251585696513906,0.012440842739752406,-0.1457458275256016,0.012529230830725806,0.5715004802454233,0.009149109765874339,1.0919787655781885
wsj,wsj_1617,1024,0.7810945273631841,0.4715016133682064,-0.056628244156198604,0.2638161845258141,0.05133098265683467,0.12867119372647873,0.04571966410382444,0.06893964039500862,0.11290366200749036,0.027649330568108938,-0.09320698565293961,0.01890574204384954,0.2575234545428948,0.006248975268681759,-0.10392553140420979,0.006919555550671716,0.7114803717294667
wsj,wsj_1618,1024,0.417910447761194,0.4977860091821839,0.0030279504320276374,0.2750473482932012,0.0912580333632973,0.12852628824515513,0.01682124662588258,0.04523529665489459,-0.3043211583817742,0.025676163160129477,-0.16538025708168025,0.009078161933108377,-0.4391613052796588,0.012894789009178051,0.650902691778585,0.0024321063435289187,-0.25075716819389626
wsj,wsj_1619,1024,0.009950248756218905,0.44725855172683876,-0.11132918387570345,0.2796964370729612,0.11453353759312668,0.15342719510453606,0.21652054131134224,0.06594519236680565,0.07133966039461503,0.015370282102562794,-0.6894931139598683,0.02019099066482813,0.2880846560312853,0.010808704212133145,0.4538727790720163,0.0009625083540294585,-1.1596533025087457
wsj,wsj_1623,1024,0.6069651741293532,0.4850600316806739,-0.029339581537409454,0.2615043533577968,0.05409306935560254,0.11866651782147954,-0.04426353335273614,0.08356108857940181,0.2883112496555298,0.027377331336473444,-0.11413514721093243,0.008280171040222183,-0.5469693329931982,0.003944524252878473,-0.546096562471563,0.003404426513602214,0.019234091198667258
wsj,wsj_1624,1024,0.32338308457711445,0.4825584001797089,-0.036840442842306254,0.2269860525475486,-0.08364258820434634,0.1271775755003015,0.017184934182682188,0.07567980087728846,0.20367831719682838,0.04486191490841763,0.3968325197280267,0.026761584296356295,0.5585009149106996,0.010548804141068506,0.44393146587577625,0.004885346568229528,0.4760830312151274
wsj,wsj_1625,1024,0.8109452736318408,0.5065618056375407,0.012409080912336612,0.26091581417690807,0.04822711805814128,0.11100515030068761,-0.11389616489370225,0.049877576768143965,-0.1977066659666149,0.029236863475228102,-0.04081644500045334,0.02004644743488624,0.3053862954893174,0.008309994507528836,0.1744750134135158,0.0053764078146000815,0.6150755006578486
wsj,wsj_1626,1024,0.7263681592039801,0.47289086190209095,-0.051755763325668114,0.2511565433207981,0.012241677926480676,0.1485240097587997,0.17053387504721496,0.05587511238402716,-0.12089362299267137,0.039346387575701164,0.2572800437496534,0.015444290259088698,0.06959690293975473,0.006831531473875527,-0.010854998401907956,0.00467689818361206,0.428991947118039
wsj,wsj_1631,1024,0.04477611940298507,0.45699029365259325,-0.09318657411213371,0.25496058477419287,0.030019637730591908,0.11311144704624984,-0.08103877553397298,0.07262633119422932,0.15601187284720597,0.04669543515432428,0.43319227732615984,0.018671390910153147,0.20827351769193614,0.026749424386919365,1.3683012812854964,0.006677039814050467,0.7909011444374263
wsj,wsj_1634,1024,0.3482587064676617,0.45184440599500364,-0.09625751295170493,0.28128952639755095,0.10512108037106183,0.1276139887292207,0.033884157283366356,0.06468491034336334,0.04935226274054205,0.03390660929910817,0.12962365006686571,0.019601106046826675,0.27396662061977084,0.011460971933371172,0.5130044786826966,0.004291408877993724,0.4394593104940725
wsj,wsj_1635,1024,0.14427860696517414,0.4438158188712469,-0.12024839306310098,0.2896897765118585,0.1572192634082854,0.12426767590167934,-0.001612552351566876,0.07060020244155517,0.12485358257160462,0.03222079623899003,0.06797173568614223,0.021255161024278196,0.35186722469477694,0.005680473746240496,-0.22558589279280827,0.002303778637639323,-0.2411914262156447
wsj,wsj_1643,1024,0.6865671641791045,0.5310225778736997,0.05685148430809295,0.2228152864376225,-0.10744798995188343,0.1286921037338301,0.030087885064743247,0.06662937517065107,0.07833192101738495,0.022133760830732683,-0.2813035436937814,0.014493321453782456,0.006408329058798401,0.005956831876998988,-0.08599909199430211,0.0029888374259029156,0.06489634026510238
wsj,wsj_1647,1024,0.8955223880597015,0.5099983994796067,0.014522340970046899,0.24394977428422454,-0.023249892379011428,0.1226348246066309,-0.009189319885811731,0.06682830632292229,0.10728252666600824,0.03445769862040318,0.13801869969611769,0.009968630768805293,-0.327560158286043,0.004428316476469989,-0.4951986577888432,0.005227340026600574,0.5921764766249682
wsj,wsj_1651,1024,0.014925373134328358,0.472648071947467,-0.05147428960945255,0.2463229769066611,-0.021156507798962165,0.09019538110986086,-0.3198501150469917,0.07472945548059942,0.17773149976782898,0.06781427720462885,0.8072586913761772,0.0245985832759961,0.5371369914547883,0.006311177459979495,-0.09423895838486196,0.0007614608673530165,-1.275407090440237
wsj,wsj_1654,1024,0.3034825870646766,0.4582438325144297,-0.09216861901383866,0.2589352429987609,0.047836468445832336,0.1271832018462392,0.025972525076760178,0.05877351752272597,-0.04040335761254088,0.03737658154664941,0.1873968858724191,0.024718522586484257,0.5344784198390058,0.0073627350734661616,0.08215585572449857,0.008910476011641747,1.1329754734745823
wsj,wsj_1657,1024,0.6517412935323383,0.4792897247614333,-0.04106796691409498,0.2613367790732496,0.04489039632781333,0.14493903250549917,0.15001478526551515,0.06289446614972188,0.02870295570139847,0.020887507103648267,-0.3783951547909479,0.01458205992249944,0.013714199208600952,0.007642928619876902,0.11549847738541974,0.003425053050082786,0.16195569298962198
wsj,wsj_1671,1024,0.5174129353233831,0.5365397339878444,0.07120466012870841,0.22409089511719346,-0.10158072947648589,0.11707243527890256,-0.056062862460273255,0.06766268784047912,0.08935151755866011,0.022961427127844148,-0.28118330202215036,0.015320785580399081,0.010007555142158786,0.00696851506139028,-0.011549803638047251,0.0015354776991736098,-0.674775623023053
wsj,wsj_1676,1024,0.009950248756218905,0.41980384233738083,-0.1717641341260474,0.22980279395374445,-0.08242165625605602,0.15958192319554343,0.24647600105873302,0.06894198745207686,0.11423830198260321,0.04494878063660804,0.3949906172304023,0.028342114367211235,0.6527129299071972,0.018124053843790355,0.9509992848197859,0.008486748963511107,0.9667897363527835
wsj,wsj_1677,1024,0.6716417910447762,0.475784279824255,-0.04701832717283416,0.2543756600505581,0.023186350083291618,0.1257051627563962,0.0066570440210704795,0.06533762700011025,0.0497576062442282,0.04009186273121379,0.284432005801865,0.012766262535567577,-0.1579788995724556,0.01611600611004519,0.8162137216952869,0.005970604190970193,0.6482765643280235
wsj,wsj_1682,1024,0.0945273631840796,0.5150468760409859,0.03087860189553504,0.2652380560432395,0.06419652061436842,0.10715741135626079,-0.14732555932604408,0.039815627268081986,-0.4273347402553034,0.044385858861748666,0.33380575259617595,0.00949415828578227,-0.43480300313744014,0.009992236220078912,0.3812124476407739,0.0012714226805041477,-0.8119446035167988
wsj,wsj_1687,1024,0.4975124378109453,0.4882665106373222,-0.020966431774591898,0.2393489256602669,-0.04716489776971233,0.1301496117269542,0.04798086434979387,0.05804818909612445,-0.04307575371634975,0.03399036316546991,0.1212823112868402,0.020250681676797243,0.2987959841668335,0.025019592549298766,1.317226462504991,0.0035792611575863518,0.18500780020534346
wsj,wsj_1691,1024,0.38308457711442784,0.5344929337452275,0.060400369116829444,0.2360817752952888,-0.04255806884468738,0.11272157568455676,-0.09974862767057502,0.05883914595194091,-0.039204226053789704,0.025721559771573428,-0.16849907533058417,0.007527650630322595,-0.6311879777600486,0.014897589733393375,0.7828634199847038,0.0036635858814900906,0.19806342429275503
wsj,wsj_1692,1024,0.04477611940298507,0.4314651312782102,-0.14809727521733485,0.27890036230314263,0.11980650967411965,0.13923613316036887,0.11791204293332802,0.06147555034670083,-0.02800835101920729,0.03873350725589435,0.24394285303072527,0.016426169445217676,0.10642102896899264,0.020719183292263292,1.1757650760491365,0.002181102989962403,-0.26820299913378154
wsj,wsj_1695,1024,0.44776119402985076,0.47360094338867686,-0.05592587889845313,0.2517803663317363,0.014774333965862585,0.11561647753477808,-0.07550262458602885,0.073852213789766,0.1886170543477621,0.029785087988693396,0.00572252961192099,0.030120025255549295,0.6998076867240064,0.008692793748499126,0.2477801112844542,0.006487785955508031,0.7730493714678355
wsj,wsj_1699,1024,0.23383084577114427,0.508319028877301,0.013142188151343714,0.22705623167021388,-0.09452932557459248,0.127564816690668,0.03286726491699676,0.046794192997429394,-0.2729708089305989,0.04324844444974439,0.37988209327562705,0.009681047296976927,-0.36272165194471295,0.011125562231199052,0.4868028223947025,0.008379467522995425,1.1268428597544782
wsj,wsj_1705,1024,0.7711442786069652,0.5126133486310314,0.028810897895059306,0.2352462234757679,-0.06398721956886622,0.11850804887129722,-0.04452373882493976,0.060741786217574284,-0.020604406475937864,0.03647714202714088,0.19424789009772336,0.024828541138298094,0.5151647852338752,0.004928322727409554,-0.30303665071523156,0.0023652465022105445,-0.29843638686026974
wsj,wsj_1723,1024,0.04477611940298507,0.5521001126168574,0.0981272184044335,0.20695663464282898,-0.18567847093052814,0.09624421099230443,-0.24396463243558353,0.06157442351151163,0.009627848161192887,0.0321545306435931,0.059305409672990805,0.017643027563230003,0.1430494037436949,0.011995583855633058,0.5533639359632465,0.00700557958549347,0.7941810120615029
wsj,wsj_1735,1024,0.12935323383084577,0.4649689673339915,-0.07353174477778734,0.29628886005680893,0.17368664476074058,0.13677232296026387,0.0942773176690439,0.04537828711719111,-0.30132051141384153,0.025321508696709752,-0.15919632446758047,0.013068747104743686,-0.10391788782023426,0.007879649460017811,0.1890848194515975,0.0073755611175545036,0.9078050397901771
wsj,wsj_1743,1024,0.009950248756218905,0.44532233528143994,-0.11501336351420832,0.19835696913360773,-0.23197266698951569,0.1249229549626978,0.005467638297529387,0.06209984935087805,0.027811837846185572,0.040549484223784335,0.30113625743439787,0.06001797402788804,1.4246528727584211,0.013469417472570085,0.6262644755624995,0.013395389682306252,1.39710025459157
wsj,wsj_1760,1024,0.30845771144278605,0.5042421207943425,0.00785976671417421,0.23789467981555923,-0.049992280915306386,0.11927189702747806,-0.021206783943141794,0.06844054675371658,0.09560621139961345,0.024822486346053642,-0.20177299272863536,0.023127879378329906,0.44785066342649493,0.015502261864971981,0.8442198320850451,0.0006530096026281581,-1.6006084689857207
wsj,wsj_1761,1024,0.05472636815920398,0.45465625493209716,-0.09519110303578804,0.2954171457544089,0.1731606253837139,0.11693228354111325,-0.07481468830424509,0.05504939798156104,-0.0845474873572738,0.03687646194339985,0.20873678883302382,0.013132014024841989,-0.13206779596813423,0.006881692601814446,-0.002976900459630727,0.017836837804438906,1.791355657514389
wsj,wsj_1778,1024,0.35323383084577115,0.5123216072332324,0.031101075485337026,0.23644185444736987,-0.060755387086250945,0.10422711233951662,-0.1831900002832514,0.07261532290884948,0.1694535315328558,0.02636654221352688,-0.12464684514457636,0.022263484855207915,0.41714892711754903,0.015683795437633125,0.8571153261190538,0.005492094676196456,0.47021841998994596
wsj,wsj_1781,1024,0.23880597014925373,0.5282939028516952,0.05662291280220766,0.22201042077381833,-0.12290705246794187,0.10244670819586349,-0.19284626805258265,0.07280737293982888,0.17418538700267838,0.03188303947368426,0.07322374628939121,0.018332017523371158,0.24898376807350298,0.014504374162959355,0.678983489599454,0.003259791414630483,0.14163159432718064
wsj,wsj_1789,1024,0.22388059701492538,0.4535790053257367,-0.09358938199337086,0.2543274113053131,0.026376918197470012,0.14635759962966,0.14674879276222286,0.06990301839114757,0.10891372525915655,0.031458743507477974,0.022292502231878952,0.018020478209941203,0.2332461544097253,0.009054855404664525,0.255980432177517,0.01410574079506233,1.571703919180159
wsj,wsj_1790,1024,0.6218905472636815,0.4997420966515729,0.005418947135191532,0.24457185505570844,-0.014647216985137046,0.12418541242130834,-0.0037882865212588435,0.05598348087393004,-0.12592874914100838,0.04107554564587772,0.280695652563935,0.009399548185357024,-0.47404615385211013,0.014029982003730552,0.729699960689838,0.005518637276224073,0.5363832498284271
wsj,wsj_1795,1024,0.3333333333333333,0.4774958493052427,-0.04497446711345765,0.24709824438570127,-0.006945497117391897,0.13888009215173353,0.10811917258956494,0.05140673669607687,-0.19656535290412025,0.02956726015927539,0.018002985790677606,0.02371840057753115,0.4202090604716995,0.01512390624470382,0.826743636221603,0.00820997198710299,1.0289717525358224
wsj,wsj_1797,1024,0.7313432835820896,0.4906832191975085,-0.018876646469845992,0.22668892075396407,-0.0945781092260416,0.1400732189638698,0.11743948379440772,0.07223644339749191,0.17299704115494885,0.03430363058758282,0.13212181494939346,0.016134002039222127,0.035764973887480345,0.006848197589607864,0.04361948333082477,0.0046050663416868885,0.4997838733302018
wsj,wsj_1802,1024,0.945273631840796,0.48960639623741214,-0.02415970636046627,0.2570361313072794,0.03482376129756881,0.11373815433097298,-0.07931864152389201,0.06622425906849122,0.081294985704508,0.03583834622460801,0.1584794492816295,0.01690798836312557,0.1141240114959734,0.004609803393199037,-0.39731297102354723,0.003982204261590094,0.27825801672415285
wsj,wsj_1803,1024,0.10945273631840796,0.4499088965608432,-0.10489793992977325,0.2855344707263552,0.1420367788768706,0.11101043450584104,-0.11946706519116423,0.07513555375188233,0.19621809596793938,0.04134558104111841,0.2985410216774569,0.02027086928523756,0.33486071471387735,0.009664185084902684,0.38710990863583383,0.004559474358980851,0.3129011766863181
wsj,wsj_1804,1024,0.03482587064676617,0.4334483463988843,-0.1435554542894919,0.28046554126926965,0.12064094754645138,0.11807454768749902,-0.0498509095196904,0.08827925066191922,0.3644909490729238,0.03577981800517601,0.15136688018891764,0.017210185100972393,0.13632548798988342,0.006416089527881214,-0.02925137061468064,0.007841834742591187,0.9781148155597279
wsj,wsj_1809,1024,0.6069651741293532,0.49247352271319444,-0.015671439019458333,0.23054002524617984,-0.07531900644897149,0.13547233096409367,0.08445360460313034,0.07278440471499258,0.1631777228728275,0.04426687392672962,0.3755710130424652,0.010461935317410097,-0.32592652212134254,0.010354557182373696,0.46823068592827166,0.0031712300062108987,0.07233221972988435
wsj,wsj_1815,1024,0.03482587064676617,0.4435044846268048,-0.11988431967835311,0.23506164042552247,-0.06090733083417832,0.1327541864890772,0.07165895827105517,0.10919106288773789,0.5684334370944168,0.038197180913555145,0.2513280462224552,0.013950515043737129,-0.025941951773209126,0.00584704705514131,-0.11327393759310223,0.001651600332301822,-0.5635208892970178
wsj,wsj_1819,1024,0.11940298507462686,0.482637337092575,-0.03384810311092046,0.2446704588985803,-0.018862162552669925,0.1087451855678175,-0.1402573436458816,0.06375182273288983,0.03883462021296191,0.03887056780829393,0.2590562954438931,0.02435432255810279,0.4860705673086656,0.02764483188324924,1.3578525079294375,0.007203984541875473,0.8952025862804014
wsj,wsj_1824,1024,0.527363184079602,0.4925622310285547,-0.014391550582329993,0.22715571466140436,-0.09617920199282803,0.1282880177558537,0.03451377086651952,0.07491249249612214,0.18310792041459978,0.03757291689785823,0.22278090895012603,0.016331619792194257,0.12433998077537822,0.015255679255244695,0.8610264896317084,0.004867845735481509,0.5775693117571068
wsj,wsj_1825,1024,0.3034825870646766,0.4558750443813434,-0.09030156412455814,0.2621048673299489,0.0412434843118441,0.12671699323637664,0.03640223655519481,0.069514589224008,0.11182078463179979,0.03336604215188119,0.11429154812990427,0.01577790151038222,0.09322658973032993,0.012130960002555063,0.5191414529872116,0.014526250797511221,1.569234620381855
wsj,wsj_1829,1024,0.6467661691542289,0.5067501347639725,0.016445826641405925,0.22918221310269804,-0.09221176098984207,0.12844757490348768,0.04786578803095631,0.07142219439962552,0.1504005630779246,0.023368546243896032,-0.2817053838087298,0.019081578976423295,0.25710805839255624,0.011610248010894499,0.509909040733211,0.005409280459293009,0.6044941612490824
wsj,wsj_1830,1024,0.5970149253731343,0.4897592745399585,-0.022262964848573374,0.2435340130194175,-0.017489853681170953,0.13912610038456735,0.1183861199148799,0.05109805652710259,-0.1951111889428896,0.03461810270019406,0.13665851292575315,0.018720783533475668,0.21710219949112597,0.006196942921415545,-0.11018459364127597,0.009952268732660252,1.2386046714177015
wsj,wsj_1831,1024,0.1890547263681592,0.4983456603441098,-0.000491266900686127,0.2531865230349215,0.006971791479311262,0.12063978738333805,-0.032457132214536166,0.049994841006611807,-0.19481568737087018,0.029152636530176947,-0.02865403646978537,0.025160679843093503,0.5361866832299911,0.017255390313239645,0.9232784299323376,0.00043068547550378065,-1.886062689974283
wsj,wsj_1844,1024,0.03980099502487562,0.4338507881379886,-0.14092247710255923,0.25050537059754296,0.0027940987245154147,0.16937671764382817,0.3207373651276011,0.07158201015105876,0.149876433610435,0.027887835511777877,-0.07949570153732255,0.01659202422075683,0.0823097394086636,0.009498008730689901,0.3260973453705347,0.00497202888159703,0.3945814963159142
wsj,wsj_1849,1024,0.48258706467661694,0.4694370124418219,-0.06620266794566132,0.2365148794071696,-0.050344802068134964,0.14517137556131382,0.1717192868322699,0.07648753761126975,0.2202786092258915,0.03475444051669831,0.14092494999267347,0.017553513831105802,0.17595398179030308,0.006191856901750754,-0.17909988302545088,0.003682291110160372,0.08542875985621734
wsj,wsj_1852,1024,0.736318407960199,0.49415577856988396,-0.013079162758080076,0.2554938639006682,0.03547003798196169,0.1495318720772675,0.18048407532916544,0.05646367977418642,-0.09983840993506687,0.02187590945881701,-0.3200084668956755,0.011919229955777069,-0.17822501758038456,0.0076006703162249615,0.038818290976766257,0.0024940111141959543,-0.19888501431305272
wsj,wsj_1856,1024,0.5174129353233831,0.47725986886906313,-0.04573629024811687,0.252157847854192,0.013468692939277105,0.12726417522409225,0.013213935133161492,0.05089844539253332,-0.18537257476416213,0.03826575049638961,0.26027004879451754,0.026542696609399265,0.6310114058221621,0.012698537164994557,0.6535615462734521,0.0021761719171137827,-0.33863870083948466
wsj,wsj_1857,1024,0.3034825870646766,0.49469783044159105,-0.011505454276259486,0.23521695804770393,-0.05487804863008017,0.10182379523328602,-0.19878426745542344,0.07484254682433654,0.21038947581660983,0.031129896927003096,-0.006338232475293193,0.017765521376380863,0.21059020734123646,0.013487650799780048,0.7036731186941267,0.01143645186271776,1.3026566864366638
wsj,wsj_1866,1024,0.736318407960199,0.5063674087531918,0.015297043055761073,0.2378933718642282,-0.042958399259040325,0.12225890055158335,-0.02481996432455169,0.0698281633332212,0.128914526195671,0.024406999137277216,-0.24088868054858326,0.026264183635935696,0.5584885201018506,0.008603254973277135,0.23011448319597516,0.002588860654180514,-0.1796503066551498
wsj,wsj_1867,1024,0.014925373134328358,0.4347209820017487,-0.13360102558918674,0.2449106589896496,-0.03195154334570116,0.11659201512138259,-0.0633622910015963,0.08189227990292632,0.29952901136025645,0.04936318203301626,0.4838033258341028,0.02138727416435087,0.39706626130342615,0.01467208982357291,0.8165850933397607,0.02304145179666872,2.0124407834783695
wsj,wsj_1870,1024,0.0945273631840796,0.453525670587809,-0.08976118530344035,0.2751780617853726,0.09834312913239351,0.13689458154865558,0.08567515987917473,0.05045672532676573,-0.22121159358873754,0.045652832714863104,0.4090845329975723,0.010343045558776968,-0.3619973851481779,0.00761033028513394,0.11895706372588588,0.01223831611871845,1.3869456092345276
wsj,wsj_1874,1024,0.07462686567164178,0.49544687241728674,-0.007772477452567372,0.24794622661154517,-0.0040129136242677,0.09318852579599196,-0.2929877255420519,0.08545288867243686,0.33140032806050534,0.04353535251968707,0.3677965735909261,0.008173359365945305,-0.5666833166088017,0.012714391991050407,0.5880599693998816,0.006847629987153337,0.8386684535831384
wsj,wsj_1875,1024,0.48756218905472637,0.4602250715432288,-0.08046910332266466,0.2564626822303007,0.028931598150997884,0.14570363712633125,0.1545177461075462,0.07424627493751643,0.17532069482540136,0.035206021397205675,0.14275676335660314,0.014534383524165596,0.04148166018885213,0.005747133158644343,-0.2049466168663736,0.0053535716282032565,0.5650338052438446
wsj,wsj_1881,1024,0.04477611940298507,0.43758815900244885,-0.13047604036074845,0.28003490173577217,0.10925631369017874,0.12650074811277456,0.027279864708855683,0.0798521562057877,0.2693131871643448,0.028567051737751592,-0.08774590224950085,0.015736108192659477,0.06833393307649782,0.00915122543991777,0.2639072885587588,0.009278218753031366,1.1682687637521525
wsj,wsj_1884,1024,0.07462686567164178,0.49453069083796886,-0.006503480430087749,0.24307126473643803,-0.030526728943935932,0.09322501266259586,-0.298819244665423,0.054319846406637326,-0.1154172750143263,0.024109079875178012,-0.22631880116175784,0.03146405954062259,0.7839997387018056,0.007626530776457418,0.09089065162698962,0.014264186591065597,1.4990931923153807
wsj,wsj_1903,1024,1.0,0.49147046122221594,-0.018855806299058808,0.2455081127087984,-0.015271748638826965,0.1309675643457811,0.0600910923226472,0.06459109620339709,0.05844421705883107,0.03013878225362631,-0.002622608069865695,0.016405049388693894,0.1129800442030735,0.011330008850589856,0.46458720635176753,0.0028529905593844378,-0.061217228544714786
wsj,wsj_1915,1024,0.004975124378109453,0.4663154699064609,-0.06642027338718393,0.20310411041742976,-0.20644013536576367,0.12824221696841165,0.0331697667110844,0.05647780674651598,-0.10144987569169883,0.06748561603796632,0.8038073283440434,0.03419143194451401,0.8395685674638949,0.00709528464286224,0.016727625856384876,0.031432123119090924,2.3765442979677833
wsj,wsj_1916,1024,0.39303482587064675,0.4991681190328996,0.0027176489200857468,0.24423289697387435,-0.024153791795404445,0.1064598857268784,-0.14272506030818688,0.09166463025025127,0.3913860209656428,0.02518645139332261,-0.22449069958297763,0.018743946799719066,0.24527059689129604,0.005020248009432547,-0.32737438616548076,0.0017279134691594981,-0.5628145153905804
wsj,wsj_1927,1024,0.48258706467661694,0.5049108468341437,0.013879844737522129,0.22617560691378968,-0.09133149477932556,0.12754496280755795,0.02252058906877119,0.06095265833535742,-0.01995503852593039,0.04042025267573704,0.26639079621394046,0.014861800004767691,-0.04958401335878726,0.02114099825924755,1.0610843737418092,0.0033282698520130495,0.07337717510970077
wsj,wsj_1928,1024,0.01990049751243781,0.43076339631770844,-0.15002386433547954,0.27436902224646886,0.10030633503158026,0.13498984967139682,0.07735995432668785,0.058157042425273794,-0.05830133793137593,0.05064400124278012,0.5508018734287452,0.033081261109758245,0.7947645513656565,0.005935859274236836,-0.22409258187231362,0.010462541563274157,1.3337634873623951
wsj,wsj_1929,1024,0.7512437810945274,0.49647141690044916,-0.0037436326901544303,0.2266943344746838,-0.09483357283659632,0.14475019977393005,0.13805410882492386,0.06987153580052496,0.1163435275596898,0.030837314842542835,0.04178078685319697,0.018349558186948462,0.2101806043600849,0.0041096328406290735,-0.44823991344325353,0.002656269623977419,-0.14512901818501245
wsj,wsj_1932,1024,0.004975124378109453,0.5640230554134185,0.12247588728854308,0.17891509138188877,-0.3345155464159295,0.10574311578687422,-0.1633055024324359,0.06559050044227373,0.07605049878562298,0.031750406228584487,0.03961204359753001,0.008787112941223491,-0.5142723946218757,0.022933532932583812,1.2205024011206378,0.010701134559393507,1.3212965042789522
wsj,wsj_1935,1024,0.08955223880597014,0.4902325649375535,-0.02127614455624305,0.2778347669302116,0.11662344263165636,0.11225016686790248,-0.09690413992288383,0.06001984349066725,-0.03144809862776432,0.02830674560751492,-0.08930031426230878,0.011747663140964551,-0.2050649634909938,0.0019624690520233675,-1.2864115916873446,0.0005850052125514997,-1.6562132113937755
wsj,wsj_1936,1024,0.06965174129353234,0.47585557047378246,-0.05187561655343775,0.21210242394064724,-0.1548156458853156,0.1455731501144758,0.15811160976257588,0.07692973864256697,0.22683597250155962,0.042280091781678734,0.33676120076512417,0.02070352752983118,0.32648800610046314,0.010620944446107916,0.40691035143458354,0.012223466808314064,1.4926152155233847
wsj,wsj_1937,1024,0.24875621890547264,0.5230590382563485,0.04295418435179177,0.22988592957051324,-0.08166164298639389,0.09983452764413193,-0.1982044473805158,0.0658017507946608,0.06938146187823335,0.023102262104570954,-0.2861678778919221,0.014000533113442966,-0.011967157308154341,0.02055943297894109,1.0252812712290877,0.005090651041861318,0.5204848010550425
wsj,wsj_1939,1024,0.04477611940298507,0.5132068358380703,0.0360411894027034,0.27115094032471343,0.08265446555994993,0.10828725523595471,-0.13983199817034553,0.05965057605242841,-0.06272100955258697,0.021165168043462274,-0.38745563047662124,0.018724752180643733,0.22134237232512666,0.003917549146265138,-0.5887074129033101,0.0003351988314647423,-2.2469638204275837
wsj,wsj_1946,1024,0.7313432835820896,0.5022117268688201,0.0038143204283247467,0.2463702886959413,-0.005157706498041259,0.10774939405162316,-0.14657196996917055,0.07311670509995202,0.15203252377965493,0.027845345500782655,-0.06213722900607754,0.025002972718453045,0.5635831083217804,0.007572212246258069,0.10864211179160677,0.002031403333855697,-0.43038891533895995
wsj,wsj_1950,1024,0.009950248756218905,0.4272915199016148,-0.15765598807613634,0.2560722397189721,0.031012054125518995,0.1208728508786028,-0.024957848880079236,0.07234855986029964,0.16000619378132885,0.03036291760111444,0.006406613374922099,0.024640701262868603,0.499895653906711,0.029960627088058953,1.475983757051098,0.0014057592896723093,-0.8194953420857303
wsj,wsj_1957,1024,0.6517412935323383,0.5091937479302465,0.016394491076133888,0.24630619881012675,-0.013581346091521285,0.12697589290290284,0.024398333905898628,0.04515545915844834,-0.2921840917105225,0.03198439005881777,0.06379282365377525,0.01727674134886778,0.17622254576186425,0.005605908940453736,-0.18779287018072655,0.010008093223431559,1.1582820866039087
wsj,wsj_1962,1024,0.6417910447761194,0.5113714894733605,0.01891968953947354,0.24871810481625534,-0.002625029763233977,0.11699545362204285,-0.057425475012626404,0.04864605805542661,-0.21243461712590284,0.03772248456601091,0.24713686381686317,0.009221700597784613,-0.46862034332804026,0.005445317538875783,-0.20736522149171233,0.006992471546203085,0.7731724944726075
wsj,wsj_1984,1024,0.6517412935323383,0.5064361101630601,0.009721450548319965,0.23073476874052212,-0.06907485696570026,0.13131194492535844,0.04404339546104241,0.061142885701080715,0.003556910903261823,0.023884362945886143,-0.2155185339101524,0.025046481209380453,0.5582399255136785,0.013424469862458622,0.7046931762444917,0.004716561352197134,0.3364610716665828
wsj,wsj_1986,1024,0.9552238805970149,0.516547453999897,0.03427112431798174,0.24459709685888192,-0.021458480842440952,0.11396608417746473,-0.07753522918431122,0.06529726535311642,0.06288199551145146,0.02926612949088439,-0.06632409346227552,0.017115206024812896,0.15924704679934631,0.004439579459871166,-0.42572917878218686,0.004472474660336437,0.31507629538018733
wsj,wsj_1996,1024,0.07960199004975124,0.4860757826904004,-0.028012458948273422,0.27118228028445845,0.08032584773673523,0.11390109894109553,-0.07927852122379297,0.0771026240125091,0.2216171963507163,0.01568711385487208,-0.670354110053685,0.01322954704550235,-0.08050403000466133,0.008309416953629186,0.1775700162004723,0.01263295512543423,1.543050315130123
wsj,wsj_2013,1024,0.6318407960199005,0.4844843457955824,-0.028422710135390994,0.22834540868402875,-0.08558755815523211,0.1447090238941659,0.15475588094048365,0.07766484876978276,0.21126712817056337,0.03911373687117569,0.24699963935596836,0.01435627021550838,-0.023867148978343522,0.005289265293829448,-0.3159249138620783,0.003133918546869398,0.14923650132595867
wsj,wsj_2019,1024,0.4079601990049751,0.4819565860341644,-0.03542986644696722,0.25369714749879685,0.0162333595619506,0.15180745346313773,0.21080404535133002,0.048433712845947795,-0.2333508947294769,0.038748146502992645,0.22177923404153077,0.011338456714375465,-0.3045593056121554,0.006584337388394547,-0.02723665626710492,0.006778420579024402,0.7604248891353089
wsj,wsj_2032,1024,0.18407960199004975,0.490366318640608,-0.020147430378675946,0.22426367372473605,-0.09860138163896925,0.11826371970277336,-0.047764311405694926,0.06395291068825609,0.020111555999988262,0.04416654571962406,0.36135813408873574,0.03465797886043723,0.8501723700438015,0.008142242907243854,0.16446060041217958,0.009012818782801826,1.048142093268968
wsj,wsj_2033,1024,0.1890547263681592,0.5092374812075445,0.020757777611338013,0.21913702313194983,-0.125416233137015,0.11788747174962375,-0.05877523556348763,0.05787566234533839,-0.07207548695444554,0.040997871927893975,0.32056734169610923,0.020670134428801782,0.32079838038885056,0.022874016301811673,1.2397591774900008,0.001316653978031524,-0.8551981274635594
wsj,wsj_2034,1024,0.12935323383084577,0.4956270917293681,-0.011151277279407457,0.27703181326844345,0.10958432660415918,0.12640799924510027,0.020080428273034023,0.03715300044481708,-0.5116488836730162,0.03343056665266054,0.10524006713638201,0.01202075145102512,-0.1977128102282837,0.012297961517165343,0.5563133480386995,0.002790162572009746,0.008156329402773999
wsj,wsj_2040,1024,0.2736318407960199,0.47541028065328617,-0.054402705151614605,0.24341187799989755,-0.01789933113766895,0.14217287350327384,0.13640651976829066,0.07059445716313345,0.1395355168499428,0.021780412670775705,-0.33523755039171554,0.019109841082564576,0.3259254495010855,0.011224941094281501,0.47679126529720417,0.011303316478286796,1.3806727850459666
wsj,wsj_2041,1024,0.024875621890547265,0.4351295008216737,-0.13443283158214137,0.29168690536426967,0.15272529815332803,0.11796381032430027,-0.05747981182056394,0.0604151259934253,-0.011533152559825677,0.056729043087561534,0.6347408740526475,0.024037711419683652,0.452201846421151,0.003609666128738906,-0.6198718409654926,0.0022516725971336634,-0.31271500385502904
wsj,wsj_2043,1024,0.11442786069651742,0.49228043989658127,-0.017696541905420582,0.2312759918939246,-0.07910942435160373,0.11619599974226608,-0.05171785246535121,0.08765773862447297,0.3580382701981013,0.03190754682698271,0.05587607002758732,0.013171292179916437,-0.10688217106441389,0.0017165488840220023,-1.3736731822928734,0.006488407208284854,0.8155555587725223
wsj,wsj_2044,1024,0.3582089552238806,0.5053495630807776,0.013561631453203882,0.2509825203128466,0.0054066150155835935,0.13437414502780076,0.06468784215863721,0.04625819483915587,-0.2798226768001242,0.03460734466255884,0.13814525353292018,0.01752539695639093,0.20037321108181683,0.007378100892969244,0.08885247045911804,0.0004825538627576318,-1.8422009600346367
wsj,wsj_2045,1024,0.6417910447761194,0.5013945880173468,0.0031470390894211553,0.22844736954597955,-0.08515685052378186,0.1187752349982215,-0.05299160719790885,0.07397637191156232,0.1871636665029337,0.031560428224271235,0.036226028629346985,0.017913507443877312,0.18119396505938834,0.008828329577247364,0.31997082782054953,0.008493097153770774,1.0607548275838008
wsj,wsj_2052,1024,0.7960199004975125,0.49085707302757714,-0.013012267035444891,0.2484255531535336,-0.013591269978855403,0.1123658896478674,-0.09708956256331902,0.07199574218921606,0.16663375411932746,0.035336689072984734,0.15008297827898343,0.02037571687205361,0.3093772964955721,0.013169858193754219,0.6275792822745299,0.004393351619177872,0.3608518995768293
wsj,wsj_2053,1024,0.16417910447761194,0.48359485479968645,-0.033044986759316,0.23848237212350104,-0.042828732296743555,0.13954709809083707,0.11595309597192327,0.0684973237653575,0.11261012548072591,0.017723066311199055,-0.5493374783742908,0.031043950772177684,0.7576567948692574,0.004965386735737057,-0.3571391993244717,0.004071398420012195,0.32163046224916947
wsj,wsj_2055,1024,0.38308457711442784,0.46059084961627167,-0.07471181244218772,0.238914596094665,-0.05507590825709796,0.12664161858011444,0.024495875707708503,0.06870805014312054,0.10598480318279435,0.036781351886272365,0.16339955258188876,0.022918093601099775,0.4630676262244373,0.01595204084325753,0.86167399407302,0.006095147300044274,0.7456586338252373
wsj,wsj_2057,1024,0.8159203980099502,0.49614393113951233,-0.00691700241105242,0.24688256622472085,-0.014638217056736735,0.14476904633099896,0.15489106978043554,0.051924043730560886,-0.14994898415528857,0.024358818159810898,-0.2263121266161412,0.02001718244611282,0.33596607467266804,0.005922014927164128,-0.20895921119053895,0.0036524606550219323,0.2733424363458079
wsj,wsj_2059,1024,0.1791044776119403,0.48200530495178584,-0.0352132315108209,0.25748523793919115,0.03759083815510156,0.1259199241224599,0.005508707257543488,0.043225246538469535,-0.34937364782369507,0.03824357894619864,0.21375053261098165,0.015294750048320045,0.027100848763388363,0.02225619743932394,1.1901906705380996,0.0018428822014571605,-0.5034470616156073
wsj,wsj_2061,1024,0.12935323383084577,0.4977559161806284,-0.0035224987307160838,0.22116746195186576,-0.12326479011137703,0.1176034069558984,-0.05396631987749467,0.057933010916718,-0.057739559598405155,0.0424135031375265,0.35522874979336905,0.030611132022660182,0.7160408639613665,0.01763075333443482,1.0097079282522614,0.003195224162543489,0.02479919064538283
wsj,wsj_2086,1024,0.3582089552238806,0.46609935912115047,-0.06762445653739291,0.26218059855087505,0.051982954379446555,0.12292002756151027,-0.027013464864846792,0.06587051262382906,0.0796113410550805,0.04293209773330674,0.3534610749052187,0.01595082991644146,0.060285513063012885,0.007690006271082684,0.09710906617069348,0.01196590771904243,1.408227824998237
wsj,wsj_2100,1024,0.8606965174129353,0.5073664845376451,0.014977517968217668,0.2344934767267527,-0.06973230235840289,0.12903582260111024,0.04787072964310113,0.05792189816208828,-0.05126784242956317,0.029525133455548448,-0.030377395226132364,0.014973984991284044,0.03016556640267165,0.012368587077528321,0.5869581599552056,0.006320577253909592,0.8676876238070506
wsj,wsj_2102,1024,0.3283582089552239,0.51505840641711,0.03156482161517138,0.2127253598078906,-0.1657296315422725,0.13982851169551008,0.12451571478334467,0.06040505956210335,-0.0035376534511768476,0.03482135913602096,0.14115375821682985,0.016943177519478103,0.1180518697958215,0.011222203477683266,0.46135707738726683,0.00591268425833777,0.6811844347310583
wsj,wsj_2104,1024,0.04975124378109453,0.5319268081012707,0.061329429405742375,0.24983584001936082,0.004099286607381236,0.087918046942634,-0.33923416240236337,0.06116963485572095,-0.008052952157991733,0.0314391436275869,0.02679906114516939,0.012441639172562543,-0.16488921659239253,0.01683638357689087,0.8726109003572926,0.0035831164308888996,0.12809729587840657
wsj,wsj_2106,1024,0.681592039800995,0.505955939971152,0.0171734524251288,0.2332202398022772,-0.06511466961590151,0.13907518990327167,0.10685764199393422,0.05067640766278014,-0.19560026579402479,0.03186977745792324,0.017127088785441558,0.012222459625396594,-0.20001911727205268,0.016405368303866217,0.8432820416299656,0.0032489159499869565,0.1240394682288537
wsj,wsj_2109,1024,0.0845771144278607,0.49665736293203344,-0.0067909350422685755,0.25467020923857475,0.021160509846285036,0.11695497440920483,-0.053439368334521564,0.06661188060936543,0.06799733831886945,0.030984328794276053,0.026871303696674342,0.018641707236528943,0.24628419440912452,0.005504639380080249,-0.13209619285229302,0.00017892047084438863,-2.9191600783049436
wsj,wsj_2111,1024,0.13930348258706468,0.4427420425280928,-0.11829770761288882,0.2652853869915549,0.05922749845551012,0.13933580559848122,0.11524720132463262,0.071026122901505,0.14119861678746348,0.03335961929084748,0.0843640681335911,0.014496865211720035,-0.01895930000936019,0.013303992753922772,0.7482775974717439,0.011992448303263285,1.3114106606277138
wsj,wsj_2112,1024,0.11442786069651742,0.46908678434968026,-0.059370214421247125,0.2955753016638141,0.16909888455542532,0.11061120724822503,-0.12206977322159007,0.04929225112920035,-0.22903242347330233,0.02459895998718406,-0.21541092571050813,0.025289195139185348,0.5597362651628321,0.005232396147147872,-0.2108678242275106,0.006685191210653982,0.8152417789645288
wsj,wsj_2113,1024,0.3681592039800995,0.46515893983595125,-0.06685908565767418,0.2834221075350481,0.1169354312586175,0.12928962130948973,0.0397144746169924,0.05248977533967769,-0.14717246708713994,0.03256152336886253,0.07636834910546764,0.018035397269813985,0.18039619531604956,0.016137901729240265,0.8689253108902433,0.0021775610960900536,-0.2997747764637504
wsj,wsj_2124,1024,0.8009950248756219,0.46906142384902916,-0.06405222586024473,0.26367878250319765,0.05522887502042306,0.12758873298923432,0.019740993058210865,0.07334605223402653,0.18591798784029612,0.03023399890246099,0.004065164365744778,0.01746856936051554,0.18632933632004267,0.008386331715026498,0.278727687866831,0.004213802115484231,0.3360833526410314
wsj,wsj_2136,1024,0.5373134328358209,0.4946851110707604,-0.011812793083353479,0.2550507218688408,0.02128722948152939,0.1017583977010744,-0.1863874982901561,0.06185124390274449,0.00850348487328878,0.04132225032033492,0.3137715142376347,0.017390436094889945,0.1698158136357648,0.009299068839285536,0.2825371582227145,0.009561075498616643,1.1545516923538415
wsj,wsj_2140,1024,0.12437810945273632,0.46344060351712546,-0.07664570904016654,0.24000640329749512,-0.029568329395560644,0.12088608734258677,-0.029973283565410735,0.08125318601763905,0.25811124561750765,0.053937220036553796,0.5851981526469894,0.02276620100745533,0.4272631042005952,0.007041175008307903,0.02098486968534008,0.0063037349152675415,0.7555150152424899
wsj,wsj_2145,1024,0.9502487562189055,0.4960880718132181,-0.012628098198991355,0.25513395523422944,0.027178498758074765,0.1290726798310455,0.04218735008829544,0.06403066497319843,0.053243307798399364,0.022680981212164684,-0.2760201225813095,0.014362931988142175,-0.03489878819465719,0.004088541712070587,-0.5039007780274387,0.0036163115843562913,0.17078424985745677
wsj,wsj_2149,1024,0.263681592039801,0.5000645934078839,0.0038785924980606623,0.26421113771518956,0.058069782033238315,0.09962001137554279,-0.2293862123115593,0.054586155001982314,-0.11836721921410831,0.03400453004127645,0.12312434175096776,0.027843798118978386,0.6500461392105681,0.012612556021707895,0.554570455174523,0.005947599677122729,0.6395431826537541
wsj,wsj_2151,1024,0.4129353233830846,0.45564365043749333,-0.09124713075162894,0.26472494433863786,0.0626662918796892,0.1395708876682712,0.12091643686878806,0.07077187027824769,0.12248940293141963,0.03074990556238502,-0.027205637476642508,0.020422772228172015,0.35989076666751174,0.005702363624321969,-0.11565019390881304,0.006163056499318739,0.6892195230517961
wsj,wsj_2153,1024,0.5373134328358209,0.5048630552638805,0.008399806920305397,0.2584447946472595,0.0489132875372853,0.11132676187901774,-0.11087180422856413,0.06364003828323797,0.021001661064445898,0.024449030422920116,-0.24524908746342655,0.0240324637173547,0.5026595334705095,0.002866535963213421,-0.821100889166086,0.005269208112687019,0.4688216672329144
wsj,wsj_2155,1024,0.582089552238806,0.4814418100516934,-0.03490921721611073,0.25401474409561525,0.021387547795794992,0.11993470146350962,-0.031862079467007476,0.0544163903057912,-0.1432761439740733,0.03775367797100043,0.214809717644449,0.024266683851310228,0.4930673499761178,0.015463996650399714,0.7533927332091261,0.004493947174488789,0.4122591015264012
wsj,wsj_2160,1024,0.8109452736318408,0.5074879932365306,0.013804828044086559,0.24249364589964184,-0.015655253152062842,0.12372831818330231,-0.008845377706308888,0.06252451718653144,0.023801160121359466,0.023863330843931656,-0.2786499461952032,0.013611849213050569,-0.10125799623900811,0.013423429792271315,0.6515133697839675,0.007504411095763476,0.8389893254003802
wsj,wsj_2161,1024,0.06467661691542288,0.459094726801901,-0.0833584532261138,0.26252572790348033,0.0540252776458392,0.14139835462652164,0.11729831376821642,0.07364362766146074,0.1916532390868504,0.024437772151730826,-0.2247727270329798,0.011452470256819539,-0.2401360722430601,0.013930978719009144,0.6589963243722368,0.00030227564474425334,-2.2499538631110587
wsj,wsj_2170,1024,0.29850746268656714,0.46579800444246666,-0.07036091486391882,0.26737149738219906,0.06916622984651144,0.12260294159116485,-0.022956993361159306,0.07874773426860485,0.2584244472231476,0.020420702559331906,-0.3683474130494182,0.014678264946044947,0.008212135637271523,0.012500183744114459,0.5856045477528795,0.005964257075576976,0.6992780124833899
wsj,wsj_2172,1024,0.2885572139303483,0.49573425415535294,-0.009594395073115658,0.2524447444593371,0.015310947114781648,0.10850144384692334,-0.12793957551114543,0.06786398008356834,0.09444366866703069,0.022730040069143587,-0.2887323894390237,0.015917683753208223,0.0318219382245255,0.023223997717153423,1.1813353243831357,0.0014015929982707704,-0.7550749207123948
wsj,wsj_2201,1024,0.009950248756218905,0.5594286419294658,0.10918823974694258,0.18640283917531503,-0.28406551850841466,0.13091178765082165,0.05511566986745953,0.05741932137004755,-0.07273686459505058,0.03200153962686979,0.06308708399945795,0.012954987665122358,-0.14926620775311417,0.012369360163574353,0.5905092742181841,0.005917250410499752,0.8022990735690207
wsj,wsj_2202,1024,0.9552238805970149,0.48849678915002726,-0.018840876529638062,0.2527604246067493,0.014962450329334409,0.12175384260913287,-0.03271355307626633,0.07212894020093762,0.15518009648802744,0.028307214587384166,-0.08200268544838618,0.0193302260515767,0.2691869642847191,0.009547269912364023,0.33450989704322254,0.004190977292385025,0.3268471152737309
wsj,wsj_2205,1024,0.024875621890547265,0.4355895465753365,-0.13510792013453066,0.2773945135854235,0.10630071150314846,0.12482031266826699,0.0015409875719689659,0.06618805243613388,0.08129467637229881,0.047204131356875,0.46084078253795635,0.020846813109953597,0.3148275133259828,0.02151805158985946,1.1053982205101565,0.003212889758431911,0.026393808100866778
wsj,wsj_2210,1024,0.14925373134328357,0.4930206894449246,-0.013678738865547713,0.26452841812653943,0.06847118927221651,0.12165495435674077,-0.0315394448880304,0.053099629490423905,-0.15460626441817116,0.018122512686013552,-0.5245342896784724,0.020066734057957832,0.3169982909616671,0.024269417251306692,1.3016306614021724,0.002140745894962281,-0.28507842679930295
wsj,wsj_2211,1024,0.6368159203980099,0.4944582275865871,-0.005473878912042207,0.24114644927389758,-0.04194412252486024,0.13255856081214817,0.060715923744520506,0.05440120931199621,-0.11996992594128875,0.03383033343673361,0.10350759419453226,0.01307260945240346,-0.09486533384412343,0.01462341521430312,0.7809251853611165,0.010913129926699173,1.323047678770715
wsj,wsj_2223,1024,0.024875621890547265,0.5302712736852564,0.059026924147796755,0.22887873515513907,-0.0849042108469309,0.10439804153237844,-0.17495145019105607,0.0629757037575964,0.03163054938648857,0.03271435035415069,0.08274028705413183,0.026161585580359505,0.5777119310401821,0.0011565898263834916,-1.820492722888714,0.004703335419060032,0.44109969962273254
wsj,wsj_2225,1024,0.7611940298507462,0.5082893104580519,0.015191903368767412,0.2318342643283081,-0.0675080032372426,0.11243328593409341,-0.10643467027276321,0.07844779569134543,0.24859001151709936,0.027414051241296797,-0.09558386841385857,0.015993118787687298,0.11841352949382689,0.007609843481956477,0.07385477109556504,0.005444630403505783,0.6652979268051729
wsj,wsj_2227,1024,0.8706467661691543,0.4834931071363633,-0.030241358991608736,0.25038888069064014,0.009507742028524113,0.1330931726035024,0.05581683313478436,0.0659005130520704,0.07186171715639489,0.024971008229457053,-0.23708359249963884,0.016526960645024725,0.16423334997105687,0.010830293317791687,0.4700624684788588,0.0056914242385179255,0.6144366065480495
wsj,wsj_2229,1024,0.8606965174129353,0.5175208417090917,0.03606407488481311,0.24611290464105234,-0.007717059270994309,0.1184653193933218,-0.04860076125102042,0.0501260906022539,-0.21955459942589073,0.03495294340330573,0.14015720642199891,0.014402131107649598,-0.030433518719458874,0.003867318613297972,-0.5609284653151478,0.004112070308594218,0.3116838297301756
wsj,wsj_2230,1024,0.18407960199004975,0.5023466121879652,0.00786336408453292,0.217504757423106,-0.14077199614091818,0.12347227906781202,0.007419764736288137,0.05456727575885075,-0.12327922764059362,0.04521983792467668,0.3804497385059973,0.024694332788227694,0.44345824009113777,0.0134612652135035,0.6833479720758966,0.007712840434564492,0.9203979616030296
wsj,wsj_2232,1024,0.6865671641791045,0.5384116899940774,0.06924576771578905,0.21922682067770002,-0.11491793758789837,0.11887000295588365,-0.0437507376696491,0.07085355118733302,0.13279813658434358,0.02796714362717505,-0.07542880097697191,0.012979682694002815,-0.1721662974161111,0.007160432562106944,0.13217760377320698,0.003602907898109669,0.1663086260801574
wsj,wsj_2239,1024,0.43283582089552236,0.47319924522684187,-0.05031202766125609,0.25101515481167647,0.009262034853438905,0.12385998482686045,-0.0017020073389661938,0.06173714881518584,-0.012269730139338186,0.042973199914894164,0.32438406226627503,0.029699362340881767,0.6551276045065757,0.008579325079240634,0.19252899933927559,0.007893353609463557,0.9564581078467684
wsj,wsj_2250,1024,0.845771144278607,0.48254610952913146,-0.031828476345358125,0.2581721204606277,0.03524509144447241,0.12600015165280518,0.01692308426450806,0.05243624165116941,-0.16682623858081724,0.043243396602316034,0.3230978164518654,0.02049773291513492,0.33334773601837586,0.0073816336912744945,0.11099836599737678,0.004350025381931983,0.3862650017351221
wsj,wsj_2265,1024,0.3383084577114428,0.4968858363010957,-0.0031194758424113456,0.21884165873499534,-0.12922393040684454,0.12851347957622705,0.03496208166299919,0.06822230806818869,0.09030820140803408,0.03135884748683172,0.015786029910537902,0.030331489455609952,0.6981472468874599,0.014456849560005817,0.7642721363639797,0.0027357312299722426,-0.0011072923253641065
wsj,wsj_2276,1024,0.7064676616915423,0.5118599797547517,0.026560236457437214,0.2689060332943924,0.07067058354112232,0.09933252335222983,-0.2155510294948777,0.05995860013634839,-0.03173650428185626,0.03242607297919699,0.06312938230670317,0.014328839284489713,-0.06706045194833088,0.004812914227473424,-0.350588814901756,0.00313486385220283,0.04414909086775953
wsj,wsj_2300,1024,0.3880597014925373,0.5178934906607149,0.03606071306327885,0.21836989831607717,-0.13045488892438484,0.12150576564063947,-0.03522404891397146,0.055980392905911724,-0.08408451824737861,0.042045467919796214,0.33242938837320946,0.021748872349261046,0.42947144646271296,0.010525913926310193,0.4047223094612713,0.005115744589877243,0.5908744052255948
wsj,wsj_2306,1024,0.7810945273631841,0.4817597695769289,-0.030680192941485718,0.26453666219430716,0.05239974940572978,0.1319391614153274,0.049186210836828614,0.05439660618221247,-0.12600649901488747,0.020733093814877517,-0.3459765175435625,0.017861722140668647,0.18415741769313865,0.005722594676971859,-0.18335541934458544,0.006387276804041121,0.8441193201234363
wsj,wsj_2308,1024,0.6368159203980099,0.5033620092514567,0.010197986164071748,0.23880868351035556,-0.04988890575905458,0.13864654638821428,0.11057564559701016,0.06006213989023034,-0.021513034798495312,0.023804772807935873,-0.2276253615852264,0.012347246978771475,-0.17028276895337502,0.005315693169982198,-0.25412376325148944,0.011861808435858993,1.3281218493187046
wsj,wsj_2314,1024,0.10945273631840796,0.493397040299071,-0.01530694445687475,0.22117751749458764,-0.1078566661677951,0.12626897995692024,0.017867593116291047,0.09217007543080735,0.401372055251656,0.022326329379411675,-0.3259794975373502,0.012763638214426793,-0.15193336288844694,0.013633808754300541,0.6746796143953873,0.011496480510617423,1.3219855778555374
wsj,wsj_2330,1024,0.8208955223880597,0.492986957097879,-0.010804352253077631,0.2532427022931029,0.016224854599884875,0.126914605279197,0.005852852215674442,0.06077947726817841,-0.01235479055583788,0.04339567587455423,0.3408652203668474,0.010241560957050668,-0.2941013413794922,0.006566617611228421,0.02971793065651429,0.0016050138402614344,-0.6383682527437884
wsj,wsj_2331,1024,0.07462686567164178,0.4564208472093018,-0.08928150657930001,0.2314684415110349,-0.06718663074116771,0.1268893074417341,0.03403265847160242,0.08887968720063158,0.3343800396374137,0.04805941099418114,0.44750599633885546,0.023697136943142988,0.45814355082556,0.011403942393911733,0.49317402373512653,0.006674606702705777,0.7106828687693856
wsj,wsj_2337,1024,0.04477611940298507,0.45401225253429994,-0.09852780442831754,0.26086864172042357,0.04833850945560947,0.1157918188804384,-0.07712330431167702,0.05661204359188511,-0.08303458492485083,0.01724798294840094,-0.5297592635135437,0.02668859999792267,0.6196772202298768,0.02239254858251686,1.1941574493694467,0.006943062333382306,0.8821777278083305
wsj,wsj_2341,1024,0.004975124378109453,0.4017304295685321,-0.21856338666760233,0.2846349970190262,0.1433241467912021,0.11712085926744144,-0.06958161360841819,0.09161515901122416,0.40694339849325933,0.03638185590772182,0.14358258695359227,0.03525247002363957,0.8941202866819022,0.009659354118369686,0.3730712838605337,0.00520637476561672,0.5088438678140292
wsj,wsj_2343,1024,0.5323383084577115,0.48639493553128677,-0.029197826592196385,0.27834153875720424,0.10388990957278699,0.10997251364385274,-0.1177186973046278,0.0627908564272672,0.03671518545135388,0.022480884944284595,-0.2991109709250881,0.014026047878439224,0.042679022684155576,0.0072376553461068385,0.032960950621522045,0.009668088486806323,1.2158034956265542
wsj,wsj_2351,1024,0.47761194029850745,0.4902564517908893,-0.01880345948207851,0.23132108705254592,-0.07474014962179032,0.14681734828342877,0.1697019458795337,0.05830788837232076,-0.04998435551171898,0.025870767978499746,-0.15292379962254765,0.022740194735178562,0.42858613542948154,0.014829821746306274,0.7486530346926035,0.003540942314631476,0.16935543833247735
wsj,wsj_2358,1024,0.009950248756218905,0.434936226136609,-0.13892397550360547,0.24810549830356898,-0.013447223593238133,0.12720731744516847,0.04438660064020361,0.09978587736887604,0.48826342743028395,0.04027631031879152,0.29313361177547215,0.023520397570960944,0.4731711951442925,0.012195278419684465,0.5103709611180074,0.007577386216780182,0.9306051772201283
wsj,wsj_2361,1024,0.8507462686567164,0.48673496147339956,-0.029011544014170276,0.24539589644381105,-0.013370405358920756,0.1383438317270101,0.10356028775550241,0.05282349555982102,-0.15061373392623967,0.03167873835562709,0.06774243330071128,0.015636230291138815,0.0974283599921062,0.007235242829339341,0.07883762015028228,0.009262399474849168,1.163266722891878
wsj,wsj_2365,1024,0.8258706467661692,0.48732226728592215,-0.021112356793329234,0.2449974438974567,-0.021651349153923638,0.1255306523831905,0.006429391676106899,0.06592012674894066,0.08580628925452638,0.03118830255555634,0.009621224060520905,0.015991141868543376,0.11735763669771071,0.017168121902599996,0.8480963761309042,0.001418946874057159,-0.7536595486796358
wsj,wsj_2366,1024,0.009950248756218905,0.4260001376721404,-0.1609488809205326,0.2547412208232415,0.031241583985997634,0.12171110349612776,-0.028317131672797924,0.06458087170592167,0.04832475300967376,0.044380603325392454,0.36270995931850747,0.02515173406941179,0.5476229529882448,0.01794929149873147,0.9907325258608823,0.015543335789492237,1.6083204471209438
wsj,wsj_2369,1024,0.11442786069651742,0.4837569300826501,-0.035371005057090454,0.2817604123829196,0.12902689511863152,0.12444123140976737,-0.00321588136987927,0.05771937244074281,-0.05204230820312583,0.03431274079718911,0.14779160566823402,0.0059534896386219,-0.9527873602754351,0.0060074928949024695,-0.15623999330634497,0.004529394564794026,0.476762323796061
wsj,wsj_2372,1024,0.004975124378109453,0.44619442616662136,-0.11273795042250179,0.23416473207562033,-0.054871396546778195,0.1033158492931451,-0.17864621905368194,0.11104236620466876,0.5686730101155986,0.03800854169275406,0.2202772498032748,0.0505996899344046,1.2459771604489327,0.001387492913491148,-1.6146410019105932,0.0036929617575560524,0.15509138162621827
wsj,wsj_2376,1024,0.30845771144278605,0.48385879400498066,-0.03613002289042133,0.24832196510758864,0.0014113587383017823,0.1257034329273394,0.015923891815924573,0.052163317382484496,-0.15499614087663893,0.027788339544925312,-0.0677938760429142,0.02231546151613084,0.3728049164534659,0.01781521390565461,0.8978177258885456,0.012692682039351949,1.4440398790182245
wsj,wsj_2377,1024,0.15422885572139303,0.4711016292991913,-0.05805913465236323,0.22102927323860574,-0.11584232145269469,0.1305258922386921,0.041342270013054794,0.06722046790880187,0.08843743676755622,0.043693168805110524,0.36193362656252814,0.009423360406935418,-0.46109545200811475,0.01342592421118384,0.6889116302596783,0.009250641205974384,1.0558276787691199
wsj,wsj_2379,1024,0.06467661691542288,0.4410834743536114,-0.12328349856915322,0.24941450885136757,-0.00457775045243336,0.1680399312802301,0.3036662302491415,0.05890913585814764,-0.05337477308594529,0.03190901125997975,0.08499279602736376,0.019897993265570357,0.31090108410030526,0.012437100253533229,0.6380601752685511,0.005559768704807034,0.630633497525352
wsj,wsj_2381,1024,0.6716417910447762,0.5127917416498211,0.028734046351898024,0.23694556434602984,-0.0459602621369386,0.14047071325778338,0.11882379845816082,0.04975752316136375,-0.23958189079431724,0.030249198986754693,-0.015431881367219624,0.018767245896828655,0.24577031645255554,0.005343121894109585,-0.23478216397923557,0.0016741788827181717,-0.6017003929402316
wsj,wsj_2384,1024,0.9253731343283582,0.498069866785364,-0.0035621498135174345,0.24336204717061982,-0.01967185382655412,0.12353330719249847,-0.01431245592545105,0.05815078722709262,-0.056947419134171895,0.02727815082546965,-0.09037716524238437,0.0197892223026465,0.2728879336582919,0.007964271191113488,0.15924297457527015,0.008983007750971475,1.1731947434454275
wsj,wsj_2386,1024,0.05970149253731343,0.43967423189877575,-0.1313977796081034,0.29849926972238283,0.1837395384320224,0.1392150818252691,0.1224431172625462,0.07311099647426389,0.16364320863808235,0.02693136406914165,-0.12583511470654285,0.012487915543678325,-0.10723877031763696,0.006939856096084341,0.022552604132876297,0.0010584526086542332,-1.0101117537081157
wsj,wsj_2387,1024,0.17412935323383086,0.47974879618239763,-0.03639306275320375,0.24716197858929825,-0.014369169526735837,0.15399605595266905,0.2143335506307158,0.0642876761838221,0.03654945057341008,0.02175951734181508,-0.33974489112770145,0.009418038541594006,-0.38762668584120075,0.003947192395855694,-0.5450171479010733,0.014055942383757982,1.521890268368379
wsj,wsj_2397,1024,0.6368159203980099,0.4858890628021283,-0.028273970057956954,0.2510005143113232,0.013913187742205624,0.1298010035464534,0.044416595848624674,0.06413134016833852,0.037063976087502226,0.02361962853862979,-0.2733930312869668,0.014169468341316657,-0.07263976356672952,0.015661967892446362,0.8397573277433619,0.008138338638138927,0.957173062637172
wsj,wsj_2398,1024,0.03482587064676617,0.4432559991665611,-0.11944345735687267,0.25464870342586005,0.017086551172855735,0.14349297136793637,0.14957623154534483,0.049989945024233276,-0.20144603880839318,0.039556717613789545,0.2582945061926387,0.021887580933958636,0.4099611396454059,0.021864753955238975,1.1746897146475281,0.0087245289848516,1.1113715503055879
wsj,wsj_2402,1024,0.6368159203980099,0.5298745627666057,0.057268990241350015,0.229763300131308,-0.08005106339917689,0.1178407557617317,-0.05274131921137082,0.06751600253748234,0.11176602391524026,0.02148723829172415,-0.34648885174727395,0.013317264254849805,-0.13721543856425722,0.009802338565686134,0.35668206139230474,0.0038014844313483433,0.22696189151374124
wsj,wsj_2406,1024,0.5771144278606966,0.4822585490741036,-0.03314344710772299,0.26558463913444214,0.06159391269921022,0.11102518743007941,-0.12017380003297706,0.06996779653472468,0.11689875694279639,0.04270774287017031,0.34236155423918246,0.015364620205136716,0.10275397308095258,0.010693142964210797,0.4259960478932605,0.0013728102602505198,-0.6899104007722769
wsj,wsj_2407,1024,0.46766169154228854,0.5205916358574445,0.04246903246778033,0.22692031304364224,-0.09836571138077743,0.13118261317744512,0.05741862312170376,0.05936889773104133,-0.027023950099263505,0.027598926386949357,-0.08129105076256726,0.018785540652602024,0.2188679122278474,0.012811209189563851,0.6236226607736599,0.0008120471383157349,-1.3334777891537275
wsj,wsj_2412,1024,0.09950248756218906,0.45299321959448513,-0.09630135196580192,0.25965913823527903,0.03392370168075054,0.1598325250375519,0.26565056819633037,0.06250865710982574,0.01798332981684636,0.027305581246678385,-0.13574565512902348,0.012277185356563304,-0.18736335628105039,0.008905820732690823,0.25501857476969825,0.010263454206429004,1.2270835437179954
wsj,wsj_2413,1024,0.25870646766169153,0.47879119256783503,-0.04241493887785197,0.2352386967262121,-0.055573266253803766,0.11660981306758808,-0.0644733768951018,0.07272603669947947,0.16146667023492212,0.04787612472237496,0.4580535603192639,0.023081672468661267,0.4228065281052751,0.014609510555585199,0.784195213919098,0.002925946386237375,-0.032985438182670634
wsj,wsj_2415,1024,0.472636815920398,0.5083756686264197,0.016329410657189958,0.2549556269091304,0.019246769358772564,0.11329373042152761,-0.08708951821844924,0.06356234258987602,0.03407523746304886,0.02850749602419978,-0.048723824396826654,0.02051247043510427,0.3615825934532957,0.0019875385912669014,-1.258440279345062,0.0034795960115415426,0.18404245824368104
wsj,wsj_2417,1024,0.8606965174129353,0.480232614310683,-0.04653619007689502,0.24665943645206095,-0.001396613253822565,0.14478707202061683,0.14616620578163908,0.06237808918983973,0.012640763018019197,0.02955521219414641,0.020910152255781078,0.0193594730007498,0.28238728017944714,0.006825171809435466,0.04150185224094649,0.0031644728631724304,0.0924986116728137
wsj,wsj_2418,1024,0.2537313432835821,0.47624069881500875,-0.04889622562365237,0.24852073130288288,-0.007777425029457552,0.11200291869979677,-0.09229041862740495,0.06308833436613707,0.028856798256029492,0.05291918142525945,0.5401117506659006,0.012956605232899017,-0.06805880009488074,0.006457545662981333,-0.07162269774586871,0.016164246590331607,1.7416586564076377
wsj,wsj_2428,1024,0.5771144278606966,0.48550868335829284,-0.029491922265518333,0.2306445236861812,-0.07054370913256003,0.1412887079576647,0.11492335812671395,0.07024952582934207,0.12163813339732998,0.030392277014743178,0.03428358398026354,0.01440215503682416,-0.042186785745494504,0.003510363489283134,-0.641635801757972,0.0009817635903655911,-1.0757505174665187
wsj,wsj_2431,1024,0.22388059701492538,0.4746735269278224,-0.04858537908674421,0.24561683440393262,-0.015292297148496115,0.1135402810391011,-0.09043553658580716,0.07956238030547197,0.26840081528448234,0.030655323256326396,0.013687248416664133,0.025766935617747504,0.5196437633611062,0.012079196818498087,0.496489615440872,0.015534968838971503,1.58900985470932
wsj,wsj_2433,1024,0.17412935323383086,0.5083464420583524,0.017063238244939827,0.20646648016063585,-0.18733522526147195,0.12039730244091978,-0.02239412302339172,0.0731671339955867,0.17213978318766499,0.04060419177113834,0.2661970509714866,0.01707079150544126,0.13407084438602546,0.017788101287148854,0.8995367013626874,0.007197093499297326,0.934299168657807
wsj,wsj_2443,1024,0.03482587064676617,0.5228939257337575,0.04177577887189665,0.2218041269185307,-0.11612054244571457,0.08528721516762212,-0.3691358963476046,0.07459954042883517,0.19338969250226334,0.04290937597714993,0.35876434640802835,0.020795178461596436,0.39752200438389007,0.019882258639023737,1.0947058753568215,0.00266872202755435,-0.07044096645954045
wsj,wsj_2444,1024,0.4079601990049751,0.47134339195129993,-0.05286420090771149,0.2502790435465284,-0.004426643028750288,0.1298268238133963,0.05370832734690856,0.0873796032567426,0.3359761909085637,0.02917891427897384,-0.03825921218349748,0.015576896997986233,0.05625010705187439,0.014033564622818306,0.6319737001944059,0.0015838704692175598,-0.6438783452976828
wsj,wsj_2446,1024,0.5522388059701493,0.4816065627304472,-0.03413421998641708,0.26214513614678614,0.05392890802409811,0.11582467644912003,-0.08666548847683009,0.07938291341983349,0.2720241047124925,0.025862392740113975,-0.17330082976543526,0.01409479173663139,-0.0902928462871122,0.013576853043335304,0.6336199249393326,0.006453466135029793,0.8127185586641126
wsj,wsj_2448,1024,0.18407960199004975,0.4660147938008144,-0.06961410072310426,0.26737083814872964,0.07465920183404595,0.12568151410904277,0.010083217034383196,0.08076999615008554,0.26163603186625783,0.020065659101699808,-0.42270250484274907,0.01398820452609664,-0.042118030556767216,0.007523531040725062,0.1191937272248147,0.011599044168444846,1.3352290404311278
wsj,wsj_2451,1024,0.6915422885572139,0.4932491798127391,-0.015692355936091196,0.26508103170073455,0.05777481287059083,0.1346512653124915,0.09294373056270588,0.05953623769680705,-0.03655597936551169,0.024303491495222446,-0.20885650101964348,0.013801321100679323,-0.09596218820725966,0.004516748246928019,-0.330443279560968,0.0007202367426155107,-1.323024376243322
wsj,wsj_2454,1024,0.3383084577114428,0.5099965138581686,0.020722465675108936,0.2147763398852139,-0.14930292662668698,0.13910647216782715,0.1124590980477227,0.06645000253026187,0.07195241084780957,0.0336379781614448,0.11269264510782762,0.022999545189405238,0.48970372227801784,0.007858352791566686,0.1532413511004389,0.0011167232888141462,-0.9813784573589199
